id,marketCap,horizonPoC,horizonMD,horizonNoVolumes,horizonVolumes,esHistInno30D-ArcanistLiquidity,esHistInno30D-Arcanist,esHistInno30D-Recco
bcb8fbf0-4267-4817-a3be-c544c1efa00f,2353262939.453100,9,0,15,5,,,0.536519
cedb6b04-7f30-4179-b0cb-e34d2d1c6fc0,83215370.178200,30,0,15,26,,,0.291103
e471db25-62cb-4955-a622-0af66b642b73,4875811.594800,30,0,15,30,,,0.407324
313a06cb-0f4f-485d-8415-f9963092907d,10182309570.312500,0,0,15,4,,,0.181250
3a616ff3-2e7e-4849-a730-0091aa62c8a7,637776794.433600,17,0,15,11,,,0.518114
7b759c25-17eb-491f-a059-ab8f668bbcfe,80999572.753900,30,0,15,24,,,0.359468
a161a5de-2944-4d8d-a922-f6c756a61cd6,4338004583.143200,5,0,15,13,,,0.284840
115fa166-71eb-41ab-b3dd-74a291a665fd,2001649463.296200,10,0,15,23,,,0.216009
242e0c6f-c90f-46de-a8f1-92da982c44af,3751941466.776900,6,0,15,14,,,0.242741
4d2edcb3-b8de-438b-9de1-e0f511a6da22,72554942.238300,30,0,15,30,,,0.368004
3490f3b7-db2e-4584-9336-52ff5a2f2ef7,10411461.880100,30,0,15,30,,,0.680391
85961c58-3b6b-485f-b451-8c36ad774356,2804494628.906300,8,0,15,10,,,0.230749
97e6221c-ec9d-4029-9abe-bf1463d04cc2,59136285156.250000,0,0,15,0,,,0.191778
8c93c6f2-c525-4181-8001-89604136321e,2316977566.173800,9,0,15,26,,,
1fa9741a-7609-407d-b28c-b755e861ffe8,455563501.525900,20,0,15,30,,,0.208703
545cd821-e1fa-4dbb-aed4-54530d4fa572,,,0,15,26,,,0.238469
c6f2553e-9e04-4701-ac78-0c9ee9f17168,377967523.470600,21,0,15,20,,,0.623543
fefefffb-70e8-4f46-847c-6682f68630c3,63049363.308000,30,0,15,30,,,0.577284
f396869d-86bf-48ef-9546-ac50d5de5e5c,3792425368.170200,6,0,15,20,,,0.450321
f3481191-573c-4cb1-af94-bcf2c3a1a0ed,93212492187.500000,0,0,15,0,,,0.280478
24a421b9-72e6-47ad-92e9-700d77409383,136439376.831100,27,0,15,28,,,0.450640
0a124ca8-7f83-4668-a7d5-e99316389a19,25401218.207300,30,0,15,30,,,1.014073
c8eb1993-efc7-462d-bab4-1064c3e4214a,761557559.160800,16,0,15,30,,,0.242717
d62e9e3d-5a2a-4be7-9160-05af98d5cc2c,652110239.360900,17,0,15,24,,,0.174046
a4f8f64a-75f8-48c7-bdee-690204c9ea9b,151231948.852500,27,0,15,19,,,0.566827
56f8641d-01ff-4f79-a56c-456c24a0856a,2348099895.718400,9,10,30,20,,,0.147578
b2e5d75a-8ca3-4c18-8174-acbf59f51ad9,30143879.997800,30,0,15,30,,,0.198418
34b7f090-77be-4d35-a9d2-9a0c0dec05a5,6587521765.466100,2,0,15,7,,,0.121333
d3e814d1-984c-456d-841e-354c34b6888e,44657914.948000,30,0,15,30,,,0.194156
3dc396c5-a5b8-4dbc-b7b7-098f82f07968,433443516.995600,20,0,15,24,,,0.581980
8dc8e35f-fe41-4b8f-85a5-1be321cdc541,547797749.535000,18,0,15,27,,,0.397405
2ddf3e58-c3f5-4507-8c1a-8ed781f8f122,20825670.468800,30,0,15,30,,,0.665041
c546500d-19f9-49a5-b335-2a00e1828702,100339713041.143997,0,0,15,0,,,0.322001
c5be1e9a-3054-4e24-9fd3-9460aacbb08c,7851340.402100,30,0,15,30,,,1.362518
232b911f-bc63-47bd-aba5-28e7d8c9c724,25440739.232700,30,0,15,30,,,0.075815
58d2089c-9a96-466e-84da-0c77f441b0b0,5719462874.314799,3,0,15,15,,,0.525378
527ee719-8fd0-4525-bcd4-a8a6b753b8df,1009921019.551800,14,0,15,27,,,0.158103
8fbebf05-de21-4a85-b10f-a11de29a319b,2267492.055900,30,0,15,29,,,0.901411
7dee3bae-4298-4add-9dfd-5deb65ad02b3,1515944946.289100,12,0,15,14,,,0.533561
3d998067-87ff-4bc4-bac5-915cae3e44a2,12953569619.036800,0,0,15,9,,,0.211891
33de801a-7754-4789-b3da-2065cb3bbf03,385517140.770100,21,0,15,24,,,0.224192
310ff199-719b-460b-871e-fceed2653b9f,108668546.515600,29,0,15,30,,,0.773262
825a90ae-5e92-4451-aae9-5d213ed36fed,1107513861.838700,14,10,30,20,,,0.320412
bffdb0c2-4a7e-44f0-a974-e9a91c0a1809,10538010742.187500,0,0,15,2,,,0.161841
5e26e460-d17f-4a98-872f-50c062ac8bc4,328241852.851900,22,0,15,19,,,0.262264
c8b30ddc-5f47-4be2-9f40-27e742dffaf7,5190474361.864200,4,0,15,13,,,0.256524
4c4182f8-d423-485a-87d3-949f10dc52b7,448196621.029000,20,0,15,21,,,0.459248
da84760a-4cae-4ff7-a9cb-9d7d5b080d28,359623397.975400,21,0,15,19,,,0.356770
a3a42ee1-dabe-49fa-ac3b-51c70b46c724,3592534524.556200,6,0,15,20,,,0.260285
17199bbf-b261-43b3-a368-f99746af0d04,8850183305.568901,0,0,15,18,,,0.348926
640559a6-32d0-4231-aee4-db2e6c5b35f1,15828808.248600,30,0,15,30,,,0.458763
2804baad-edb7-4136-b8da-04ea628c3f43,1926497299.301700,10,0,15,18,,,0.323976
9b37879d-5aca-4e61-8dc9-4f201ad8e950,63945646.745100,30,0,15,30,,,0.453145
315f029a-b149-4a26-8ad7-68ac52ad7eed,8627680211.044601,0,0,15,11,,,0.192308
b98dab50-7272-4136-b824-d46effec83dc,143193361.281600,27,0,15,22,,,0.585044
1de32d95-3bc4-48dc-86f3-bc41ab908fec,329381516.803800,22,0,15,29,,,0.236739
41e5a3d3-4a20-4300-85af-0283c0ecdeb8,11681696.082700,30,0,15,30,,,0.509123
ef7cbc98-1fbc-4639-bdd7-ecabd736f453,40747319.568000,30,0,15,30,,,0.633877
69a8c3a7-703d-41ea-a6a2-a19da87db814,5122853328.800200,4,0,15,30,,,0.173501
a8739386-6309-4d20-b059-f58456185eb6,27371089924.717800,0,0,15,7,,,0.361225
ebb1c222-7c8c-48d3-9a94-f86586a1cb16,61517075088.123703,0,0,15,0,,,0.350534
cfee5e6a-f2cd-428f-ac1b-1576ebc10176,1191305090.822200,13,0,15,22,,,0.184602
360fa861-d3b3-4868-a2f3-2f5037e55217,4187700799.344900,5,10,30,10,,,0.290173
8ee58c5b-9d38-447a-9745-6d28ce8f1956,26244371226.774097,0,0,15,8,,,0.155539
5acdc11f-3423-4b26-8640-3daed2021cbf,1085678797.398400,14,0,15,25,,,0.218833
173c718a-3b55-4a62-8287-5eef2cfc1328,107680390625.000000,0,0,15,0,,,0.232485
6037efdf-7423-4e41-943f-cdff8cbe9fc8,6868524.074600,30,0,15,30,,,0.495984
62bc359a-fc6b-4690-901b-a3903f4c0317,310642272.949200,22,0,15,18,,,0.693246
f373e1bf-23de-49cd-a47c-ceec26600df1,400666196.544100,20,0,15,30,,,0.262855
09390dbf-dc8d-4caa-81ae-a93494362891,646.167400,30,0,15,30,,,1.407142
6a626c2c-33ca-43bb-9638-3ab07a758c0b,17112297032.515501,0,0,15,3,,,0.233691
e0c3f1a8-5553-44ff-bfff-0b6b1ad9edb9,26402443.801400,30,0,15,30,,,1.123226
666c7720-6a24-4c7e-8d67-ac313f7974b6,797733774.147000,16,0,15,23,,,0.184567
c234ea75-cb64-408b-98f7-0a72ef5cb108,45961123670.356499,0,0,15,4,,,0.136950
ac280985-f102-4fc6-92ba-1e16be77d916,1036756980.787500,14,0,15,23,,,0.263291
de7a2cff-a5d4-4c69-a151-f4777f68c164,17106788507.619501,0,0,15,8,,,0.165874
acf93fbf-d6ad-48a9-acf3-38fae5e5da41,594196960.449200,18,0,15,15,,,0.299719
38126d31-109c-482e-9e02-f9313ad0b773,5313979003.906300,4,0,15,0,,,0.327817
f994c9db-5bef-4fcb-845b-2e0b9bbfd69d,24715775856.542099,0,0,15,9,,,0.256429
90c76f17-1ab1-48a3-b8d7-8c79f0bdf357,34447172284.410103,0,0,15,8,,,0.157936
bcdd86c7-dabf-4b2f-a45e-cac00f02e276,2116389068.179000,10,0,15,23,,,0.188827
e9863ae1-e16c-435a-ba19-2fd92dd1bf17,2165044844.445900,9,0,15,26,,,0.351283
1c22b9d9-5d4c-46e8-b2ab-4371964227d9,3343172365.249700,7,0,15,7,,,0.232959
a6c5a893-33d8-4f7e-973f-99b348674f8e,533033935.546900,19,0,15,15,,,0.340317
1ce30987-9ebb-4f89-b75a-3e80d984501c,148656968.360000,27,0,15,30,,,0.371471
07bffd7a-2387-4b00-a611-35677c069b7a,473253631.591800,19,0,15,14,,,0.307234
635f9461-a929-4929-891a-f15eeb5fc651,1504890380.859400,12,0,15,10,,,0.164860
6e249c8d-3b82-4d00-bb1b-93a1c7a02509,663770189.981500,17,0,15,29,,,0.172519
214484a0-c9b1-4ebd-9d98-ecb12cf77c96,2024015488.187200,10,0,15,21,,,0.106792
94a80c42-b59b-460f-8c4e-818d406ff49e,2435130528.453500,9,0,15,14,,,0.109300
b4a8ad36-5e0d-4827-baf6-6ecb2053d165,147190082.719800,27,0,15,30,,,0.783300
d64afe9f-b5b0-4f75-b7e0-ec7da3befc2f,6632059082.031300,2,0,15,4,,,0.165261
ae151fb5-1a64-4185-b70b-db0c9c6ab7d8,53791222.154800,30,0,15,30,,,0.278655
09e60069-8d1a-48e4-b039-f08ce5790282,121831481.933600,28,0,15,24,,,0.843404
49e7f902-775c-437d-bc08-5de9c4b4346c,12428729780.260401,0,0,15,1,,,0.293984
8125001c-5c1a-43ac-92bb-e81095fc993a,110116281250.000000,0,0,15,0,,,0.133447
bb983a11-537d-4867-95f0-a7b5ac370389,1947947470.060600,10,10,30,30,,,0.403708
d226c7d3-d91c-40ab-9442-e668d2f11d18,211225097551.522003,0,0,15,0,,,0.169019
eef6ee29-095b-434a-95b8-a7cacbc07a9f,545847975.141300,18,0,15,20,,,0.205301
12e2c956-71a6-4383-b3d9-d85c71d589f4,64176761718.750000,0,0,15,0,,,0.157072
1fa0f4c3-ecdd-4403-b973-af98e34f1310,5847572.879400,30,0,15,30,,,0.567255
9285aab8-1365-4a75-bec2-27b906b1341c,20647615054.096298,0,0,15,3,,,0.191321
db5cba52-af7c-4847-93c4-fbbbf8d44e0c,886794892.552400,15,0,15,30,,,0.097768
b57fe957-1bfc-4bea-9aa5-119d8a0f7f3a,20321933593.750000,0,0,15,0,,,0.256495
78202fc3-39e0-4b2b-ae67-b3b16fcc0a17,12642223632.812500,0,0,15,4,,,0.126804
6f3b563b-7f79-411c-8be8-66f59c521b08,18641890625.000000,0,0,15,1,,,0.216222
d07c2a47-a3eb-4523-bd4f-bc9a261a4f2a,3129301804.829800,7,0,15,14,,,0.429259
1c8fa27c-15fa-4ed6-a4b2-2458f84ef859,135982087.803900,27,0,15,30,,,0.293348
801e029e-be7a-45e1-b674-aee6d620d39b,1152124847.545000,14,0,15,20,,,0.269220
aee02407-9d3e-4d13-826c-015743773020,14158107.152200,30,0,15,30,,,0.508002
1ad68c12-c742-4069-9fe3-5eab7a79657d,19622468750.000000,0,0,15,3,,,0.119305
3172fd0a-4c76-4863-9853-b5db19c3b607,1484529545.939800,12,0,15,24,,,0.088261
edf5d734-2e07-49c2-8bf6-e2657097585d,7644618652.343800,1,0,15,0,,,0.420111
78c4ced7-d4e5-4128-b358-aa174e7ea7f4,1634356082.059300,11,0,15,19,,,0.298662
4d662ad1-e3d9-489f-89bb-4aa08ee2182d,8752670317.500700,0,0,15,7,,,0.176842
31335a47-467f-4446-9a9e-0cd4e0e9cfab,189593231.201200,25,0,15,23,,,0.508914
816d18a8-b9ca-4f19-b10b-b9ca47116335,1684068389.114500,11,0,15,19,,,0.232212
8dcdd05a-0b88-4354-a0d2-c4e457d17e90,1209623817.470200,13,0,15,25,,,0.272457
aa480387-d8f3-4b15-9897-c54d6f8e6b01,11897857302.275999,0,0,15,8,,,0.176796
530fef39-9ccb-4e2e-90b1-fe70de0d72ca,,,0,15,22,,,0.332369
bc7a9cc8-e4f8-403b-b613-7a1009c68325,51676693.814300,30,0,15,29,,,0.392416
145764d3-7d3b-4587-908f-94cabd69de17,60332815.005300,30,0,15,30,,,0.209449
53ca45b9-6d1f-40c8-8880-b4c6e976626e,8777545898.437500,0,0,15,4,,,0.402676
4ca86c72-8f59-4d16-9742-2a24490eb428,22931750000.000000,0,0,15,0,,,0.253311
16613f03-cd1c-467e-bcc5-9ddeb73d3ab1,48281258325.515800,0,0,15,3,,,0.070989
22da6ed0-26df-4a26-a52f-d160788f4f0f,4598560.231900,30,0,15,30,,,0.554305
df010f63-457d-4a07-b1ee-1b9161032c33,2315508789.062500,9,0,15,10,,,0.223952
b9e9537c-ffc3-4562-bfd9-065f52a8fcf4,2150941934.536100,10,0,15,16,,,0.335773
41884832-4499-4784-af36-3a745dd9574e,114035367.525100,29,0,15,30,,,0.803267
394bf507-c985-4c7c-ad57-c2ae73b5d6b2,46017333841.789795,0,0,15,3,,,0.149787
5950c8c3-a0f9-40df-8849-a4f647bf400d,3966365.241500,30,0,15,30,,,0.649440
5cc05471-ef62-446b-b692-a9e86a28fe22,137825023161.617004,0,0,15,0,,,0.292960
be95e0b9-2db3-4d9f-9777-099f327ab906,9164959.151000,30,0,15,30,,,1.024441
daca6b6e-5e44-42a0-9d90-359f9c5a33cc,6499481787.118999,2,0,15,13,,,0.357502
c6676483-a4d0-4e99-b730-a746590b1126,12095868658.228201,0,0,15,9,,,0.468476
9e205838-0bf7-4dfa-9801-1db5d29a5e82,30523310.786600,30,0,15,30,,,0.329247
d3d44b33-ee1a-4748-81fc-836d649415b7,5296481991.065700,4,0,15,9,,,0.090111
5d86c9d0-8c86-47d1-8ccc-5d5c4bbd1100,219129579.398300,24,0,15,27,,,0.319781
0dac26d9-03c0-41c1-819e-d59eac47640d,31514585093.493500,0,0,15,3,,,0.086161
1ebae64b-e02c-4f2e-8c65-32048189b96d,61940292.843300,30,0,15,30,,,0.931926
d6eac6df-6290-48e2-857b-d838d10b2007,34769036052.516403,0,0,15,8,,,0.164314
aad831c2-f447-42b6-bafb-328b6d3074e0,519800978.422200,19,0,15,27,,,0.174697
3102627c-026f-41b2-bd05-a08dae26003a,271106807624.558990,0,0,15,0,,,0.270800
02273ab9-e315-46b2-a0e2-ecd7d4cc7246,1141141244.212600,14,0,15,29,,,0.452331
dd30b646-7eb4-4e0e-a084-edab057e73c5,378554382.225900,21,0,15,25,,,0.300720
234a4f73-8a27-4967-8ba9-424e1423b363,31692087048.651398,0,0,15,4,,,0.097266
ad5d979f-1364-4e05-8adf-690c481c2b22,240001068.115200,24,0,15,18,,,0.590343
7b27a73b-1717-40fb-8f62-2a7be7450b7f,11430348650.784101,0,0,15,10,,,0.120515
7617f31e-fa18-4b3c-9687-ac4cd513ed6d,3260794674.435900,7,0,15,13,,,0.253196
bde0b0a6-54f2-4d43-a3f1-399b9adaba32,2531464599.609400,8,0,15,7,,,0.324420
5e203ca7-54fb-43ba-968a-0b4fcaaf6236,9679982762.864599,0,0,15,13,,,0.556587
169c5ee8-bfaf-4c28-ae58-848a64ae33f7,316389161.813100,22,0,15,29,,,0.200335
1cd64a2b-c810-49ed-9c5b-b52373ee4f38,1462322.227200,30,0,15,30,,,0.639786
4eab1ca0-1d83-4bf0-a88f-d4dfb99b20b3,,,0,,,,,
501aafa7-22ea-47c8-af1d-77718d8d3c86,3843393838.433300,6,0,15,13,,,0.226381
1e316987-6b14-415a-bdc7-3931abdf4b17,5825210.849400,30,0,15,30,,,1.168424
28d2efbe-1f38-4473-9eaf-7b16e7319fec,6261790203.155100,3,0,15,14,,,0.182555
a7b6bb5c-e46c-450b-b8fd-ad7860c4b2e8,355640380.859400,21,0,15,19,,,0.798731
3d889fd6-8faf-4f9a-88ff-577daebd49ea,5330314453.125000,4,0,15,8,,,0.153696
87a94b71-7189-41a4-a580-21718128f216,64003417.924500,30,0,15,30,,,0.347571
7cb2717d-2260-4092-9f0b-a6f1e613cffb,3297059392.517200,7,0,15,13,,,0.200680
c9c8e207-27ee-4a26-aaa6-2d34b55c7f23,5549487094.469200,3,0,15,12,,,0.253561
8b9a5001-508b-4101-9ff5-3913f4e62d9b,120365156250.000000,0,0,15,0,,,0.162119
cf33fdd3-c477-409b-86fa-f7acaebcd669,67324942.357700,30,0,15,25,,,0.972795
c046ee9c-ea3d-4d79-8eb5-ea0613851f55,1656080266.121700,11,0,15,24,,,0.180902
d47049b1-78ab-4bda-b0c4-88854c77d4b6,22644142.995200,30,0,15,28,,,0.517393
6e3bdf32-e72f-4377-961a-e8b912b7b968,2520015193.327300,8,0,15,19,,,0.179305
3a553b46-7f41-41a1-8fa2-e7f2186a7012,1877306000.661100,10,0,15,19,,,0.151624
3f35d23d-cf2d-4281-9ba9-919c3b62872b,18343160156.250000,0,0,15,3,,,0.161588
6d0f16ab-01ca-4052-ba35-5cd9f7b7e05b,571864226.552700,18,0,15,23,,,0.246633
a95845f9-808b-4b64-b699-c9735d44f443,264775161.208100,23,0,15,24,,,0.237066
6f9ec4a8-7780-4fbf-b5a6-4363a0372b56,985007385.253900,15,0,15,15,,,0.200767
fb0a44e4-4e14-404b-a074-ec2df258d7f7,1663516335.977900,11,0,15,18,,,0.351793
36bf5bb3-623c-4d7d-a184-7d0245ee3708,7853537597.656300,1,0,15,5,,,0.151104
cd851081-3c7e-4159-883d-9e513aa614db,34085472656.250000,0,0,15,1,,,0.100740
fb6ff853-a148-46e7-8fc6-0960674de802,942403596.330300,15,0,15,20,,,0.148229
db4bc019-61a9-408e-8032-164527e05440,1316289605.688400,13,0,15,26,,,0.177724
6e28442f-b595-4a6a-8ee4-fbdb495cdd09,12744397460.937500,0,0,15,1,,,0.156155
b57d0e0c-2f39-42b9-91c4-663deec3ee29,1036539853.065100,14,0,15,23,,,0.281949
a1c1c8c8-af58-4e38-b2c7-f43a5867b8d3,768509071.941900,16,0,15,25,,,0.256470
cfe0f485-83cd-45a4-afa3-470332895620,2109727.426400,30,0,15,30,,,1.414208
86ef4e1f-b648-4dc9-bb27-d2d50f5c57f2,15792016601.562500,0,0,15,1,,,0.145592
fba80702-3aee-4756-8654-b2905b61b84f,2663800191.396400,8,0,15,23,,,0.360944
4185eef6-6efb-46d2-8792-3df13af11edc,1353152832.031300,13,0,15,12,,,0.628722
70619540-1bbc-48d7-8b31-b140b97508a0,1235175903.320300,13,0,15,9,,,0.340212
6cca63ce-feae-44e7-9e9a-e867aef084cd,126777786.794300,28,0,15,30,,,0.426401
0d07a6bd-58ef-46da-9271-d98a5bc748a2,364239483.892700,21,0,15,30,,,0.125661
9596f2a0-a3f7-40c1-8b62-9059e0be5806,567040468.335500,18,0,15,20,,,0.463297
f7b9ebe9-70e8-464c-b161-b0da0132a691,39455115.782200,30,0,15,30,,,0.329566
7929a12b-2019-4b13-99b2-fae9747f53cd,546891641.543800,18,0,15,28,,,0.468238
249029dc-22af-4764-a424-7439701e8256,431084189.766300,20,10,30,29,,,0.292429
7033e886-bd12-4ff3-a52a-5719e3ef8510,9659730468.750000,0,0,15,1,,,0.210989
93457e94-36c5-4ce0-bb40-802cf3efc1f4,2722141637.475100,8,0,15,12,,,0.242842
6afd19a2-99e3-43f8-8968-cfb20326ab65,4994688.987700,30,0,15,30,,,1.161506
a665f683-9734-4a74-a36d-f5dc908ebda3,2122487092.472900,10,0,15,17,,,0.249789
ca29caa7-c072-4958-9b1f-73f6464616e7,47862081219.344101,0,0,15,4,,,0.138474
4af8b30c-f407-4594-983f-629f5c12fd13,37420891.361300,30,0,15,30,,,0.257746
a64bde8d-9a34-454c-9090-d510be5e3c07,4324291764.853400,5,0,15,11,,,0.130023
59667ee6-7f88-4994-a3c7-623212823b3f,91393860.070300,30,0,15,30,,,0.268298
67aa15ee-ced9-4a60-bbc0-d4d2745bd045,6384447863.686399,2,0,15,16,,,0.180969
1451beef-960f-486f-8faf-b0d8492478ee,5930134401.088500,3,10,30,8,,,0.285608
084ed669-0d9b-487a-a94c-65ace7b17ec4,300212491.223300,22,0,15,27,,,0.588577
2ed3e904-892d-4f2a-9d4c-c913acfaa92a,84182246.146300,30,10,30,28,,,0.347074
d3132d62-4e96-4451-8293-7ff674830ebc,11789967497.598499,0,0,15,0,,,0.244226
03ccc8bb-d8f3-4a74-b185-766539f7717b,1739533.375200,30,0,15,30,,,1.125191
e1de0f7a-9bbc-4da8-b4d4-3aae6b486197,48116755.083700,30,0,15,30,,,1.414072
b240518e-9340-4b0d-98f9-97d1a348e9bc,41323468750.000000,0,0,15,0,,,0.149047
24750ed0-5dda-4caf-9736-a0ad3145712f,238.362000,30,0,15,30,,,1.400071
ed6f5c9c-cd33-44eb-b849-7a08bdd635ca,157808443.753400,27,0,15,30,,,0.156539
e8d433b7-1c2c-4434-8243-22619ff945cc,1603552015.760100,11,0,15,11,,,0.230741
1a1eec5e-1603-4ebc-965e-39357d49f773,4150771.692900,30,10,30,30,,,0.834042
a091525a-b55f-4621-8846-2903b258e871,1385486.841200,30,0,15,30,,,1.412799
e0b47674-3049-4922-876c-9c27b675de11,156437046875.000000,0,0,15,0,,,0.116369
50a99511-2e29-40d3-a813-35b9a1a826b9,1224812988.281300,13,0,15,9,,,0.476055
203094ff-8fee-4977-a969-4934e622f0a4,17179464766.244099,0,0,15,5,,,0.349872
802cf009-5cbe-444c-925b-b729a68f2e27,99632976.809000,30,0,15,28,,,0.470545
5f6657a1-b3b7-4c91-ae62-7b5ad21f77fa,544701702.300600,18,0,15,24,,,0.098610
5778f329-5132-41f1-b22f-d90971d45a09,3084966012.420700,7,0,15,16,,,0.090672
494c92c8-aa0c-43c2-913c-611b5c974141,12898088298.118601,0,0,15,8,,,0.199299
781c6d5a-045a-461f-800f-f19ccc303248,53074245.120300,30,0,15,30,,,0.017832
25a1548b-4212-4e6a-ad10-fe83c103a5f6,733229397.368000,17,0,15,27,,,0.150471
4c81abb5-1a8b-43e9-85d8-3503d03edb61,26843480468.750000,0,0,15,0,,,0.217766
03538f03-1e43-468a-b4c6-70778eb502a2,649604199.668100,17,0,15,30,,,0.486054
bf5bcb76-6d01-4981-a632-029c95a44228,9768601562.500000,0,0,15,4,,,0.185236
41270e43-91d3-48a0-906f-98de233623c0,8250156458.576799,1,0,15,8,,,0.293351
f1be6d95-17af-4e21-ada8-d43dfd2111d2,74228086706.461197,0,0,15,2,,,0.153321
9b229e09-3097-4529-8cf8-b669dc6241b5,387750873.987300,21,0,15,26,,,0.186132
ef2b5d19-0138-4545-8e78-a52a233cdbcf,624242779.280100,18,0,15,12,,,0.360187
7f754716-eaee-43d1-934f-80fff46a7996,1398486694.335900,12,0,15,25,,,0.165978
bb124e13-41fa-431b-8027-a5502c549cad,2627434814.453100,8,0,15,10,,,0.247332
778fe380-16f1-4989-91c4-5d6669fde9bd,14829690429.687500,0,0,15,2,,,0.226522
6b4f2c09-b3a2-429b-815f-7877ddaff91f,10466228370.705500,0,0,15,14,,,0.113177
64bf51e7-b9a1-4bd4-9c3b-e8092f29c45e,28840212890.625000,0,0,15,2,,,0.127677
4f1f7e2a-b345-4287-8c20-a927c7731695,2542819512.902600,8,0,15,19,,,0.250436
1a2ecece-c7fb-4b5b-89ae-892812cb393d,3758794196.918400,6,0,15,16,,,0.157792
f2363824-5400-4dce-a7bf-242205e0aceb,4141705566.406300,5,0,15,6,,,0.187683
37dcb6b2-596f-4cae-8f33-d2fbfd81d39e,6144810109.051900,3,0,15,8,,,0.133863
55202aa8-f31f-4efb-b6de-0d58d95ff3db,52481322.853100,30,0,15,30,,,0.255699
514b1d66-235a-42ec-9c02-0d6ecf64d5be,7314692256.398400,2,0,15,0,,,0.358106
f79ddaca-e242-48a5-8234-90b00feb118f,996011775.384900,15,0,15,28,,,0.151516
c47ffd8e-2e93-45ee-8eaf-43a8e0c0dad7,3001453613.281300,7,0,15,10,,,0.218283
72c121bb-ca5d-46b9-9137-66481aa3c1f4,4139555418.088000,5,0,15,9,,,0.314208
7c103ee5-51e2-49d2-a196-5e83e2aaaeaa,246320961142.351990,0,0,15,1,,,0.200556
c4a3c0d4-331a-401a-8c22-f462b5e12a9a,2169155574.849700,9,0,15,25,,,0.455500
8b7b4c47-2771-4967-81cd-e7ccdb8ad309,380440786.549100,21,0,15,26,,,0.232574
dc45d3dd-0b74-465b-aef9-ac5024692b91,77853835475.001190,0,0,15,0,,,0.138600
c23f3143-4743-4d06-bb47-1fc2ec966b75,119174221.998200,28,0,15,28,,,0.269029
ee39f5ca-3d16-4b85-9d86-3893f3ab43a2,24644147.872900,30,10,30,30,,,0.588683
393d7991-8f71-4a37-bc35-c498cebd0a00,94045362.967100,30,0,15,28,,,0.392141
3b8d3e49-66e1-4f0f-8230-9f39a610c898,458631134.033200,20,0,15,15,,,0.266918
ff3cb524-b66c-46e1-a831-04f667bd4da2,620522650.048200,18,0,15,17,,,0.424334
08aa8a2b-b2a3-4e00-bf4a-51e435c8f74e,5137460937.500000,4,0,15,0,,,0.293957
e3147a15-c12f-48a2-ac78-2e692f970b81,24950748807.301701,0,0,15,3,,,0.264366
17fefd51-7bdb-4dc4-a5ca-021b9f13f199,16585736328.125000,0,0,15,0,,,0.228251
b192e9ed-e3b8-46ef-bb77-9b0f848decac,40135334574.692001,0,0,15,4,,,0.253618
cc49b348-1584-43c6-b89d-31fe32586d24,101135095483.455994,0,0,15,0,,,0.121657
bd3d0c27-4897-4aa2-99f9-174e8323a7a0,34970431.479800,30,0,15,30,,,0.330275
7713fede-33da-4daa-b5ed-7702d2c47beb,96485467.923400,30,10,30,30,,,0.606105
e8cd9811-a56d-493e-a760-d8470d05fb3a,17204341.888400,30,0,15,26,,,0.692752
0699001d-2f95-44e5-8020-65dbf0bf8d7b,597419382.699200,18,0,15,30,,,0.658004
8f52fe02-4b15-4157-9a2e-41dbfd4b1cc8,609108727.056300,18,0,15,30,,,0.113925
91371fc7-518a-4430-9f80-c873d3cbfb7d,163047312500.000000,0,0,15,0,,,0.143315
e571df25-1b94-42b3-aadf-d0656b041573,33158461.883600,30,0,15,24,,,0.393595
b1630be1-5512-4a60-b727-1d15f0c4e2c4,7912097656.250000,1,0,15,2,,,0.350606
850835a5-6bfd-4cdc-aa06-c9774d3c3841,14595768880.585600,0,0,15,6,,,0.230478
bc6eb171-34ed-4485-86c4-c4c73e80db3d,3394896484.375000,7,0,15,8,,,0.173755
ffff5617-1a89-4114-9762-b0c1a04afae4,111380597.014900,29,0,15,26,,,0.317289
be3337cb-99b6-4320-84ca-f80285defe98,196325375000.000000,0,0,15,0,,,0.142248
aa72d517-4cf1-4a9c-8029-03d6d59543f7,1321754760.742200,13,0,15,15,,,0.256366
0be5d09d-398d-4ea4-81b6-50ac2e19f1da,251901243.964500,23,0,15,30,,,0.565263
8ab01a82-4004-4506-b47b-cd503118b329,3595450457.145700,6,0,15,14,,,0.179290
f07fe4b9-32e2-4a7d-a346-e0f216230643,42373781250.000000,0,0,15,0,,,0.153623
99a98e93-063e-48fb-9b5a-ff6d188c056c,1258503295.898400,13,0,15,8,,,0.290471
c085dd2f-4212-4908-b9be-77b15d08ae22,1282025711.616600,13,0,15,19,,,0.168087
25d3f87c-297c-4b89-beb2-4d6f8b00bd4f,295127762.197800,22,0,15,24,,,0.467942
42ac7fc4-deff-41b7-a0fc-7eb4fc9536e1,,,0,15,20,,,
9e691739-85c7-4b1c-aaf5-f66af79db3de,885314575.195300,15,0,15,18,,,0.382807
becdf299-ecfe-4f65-8428-6521fe22c56c,30974310.074300,30,0,15,30,,,0.646425
1069a423-788e-4da3-a814-56c565a2d125,37361773778.404503,0,0,15,24,,,0.160851
9d5cde4c-2f35-4b23-b923-e60c7bbaec18,27595126953.125000,0,0,15,0,,,0.207129
cc2b6d4e-f2e8-4dc0-8a44-7989a7bdf1c1,3043787.002600,30,0,15,28,,,1.094616
757b7034-50b6-40cc-bde5-353f606d9265,1778315051.141600,11,0,15,13,,,0.184505
fb848e90-3512-49b5-abad-b35202ce6683,309934094.704700,22,0,15,30,,,0.311173
e56346f9-a334-4b04-9902-5eb3ad9764a3,852609891.628100,16,10,30,23,,,0.148298
8fa6d34b-a29e-438a-b185-36ee6ac70927,405792909.110300,20,0,15,27,,,0.127659
16cde24f-40b1-422c-9380-c7534b5a07bc,9337830078.125000,0,0,15,6,,,0.150377
0d55ec79-81c1-4fc9-a73e-4c426e4957c9,12597666205.112900,0,0,15,8,,,0.130236
2108b682-bb80-4ccb-a510-28ab18d796c7,194938734375.000000,0,0,15,0,,,0.154956
b187cc4d-3982-4aa0-af5d-786637793a25,86584982.738700,30,0,15,30,,,0.577363
23496c17-7fba-4b36-98cd-5d04039c1513,6349556217.368401,2,0,15,10,,,0.136643
3dcc2fd9-2040-4920-92bd-2ee525e6812d,1070241184.225000,14,0,15,11,,,0.360205
a7d035c1-07e1-40d6-867a-7bc17bd5d45c,20736392210.616501,0,0,15,7,,,0.450076
612f9a1c-9dd9-41a5-9bd4-70b8f6738808,1853906744.380500,10,0,15,13,,,0.689849
685837fc-84d8-42db-939d-8c3d3550f49b,110105514.798800,29,0,15,30,,,0.241357
04362be5-a57b-43d0-aeac-99dbd2cc03b8,148812046875.000000,0,0,15,0,,,0.136128
5365c488-96e5-4385-93a4-fdb57e9e2304,15423414579.210800,0,0,15,7,,,0.165405
1ec353a1-1175-4b09-80d4-b28d7be2c9ec,64320186.087100,30,10,30,16,,,0.669971
57367fa1-c2d1-4c7c-84f8-4f5b3e06745d,2243942627.937600,9,0,15,18,,,0.480241
0911d615-9180-486e-a99d-00caed995eba,1671812031.074500,11,0,15,18,,,0.256959
05a13e7e-c09f-42fa-a5c8-5219c3c219c4,63846376.146400,30,0,15,30,,,0.275232
3f895bde-20b1-4fc0-a686-2a524233d621,12385935.746000,30,0,15,30,,,0.376734
44a0b9ae-d378-4510-9728-028fada582ea,23750674370.153400,0,0,15,5,,,0.152310
c575e5a6-6df3-4a44-889b-b077e21a8371,105192386.243600,29,0,15,30,,,0.823854
df990416-48a2-41b1-af7a-fa7a4b8d3542,291807847938.382019,0,0,15,0,,,0.171787
136472b8-9015-4aa1-8fb6-597c3187358f,22572126737.159100,0,0,15,2,,,0.213425
1d8a1b64-76f7-4a99-b409-7ad7e68b28ad,54304614.765200,30,0,15,30,,,0.538424
5de1d269-f0de-4e9e-8266-3eef4de7a7d0,63229824.066200,30,0,15,26,,,0.580857
ce38e364-e564-4498-98f9-d5cdd49284bf,77535586649.971802,0,0,15,2,,,0.157587
b5282d7c-7bc5-4b58-b64d-c748ef674246,45405113708.723495,0,0,15,8,,,0.112626
517c9daf-a435-4294-b5a2-998b3b0a1062,68719360.351600,30,0,15,24,,,0.435476
f570df7a-6b8e-463f-b984-96eaee390edd,9466699.558000,30,0,15,30,,,1.237322
ad7fece7-9bb8-471b-8751-37ce3b13bb8f,394481840.019800,21,0,15,29,,,0.201149
6951eb92-86c0-4604-8cb3-d936b7ab7234,11806042920.007999,0,0,15,30,,,0.765470
0b262d74-11f0-4ded-b8c0-3b3b485bfc2d,1295939697.265600,13,0,15,12,,,0.359064
510a4563-6b82-418a-801f-610ab0fb6ca8,57119137.855300,30,0,15,23,,,1.065647
f32813d9-429d-4803-b8f5-3d6f31941586,369896858.449700,21,0,15,30,,,0.459757
eecb4328-1921-4dcb-aeeb-6504340a6b14,771175964.355500,16,0,15,16,,,0.296104
0abf1ef9-956b-4ce5-b844-f933d3ae0ad2,3911198.139200,30,0,15,30,,,0.892635
fe5e9241-6aec-4da2-9f58-5ec183f0bf1f,203688491.821300,25,0,15,24,,,0.386399
62c8f361-5a75-4748-8346-4fd7fb217bdf,37054725.555300,30,0,15,26,,,1.252081
fca008d2-471a-4f69-bd88-132b283f7703,43021015625.000000,0,0,15,1,,,0.167979
d9f3dafd-4d8e-4164-8a37-66068d1aa90d,22653967285.156300,0,0,15,3,,,0.164976
2e67e5fd-64e5-4320-9079-9cb7449dfd0b,38031520.307200,30,0,15,30,,,0.204452
e8e85571-e906-4032-87ea-7ec391afee34,1864828369.140600,10,0,15,3,,,0.509913
b770be0e-ed0c-460d-b283-802522e52b2f,9496626393.815500,0,0,15,11,,,0.237718
fbab6e5d-0bbf-45de-a262-c94faba3c08c,262435634.726200,23,0,15,28,,,0.121005
2f4f2cfd-a04d-4725-9cb6-598da762eb53,1721696.470500,30,0,15,30,,,0.951403
c26b5b91-61c0-488a-a150-ebfc67b30294,308408.260300,30,0,15,30,,,1.411857
26d8de80-3717-4e7a-b80d-b6d95ad32b01,9038625773.243200,0,0,15,9,,,0.114620
a5aa54a3-29e2-4ffe-99e8-81cdeef34e70,207028067.364100,25,10,30,26,,,0.313456
2dfc63ac-dc56-4cd3-a09e-3207299926ae,47601468.444800,30,0,15,30,,,0.310966
3036dc15-8609-4429-b2c7-9cd40ba609dd,453084.794000,30,0,15,,,,
5a54466d-da8f-4039-9d77-6dd8efd20581,8200.000000,30,0,15,,,,
83b71a81-f770-49a1-8f9d-c3e9c81faaab,19467942491.433002,0,0,15,7,,,0.146270
827cbd96-bdaa-45ed-8c25-56c68a10a313,3212896058.743400,7,0,15,15,,,0.118902
d71d83ae-3110-421d-9e3d-bde43f3dd52a,6743387062.118100,2,0,15,19,,,0.403650
44377fc8-9fe9-4d78-bd06-0ca6a51259bc,73341921875.000000,0,0,15,2,,,0.234617
447f29e6-6eca-4cc1-ac92-2471c4b6350d,460138476.710300,20,0,15,28,,,0.405101
3b5d800f-2fad-4f5b-af81-0ac6f63ee481,94185117.629700,30,10,30,30,,,0.218886
8916dab2-508d-4d45-97f3-adaba9c006c9,280396919.036400,23,0,15,30,,,0.354144
bb35be82-22bb-4f48-9bc4-7b5c8c858785,420422072.259900,20,0,15,18,,,0.385369
a27357ac-7966-4ed1-a9f3-211a1fb3aa35,7287778893.231900,2,10,30,13,,,0.192258
8036a21f-c6df-4efa-bc29-3cb370ef52e6,24924483.168200,30,0,15,30,,,1.227777
604fc62c-68ee-484d-910c-f0369cb6a777,31488281.250000,30,0,15,21,,,0.970736
517b028f-6530-4b66-9032-42791b4062d3,764560525.584200,16,0,15,26,,,0.838345
a61931b4-4f60-4b54-9fc4-d9e0f37b4a0e,202386309.040700,25,0,15,26,,,0.240909
e5c298e9-0a94-41e9-8a67-65a22c727e57,2759678361.865000,8,0,15,16,,,0.115804
73c780c9-0b25-48a8-8573-45a20f1fbea7,105857872.736200,29,0,15,30,,,0.802316
fb4b179c-4f14-4c76-a54e-26d43a0f2a9a,1494705976.261100,12,10,30,14,,,0.361905
41e02494-ea91-4a40-bcfb-e68ab76474f7,31500052681.234001,0,0,15,3,,,0.220245
1d768b3b-3441-429c-aa6d-3f4110c337dc,59125421875.000000,0,0,15,19,,,0.136582
dde806af-3076-4996-aa38-98c54370b6a2,1918437790.665000,10,10,30,17,,,0.308798
c2152a30-3728-45c5-b698-68877e3b6e5e,200786091.478500,25,0,15,30,,,0.822198
0460a138-27da-44d0-b752-2340a05a030b,25801429687.500000,0,0,15,2,,,0.102011
bfad1aca-4a65-41c7-b13e-cabd4eaca6bb,6064006605.141600,3,0,15,13,,,0.161795
2ca1bb02-5cf0-4943-bff9-11c0c1b92966,9628959419.802601,0,0,15,14,,,0.186741
d2a9d9c4-9522-4fce-acde-9baa0e608910,914633942.894000,15,10,30,20,,,0.256939
09775308-0b29-4ba9-a116-0fc48e356879,2472996428.489900,9,0,15,17,,,0.299146
d175ea1d-c38e-438a-b82b-e92a9011c03b,8273664091.812300,1,0,15,18,,,0.205696
9d5c2942-e3a8-4af6-9f53-cd4034f95b19,19726224.648900,30,0,15,30,,,0.389444
d460a1ed-d02b-4451-ad72-f3fff25cad0d,343113689.672900,21,0,15,30,,,0.415892
344547fb-0957-4835-8988-62825233fca4,511646836.717000,19,0,15,24,,,0.135802
3b3eda66-2af1-4f7e-a32c-2cb4d66649b5,147600800.123400,27,0,15,30,,,0.227350
fc77830a-ff6e-49c4-89aa-5c87a394a585,67675599404.896904,0,0,15,1,,,0.186756
2498e4bd-0bcb-4676-a83a-a924f42531fb,5176646.686500,30,0,15,30,,,0.889595
11c38deb-3644-4116-9a64-d0d2308f8e93,1920907074.932600,10,0,15,29,,,0.108423
f4e1eb63-c203-4c01-9ddc-2d8a02f6e8ef,1464929548.477500,12,0,15,21,,,0.203421
66c51b66-33ff-42da-8b65-6b272335a269,,,0,15,30,,,0.555977
d8e78587-a2ef-47f7-a1e0-f3419a554864,79079462.609100,30,0,15,30,,,0.909237
61c08b8e-559c-499f-a773-c592f509b3d0,238473086.637900,24,0,15,25,,,0.231963
093566be-5933-4aa6-a095-334c9d93f80f,43708621125.394295,0,0,15,4,,,0.105074
fd7e7f8b-f889-4949-9432-e5e616730cb0,3040225780.057400,7,0,15,11,,,0.294256
6963dab8-8aaa-4a15-8e4f-25d4e3049bd2,16779854.779100,30,0,15,30,,,1.414207
20c2a962-ae5c-4c79-87cc-991f6681086f,127267003441.320007,0,0,15,0,,,0.293279
58669f64-4b65-411e-96e6-8f8b03417cde,5087229310.057199,4,0,15,11,,,0.138947
d1a435fa-7b96-4716-a57c-9624ed90b120,102249722.640600,29,0,15,30,,,0.696231
35924432-8ed4-44d1-a570-a8dfecd9d45c,33976913.452100,30,10,30,27,,,0.606735
81b80ccf-8d8c-48f9-91df-d0ded0dcd21d,74002532.958000,30,0,15,27,,,0.674979
5bcdefd8-2c94-4dc1-8878-acb16c7aae13,759792490.324400,16,0,15,19,,,0.185791
fc79a5df-aa87-49bf-ba7d-bb9d8e66043a,11172275353.091499,0,0,15,10,,,0.109498
9fcb23c4-1579-4174-b0fb-2d60780819e3,94839875.149300,30,0,15,29,,,0.555844
2de2c587-a78b-48f1-8cda-09d9b5a24696,280457517786.849976,0,0,15,0,,,0.122746
714f021a-1529-4db4-b1ee-28c32160cd10,1330745937.336000,13,0,15,26,,,0.247656
499b2ea4-298e-42a4-8d65-0b5b74751a3a,675600457.022400,17,0,15,24,,,0.176846
ec9fa9a2-271f-44fa-843c-68598c937647,9587343.793900,30,0,15,30,,,0.280625
b2bc0697-de1b-494b-b2bc-887f793a1229,30163067.106400,30,0,15,30,,,0.373528
942ba946-a58b-4d9f-86ac-3b818fded498,7037867785.049600,2,0,15,1,,,0.276227
b0fd8182-7712-4685-be8d-2d26ae2a43af,43667195312.500000,0,0,15,0,,,0.256241
17f53ed3-bdb7-425f-abae-91f8cbf0137d,2511242012.311400,9,10,30,17,,,0.175459
4f3a2818-632c-4a51-b0e6-9c0fd3a689e5,4760561523.437500,4,0,15,5,,,0.251034
2d854601-fa78-4896-b595-e5f1f717bc35,468911416.307700,19,10,30,27,,,0.456712
825fb94e-a6f0-43fe-b044-c3eedf020c34,27764357421.875000,0,0,15,0,,,0.140044
1cbebe10-b9a9-48bf-bf58-4701fc2148e0,943178149.795600,15,0,15,17,,,0.372201
9e68d7a1-60ee-4bc2-beb0-fb842b327f38,148654533069.402985,0,0,15,1,,,0.176827
4d19daee-8660-4764-b117-0fd056a2ae8d,55717861.169900,30,0,15,30,,,0.873915
9561d3d6-afca-4f04-9058-05dff7340e0c,3707786865.234400,6,0,15,9,,,0.150103
28b304ad-f7c1-488f-99e0-dba30a490fdd,4141177882.375801,5,0,15,15,,,0.261030
ceee2a5e-4a46-4c37-afd8-74aec42b2f16,8872138.216400,30,0,15,30,,,1.413860
3ae92276-9edb-4380-a775-e79e6f08b152,4713781250.000000,4,0,15,10,,,0.128489
042afc42-7578-4608-a63e-a9e42edd4846,1169694484.232600,13,0,15,18,,,0.429026
03fd5d0c-0e99-422f-a304-d1921b2f2061,3123476905.012800,7,0,15,9,,,0.179174
511efc9a-f678-4c2f-8ac4-daa4dd89957b,86742564103.673508,0,0,15,0,,,0.161339
a4da8720-bf22-4f0e-aaf8-26e0e917303e,13941172851.562500,0,10,30,3,,,0.212940
c2096a75-8b77-4798-8b21-7bdb73d0caee,8924813.376600,30,0,15,30,,,0.726975
83af74c1-074e-44af-8994-55856e94c10c,214867015625.000000,0,0,15,0,,,0.109630
1eb215f7-e8a5-493c-81c7-1ebb1c8e0444,10817996592.392899,0,0,15,6,,,0.201900
694d25d0-c0b2-4e8a-b94d-6614b913f976,3131834.009800,30,0,15,30,,,1.132330
2145f61f-2493-41bb-85db-981ba276eafe,152388307.989400,27,0,15,30,,,0.382880
81d04973-bfcc-494c-9a40-431507ce83a7,52724080518.183197,0,0,15,3,,,0.235561
1233932d-b793-4dd0-89ec-7ba638b40110,1237785034.179700,13,0,15,5,,,0.614992
316a0afc-04ce-4366-ab23-93b39b2e100c,84925536691.652405,0,0,15,22,,,0.189795
97e9caac-2f72-4605-aecb-118515df0414,15813810851.970600,0,0,15,9,,,0.163565
4e926724-b001-4759-aa23-b22cd01278f1,573332386.444800,18,0,15,30,,,0.172296
21689b8c-501f-45dd-a780-728087171ee9,12318608301.127600,0,0,15,9,,,0.463019
1c883f5c-edb2-47da-89a0-a60cc46fc4ef,12039267124.611900,0,0,15,9,,,0.171876
24b23215-4ea8-4854-b7d1-bfb9524c9a1e,3389313476.562500,7,0,15,9,,,0.158292
a536a5fc-d18d-4906-a5f9-ea38bdb5411a,550403198.242200,18,0,15,23,,,0.301092
16a2377c-51ea-4c48-b663-95289e252e3b,88162265625.000000,0,0,15,0,,,0.101687
43205e71-4cdb-4c29-a6df-592da4733752,992428125000.000000,0,0,15,0,,,0.085107
6028b839-2834-4b77-b17f-8f13fecc23a9,779250601.508100,16,0,15,20,,,0.513572
9366d8bf-cb0a-4379-8738-94f69caa71fc,39091118.371200,30,0,15,30,,,0.201355
391edf6c-b1e0-4eed-9178-4f1f3511a062,35488554.263300,30,0,15,28,,,0.492985
5c30faa5-e0e1-4148-92c3-8c933f27de56,15955780626.009399,0,0,15,13,,,0.203287
40d79bf4-620e-4763-acff-180e45e97f61,1476924.339500,30,0,15,30,,,0.915941
f3766949-966c-4550-9fdb-95a4543eeb66,8287195312.500000,1,0,15,0,,,0.211130
4ed045b2-06a1-4d0f-a983-a3c72500f881,1575205688.476600,12,0,15,6,,,0.355425
49b844fe-aada-4030-a76a-8794ce04b3d4,,,0,,,,,
e7ac90e3-8efc-46e5-a922-6facc111601a,5316426510.500000,4,0,15,18,,,0.115923
57b13460-b8ed-4f2d-b86c-5488a2b6d222,307616299.315200,22,10,30,27,,,0.180129
a9a95cc5-d535-4c2e-94c2-a6d0151d677d,11405884765.625000,0,0,15,6,,,0.138345
b52b3d5a-0a60-42c9-87af-27176f26a340,873147787.269400,15,0,15,24,,,0.320370
4191e1f1-133a-461c-be1f-ebe2ccd7bfa1,1704061148.885600,11,0,15,15,,,0.254392
13c92b28-86cc-4641-902f-24d9fdc61324,5680735.396300,30,0,15,26,,,1.314986
b8695264-cf17-4ff4-a349-800657407f99,73741121.955000,30,0,15,30,,,0.432060
b7ffaea7-07fb-4f7c-b3a1-7b123a8cbcca,22157064406.122898,0,0,15,1,,,0.254773
4d351aa0-3770-4fb1-a373-2ce06e91930e,95603117187.500000,0,0,15,0,,,0.106946
d9af3afd-4554-439f-b62d-2b68bbe2b8a1,13384653553.627501,0,0,15,8,,,0.171338
30d10fb5-fba1-4ad7-8e19-409ae25ebb7d,141911178.234200,27,10,30,30,,,0.239188
3074639c-647a-4050-a6a5-fc95d062b953,6220857.143400,30,0,15,24,,,0.767969
1239cb88-000f-4029-ad14-6a7d3db199c8,2175672039.964500,9,0,15,20,,,0.251518
b757b607-414e-4868-bd33-2a29f1459c29,522007336.032400,19,0,15,29,,,0.289864
4f0a29ca-29bb-41f0-b495-e390a4027c0b,253999753177.518005,0,0,15,0,,,0.100310
28da96ec-6895-4587-8869-ecdb2b341364,7618353515.625000,1,0,15,6,,,0.316469
89f0b66e-6935-433b-ab30-df4febe6570a,2479727485.543900,9,0,15,18,,,1.159062
57c721d4-2c80-4b05-8ab4-b99c8a415aaa,52421764.102200,30,0,15,30,,,0.194775
7be944b8-76eb-4d86-aeba-7b13609445b7,402057067.871100,20,0,15,13,,,0.528666
785cf71b-dfc3-45d4-bbdb-7c81de5b6f6e,857495.431000,30,10,30,30,,,1.222113
cd2084fc-0679-4583-a951-7e20ad4cee8c,765206211.852900,16,10,30,30,,,0.249053
9530f537-0769-46d5-a43b-65608200b830,720809819.982800,17,0,15,28,,,0.393032
9f545cf0-4299-4dcf-b422-d40ad5782083,12172397545.166698,0,0,15,0,,,0.423512
6d07b562-2699-41e7-b39e-0d34637fc053,438809563.878800,20,0,15,24,,,0.352805
85f17192-c47b-4510-a833-9e8fcaadc3f5,4129694539.260600,5,0,15,14,,,0.168525
e44788f5-0035-4174-b337-2f52926dd12f,2239575927.734400,9,0,15,3,,,0.326286
d2705aed-b8d2-429a-b1b1-767e2c16d4b4,25223674569.887402,0,0,15,5,,,0.141619
614dbd10-884e-410e-abd3-7dc70b9fb855,22703588894.389099,0,0,15,7,,,0.138296
ae1434ff-a93e-4d5b-9ce4-934ca9a52962,88793630.168600,30,0,15,29,,,0.742442
47ef9bfa-2029-4ac0-8e69-472b4e7bbe26,1932900772.124500,10,0,15,30,,,0.264169
5cbe82dd-9aec-48bd-88d9-50a03a8c68bc,26657221453.061199,0,0,15,2,,,0.209956
03375eec-db5f-4829-97aa-cb66eeecc473,11736377.716100,30,0,15,30,,,0.535917
4c558fcc-452f-4854-9ee5-6139544b1eb5,1134996936.109700,14,0,15,25,,,0.256870
aa8a84b8-2c8d-40a9-ad82-d428982244d4,6532877441.406300,2,0,15,6,,,0.173058
9723292d-b116-4f09-b78a-b646fd483837,1170651760.229900,13,0,15,17,,,0.275671
b11b4802-87c8-4408-a0e5-dcbd4334e090,33526748.314900,30,0,15,30,,,0.704323
8a8f48ad-bd37-484e-b14b-304c0d106b17,404014231.137700,20,0,15,29,,,0.168619
90ff47d7-d4f9-49f3-a9a6-03ae261e7344,18696384087.626400,0,0,15,13,,,0.195040
40d6364c-7d9a-446d-a0c9-d6463f8bdabd,63428582031.250000,0,0,15,0,,,0.117456
6064bb8a-95ba-4055-8fd7-62643563edf4,20611806640.625000,0,0,15,0,,,0.200713
c2da3b29-9917-4e07-b84d-9ae4ba06c8b2,584875663.016300,18,0,15,24,,,0.114156
5c4b4f98-996b-4a5b-9523-b83acece52d9,14278827148.437500,0,0,15,0,,,0.224116
94e643bf-008a-47c8-94be-ac2e0475869d,2674331468.399300,8,0,15,9,,,0.258281
b4608397-b621-402c-bff8-ec3dfef5aec4,178709218750.000000,0,0,15,19,,,0.050170
0e21ad51-5a91-41ce-8983-2003bc1508bf,1115195.603600,30,0,15,30,,,1.414143
ff438899-0d29-4bd5-8e06-ffdbf14e2db4,9860701304.150499,0,0,15,3,,,0.287448
fcaece07-ce95-4d1e-b43c-3faf946108df,1778272490.293300,11,0,15,30,,,0.331417
ed09355c-918f-4d3c-be0a-952028af458d,5187346064.988800,4,0,15,30,,,0.173903
ae154ef9-b13b-41d1-8489-e7d4f3f5aa30,267985337.664700,23,0,15,24,,,0.256302
52ffe776-22bf-4a79-8b88-01ef6ddf79b0,47770258.848300,30,10,30,30,,,0.220015
49fd60d6-fb6a-40e1-a0fc-19e2bb0f936e,85002492187.500000,0,0,15,0,,,0.103145
52c63067-d09a-4afd-b6b6-cbf690132eac,6432142089.843800,2,0,15,4,,,0.286404
935ea804-1c03-408e-80ba-f3f238da3621,310544580.424000,22,0,15,22,,,0.343649
d54d9cc9-a5bd-424a-8b8e-926c6ec096d1,32299275780.129902,0,0,15,11,,,0.402189
7c76d9d7-0e9d-4f24-b3b7-7420faf671d2,4105504.003800,30,0,15,30,,,0.997161
4582813f-4a43-448a-a2f4-da556af4961c,25223674569.887402,0,0,15,5,,,0.146817
2e418de3-eabc-4eee-9b35-81afbcac768e,3306644000000.000000,0,0,15,6,,,0.274989
1b196cf8-1fa7-424a-bb74-6b6651126e17,,,0,15,17,,,0.228370
233fc2c8-99e3-4738-a6b6-6ac3c238e60d,60706800.274800,30,0,15,30,,,0.271856
9169cacc-d343-4c4e-8807-97b5abaa994e,18371280638.823101,0,0,15,8,,,0.108316
03c3138a-8d2d-4c52-8d40-336fbfe2bca2,82151635334.720703,0,0,15,0,,,0.244419
73b460b0-af3a-4c28-a14d-2289aae6ba3b,351000000.000000,21,0,15,14,,,0.426732
10f9c722-09a1-4dea-aed2-a93551268757,1523267372.444500,12,0,15,13,,,0.160443
55a7f3fe-5afa-4e69-a43a-31fcc03cb240,46044972.373700,30,0,15,30,,,0.298207
bd217750-0735-49c0-be57-47c6589f6c00,212816242.353600,25,0,15,30,,,0.133572
b8433ddc-9c44-4c6d-a0c8-f6677f9df7f9,3984727262.612600,5,0,15,10,,,0.582847
d50f7316-a229-4743-8a06-399cbd300717,77535586649.971802,0,0,15,11,,,0.187067
197bd183-a3c3-4cc1-bb2f-0b23cb7c4f26,11363599.777200,30,0,15,25,,,
62a864bd-26fe-4fd3-a88b-cfe2c6333c0b,1515291601.680600,12,0,15,16,,,0.205134
e5ef6020-0aa3-4a3f-b729-34d08c1b5e75,65945469.482200,30,0,15,30,,,0.817769
fb739e35-91ec-449e-91d4-b162b2f3c35e,51784157496.424904,0,0,15,4,,,0.094545
06bd9148-4eec-4a44-8b0c-7e6dc7cd2c70,144104628.930000,27,10,30,30,,,0.675225
82489368-486d-42a7-9e44-f184ca3ba20e,30590585.808600,30,0,15,30,,,0.810341
51604530-e7f4-4d62-ab8c-9cfa313f77a2,107329985.557000,29,0,15,30,,,0.213707
df485ab3-06bf-4eb1-bac7-e1619cc1a386,10077355468.750000,0,0,15,5,,,0.101878
6c43f22a-2bd6-40b5-aca5-680762001d03,15912083486.840000,0,0,15,5,,,0.227095
2342b7fc-206a-4a20-9edd-10c0a2cff454,134516551.745900,28,0,15,30,,,0.689048
03056e89-8ea0-420e-8c53-286072c73e25,216497359375.000000,0,0,15,0,,,0.116339
435688ea-65b0-4336-bd3a-39e832b80b4b,3584530470.752300,6,10,30,13,,,0.244495
b694aa09-4cb7-476e-9ea1-aa2d3ee04c5d,302866305.747900,22,0,15,28,,,0.514986
deca3968-0060-4ad9-9726-0ceff385f35d,33451503844.762302,0,0,15,5,,,0.138802
a3b13441-178f-4e05-aec8-572cc1c46c6a,49758706615.489502,0,0,15,17,,,0.182523
2c88c37d-7413-447c-a18f-9e71fdb67e35,4338649.609800,30,0,15,30,,,0.198983
6422d757-49a8-498d-b1ba-eeee9dbb3ece,93053570312.500000,0,0,15,0,,,0.212932
fc14fb3b-6a0c-4a23-bdea-4d772e4cb5b4,740489072.221600,16,0,15,19,,,0.357533
1fe658c2-148e-4fc7-94af-84325eebeb36,118546765625.000000,0,0,15,0,,,0.289842
0d7747b7-df74-4f0f-883e-d3a0c5ded55d,1071040.516000,30,0,15,30,,,1.414072
061a714d-c4c0-4873-b0b5-78adb5a4976f,530637329.101600,19,10,30,14,,,0.429606
8d03e049-b6ed-4b0a-86ac-81a5a77221c7,3025142.434400,30,0,15,30,,,0.390976
79c377d1-ad99-4e46-a135-8731db40b0ef,29720588358.104000,0,0,15,8,,,0.077745
6341f13c-5ac9-4cec-ae8c-9082d2e778dd,36147683.476600,30,0,15,26,,,0.405000
bddf0b72-ec8b-4a78-8b8b-d9a8c8ecb7d3,180880400.165800,26,0,15,26,,,0.256836
0e1f3af9-485b-4aec-a2bd-16fb603deb5b,929339820.149700,15,10,30,18,,,0.305059
467d079a-947c-4401-96c6-ea4abaa03da8,1113701390.066900,14,0,15,18,,,0.345383
4a4ae04e-3122-4734-9c44-714afe2aa9b2,34323550944.586399,0,0,15,5,,,0.157896
f8a405d2-5172-45a7-8051-649bab5cd03b,840769055.744100,16,0,15,16,,,1.224744
bed63ec0-337f-420f-8ca1-308b8b35d44e,,,0,15,17,,,
321ed23d-031a-45f4-a24d-abe84dff986a,1805973165.162600,11,0,15,20,,,0.139584
cc43f869-5072-4837-a92f-477bee9a3021,4950974949.609700,4,0,15,8,,,0.335137
734d195d-411b-41ca-bbb4-608bb87b18a6,13036165.166300,30,0,15,30,,,1.225209
c0dc457e-cf68-4cbc-95cd-f96a284e8bf7,31261937.307200,30,0,15,30,,,0.482592
b9989452-77c1-4335-a6be-6d01c65feb66,,,0,15,12,,,0.119792
38456059-02eb-48c1-9df2-b2bbb2c718ea,6288243164.062500,3,0,15,6,,,0.332807
be0aaa4e-e1e1-47d5-abd9-1526eeacb147,3203461181.640600,7,0,15,7,,,0.185535
55125f71-de1b-4256-b290-7b395c450dfe,13019545926.988899,0,10,30,8,,,0.122279
274bf8cd-0d15-4ffe-bc1f-53c3618a45fe,1112360644.014300,14,0,15,22,,,0.361272
57dd0ef3-bc57-4ee7-a4b9-2e818a344181,1415677667.746900,12,0,15,21,,,0.351642
fbbeb091-30b5-416f-b2cc-df13e77119bb,1105738028.607000,14,0,15,30,,,0.232320
b3ef02e9-009d-49f6-bfe8-51bde1552ebd,25993066406.250000,0,0,15,0,,,0.154646
d3229d65-7519-4e3c-8d98-c4dd182e6c50,1736894297.988300,11,0,15,24,,,0.919888
c2597645-788b-406c-bda7-b55048eb17d5,35873203.277600,30,0,15,24,,,0.822044
079637bd-02be-4c89-a28a-e200701e1666,834753663.684800,16,0,15,30,,,0.247105
fbe7263c-1f4c-40ef-95f8-b493151d8e46,7077697102.021000,2,0,15,8,,,0.140632
96c33d70-77d2-41c9-b2d8-5bcd73990731,427262945.214000,20,0,15,23,,,0.260301
3ca1d3fd-985b-4648-83e6-c4d461aae683,211508825.521600,25,0,15,22,,,0.431047
4b743a03-b583-4286-9e07-8bd40955058e,55531333.923300,30,0,15,28,,,0.550752
52c40b77-b11d-48a7-bb8d-08cf0b70e606,109010689.592600,29,0,15,29,,,0.322626
7fc6e2af-588c-4da6-860b-85b766d9564f,8624739036.400600,0,0,15,10,,,0.149960
e283828f-79fb-45a0-aa72-23a5bfe73b4c,27955146484.375000,0,0,15,5,,,0.121627
efad7777-6ebe-4fc0-bdf3-836c1f8587e9,8649957726.945601,0,0,15,13,,,0.219064
39cdd941-9c55-4b2b-8016-000fff9abdde,9912118519.577700,0,0,15,9,,,0.244323
0a815456-9cde-4dd8-8b09-2894b9fd99a3,1939218983.522400,10,0,15,23,,,0.198984
6c566b79-67f4-4e7c-95d4-600fcb1cb68b,8893782049.850300,0,0,15,15,,,0.117883
d5f05419-08e2-4b2f-b9b7-2628fb25eedf,1366792968.750000,12,0,15,9,,,0.191048
07c7c364-abfb-4960-ae25-c3fb55a7a6e6,3425311951.546600,6,0,15,11,,,0.157085
8ec36b1d-2658-4b84-a023-6e8233315785,1025064805.687500,14,0,15,15,,,0.310474
f699336e-0f95-4951-8352-bed47de7fa7d,13773744.583100,30,0,15,30,,,0.545696
cc8be2db-baef-4419-803d-4e7c78545a13,99893315.093900,30,0,15,30,,,0.317880
a2784d08-2a83-4e76-b221-2e0d274b188d,26383092.880200,30,0,15,29,,,0.674915
a983b466-de06-4caf-8e21-ae7770c3cee8,46297285075.924805,0,0,15,3,,,0.213881
a2c02561-8d5b-4668-9fb6-70983f2f6a96,9187269033.351900,0,0,15,9,,,0.148882
2d950406-e5b4-4430-ae64-c71d84cb4c84,2020374.077900,30,0,15,30,,,0.784698
5a995d40-77ca-4bfb-bd3b-11df4886f068,19065389685.815098,0,0,15,6,,,0.312608
09188093-ef88-4859-b888-b0b6d4201075,297798126.220700,22,0,15,21,,,0.707591
52661e0f-88b1-469a-a866-42dee244e2e4,6907080997.228499,2,0,15,11,,,0.139797
b41755e4-6f63-406e-b205-a72d28bfd0d9,17433208984.375000,0,0,15,1,,,0.251324
10b619e5-36d5-4d6e-bce0-1460502471ac,1072358774.616400,14,0,15,29,,,0.150524
c791c852-10dc-4ac8-8070-a0fc7dc3f814,668405508.375400,17,0,15,27,,,0.442704
768f86a0-cfec-44c5-b436-ca5481109818,165751403.116500,26,10,30,30,,,0.607246
87a82ef6-6f2e-44a7-9e8f-181ec684fb9c,15290831.414400,30,0,15,30,,,0.441197
80f9be8e-2f15-4110-a48c-85bad928b28e,68358531250.000000,0,0,15,0,,,0.100759
1027081d-92b1-4afe-a0ae-564d89d53fdc,165238116.159900,26,0,15,29,,,0.383999
12af5e93-d589-48a6-9511-52470c242c27,7377937194.824200,1,0,15,2,,,0.228094
702a2796-8f5a-45bb-aa7f-38d97024a021,2209737950.371400,9,0,15,12,,,0.311073
9426159e-5dcb-4f2f-ac0a-8e5da86a739c,1293763061.523400,13,0,15,15,,,0.245268
b3b34861-833f-4fad-8cbe-64443dc5f58c,210696296.714300,25,0,15,23,,,0.476680
051a6127-3181-4877-8550-eb3d7ec39ec1,12975284179.687500,0,0,15,2,,,0.130697
4d9157d8-b4f4-4915-98f7-43da0e6f1561,2855859181.306500,8,0,15,22,,,0.146978
30826a93-0c5a-4ab7-bfc9-4c87846a9eb9,22524130859.375000,0,0,15,1,,,0.107365
1b3069a8-23e8-411e-aba1-574dc8de1799,925241821.289100,15,0,15,12,,,0.482665
b59ae6f0-2ff7-4f64-b93a-ea80d9a9b5ee,783864043.436800,16,0,15,30,,,0.231587
a276f537-952d-4634-959f-4175c9ec0cf6,340753798.489600,22,0,15,29,,,0.216169
f6054457-da3c-4412-9163-62f70e4c4e0a,6779968261.718800,2,0,15,6,,,0.107676
f1de1fff-9d09-4359-b79c-e6377d752690,7431753687.687800,1,0,15,22,,,0.645839
ba62a952-1d5b-4401-8e80-9141ff5f43e2,1057487927.089700,14,0,15,23,,,0.144464
e19dec92-8ced-461c-a814-5870f4404efe,508631744.384800,19,10,30,19,,,0.326302
e1fc08a7-529c-4f10-b4de-787a1aa58222,1261861572.265600,13,0,15,16,,,0.092588
ac47937d-36fc-41fa-9c7a-2f3061cbb543,319954513.496700,22,0,15,26,,,0.193165
295f0b01-35b0-4a5b-b5f5-810caa4f2a86,130979750000.000000,0,0,15,0,,,0.214855
9102c76c-5fc3-4d22-aec3-a8ac7c3cc564,38935144531.250000,0,0,15,0,,,0.206169
16b98186-e71c-4f81-aecc-24bc1ec1fc5e,17427394.590200,30,0,15,30,,,0.279858
705ca573-37ab-437e-b48c-9229775ba1e2,39856804975.856102,0,0,15,2,,,0.119134
1fffacd8-d7b2-4654-bf26-ea893b74b60b,1169674275.205000,13,0,15,25,,,0.209219
0b674ac0-f6d4-43b3-80bd-aa91a1a30074,343309798.868800,21,0,15,25,,,0.259972
30c1b87e-b3e6-4b77-bb3a-017216859294,134471190.370300,28,0,15,30,,,1.319440
5097dc68-6644-4614-8bcb-e4dd26273187,31171916035.729198,0,0,15,10,,,0.350075
1cd2d0a2-353b-4d71-82cf-d8b6bb4e7ce8,456199890.136700,20,0,15,15,,,0.449337
0084e59e-12ed-47ec-97f3-b8bd1efc6ef7,755356133.516100,16,0,15,23,,,0.242877
04d58abc-db8f-4eb7-8f8f-4fd07acb2fb4,11445159213.579800,0,0,15,12,,,0.481826
7f09a8ed-82f4-412f-8321-9d3ac95b61fb,159821782.709100,26,0,15,27,,,0.332167
78e97909-b674-4f3c-b87c-dd950f0f46a4,6559763183.593800,2,0,15,5,,,0.197814
ff40eabb-c088-4d5b-adea-313e9eafa818,997454528.808600,15,0,15,17,,,0.292455
8e678a17-031c-47a4-b684-617fa5d2db5e,35491238180.599594,0,0,15,3,,,0.174776
f8dfb519-fb65-46e4-9d4b-5efbb086c5d2,1084886962.890600,14,0,15,11,,,0.132197
ce550ab4-020a-4fca-9f00-5c3e9eedd0bb,13050720.682200,30,0,15,30,,,0.044501
70b508f6-9b10-4589-bd3e-9ca21bada12a,431284942.627000,20,0,15,22,,,0.778943
37a65279-f2b2-4d1e-8e3a-95b91d0f528c,238448379151.350983,0,0,15,0,,,0.110020
4069aa7d-b4a9-4e4e-9224-71e1a8e8b2ef,26145525925.507999,0,0,15,18,,,1.063874
d8873f01-3639-48de-b4f9-8e1039f6d220,940033874.511700,15,0,15,12,,,0.327417
03267d92-06c8-41c5-a996-e2ed5baa3720,435996308.555100,20,10,30,25,,,0.201485
74044216-ce26-4459-a6c7-c6ebe03734fa,52968035.296500,30,0,15,30,,,0.284881
7393ee9c-0a19-4427-af11-440c0fdad066,8443036713.450800,1,0,15,8,,,0.189772
0b14aa2e-610f-40a1-a5e5-870070a1e09d,248864099.889800,24,0,15,29,,,0.249486
9e7dd7e7-29e8-4d8d-9ca9-c2cccf1653de,20041667968.750000,0,0,15,0,,,0.295690
06296093-9931-4d01-bf99-79cb0ad2a3e0,8544099455.431000,1,0,15,8,,,0.182222
0d1a9814-6d14-4daf-b5e0-df1020b4a609,658427965.059800,17,0,15,25,,,0.769327
09191899-a471-4eb8-9dd2-138416d6d36b,3917369423.324900,6,0,15,21,,,0.160159
7f70a2c8-06ee-480b-b0fc-1c12f72b1ec0,6239381300.543799,3,0,15,8,,,0.221014
8defe319-55c4-496a-ba6f-942b8a92cad3,44965251.905300,30,0,15,28,,,0.416821
98e6de9f-4753-47b1-bbdf-5c1762efe125,23216631946.139500,0,10,30,6,,,0.155713
3fe5cd49-f72e-4217-ac6b-70c491931eca,7813685.720300,30,0,15,30,,,0.869323
250e668a-814d-45c5-83b3-ec139306da6d,3944674151.516600,6,0,15,13,,,0.158299
bd3af2a8-3691-4850-9ed6-04b04578fb7e,480121322.472300,19,0,15,19,,,0.305889
7448d104-e9b7-4420-ad09-e3067ee2a41f,4471050138.202700,5,0,15,17,,,0.148572
d610cf2c-8361-4b19-8596-b4f57696aef2,3931681884.765600,6,0,15,9,,,0.134406
8d0c75ae-b4d8-4409-978d-5b6ae29075a5,11104105468.750000,0,0,15,2,,,0.222396
31001e2f-4766-432c-b08f-c351b7af953b,976666586.231800,15,0,15,14,,,0.625493
d7ede007-d8e4-401b-ad22-702c29d592ee,169052312500.000000,0,0,15,0,,,0.222827
982ced63-2b9d-403a-bf12-79f67a12d8c3,5955171875.000000,3,0,15,3,,,0.293860
9a135889-2582-43f5-9cb6-6571be60ae7b,118033386.230500,28,0,15,24,,,0.663191
760706f1-4eb8-420b-8ab3-d9c0934bf90e,8087330078.125000,1,0,15,1,,,0.148702
425bede6-9113-4894-9a26-74e2652f02cd,2884968332.783700,8,0,15,11,,,0.137487
27581198-717e-4314-b2a6-90801563dd06,4306072569.802099,5,0,15,11,,,0.577465
152a59f0-7925-450d-a9b1-4bf91cad6e53,9279945.373500,30,0,15,27,,,1.102362
46932832-8c1a-4635-87bd-2847ed7fbbf1,22935751953.125000,0,0,15,2,,,0.144531
bf15af4b-a96e-4de3-b6bc-1ce713415a8d,2774430709.526700,8,0,15,15,,,0.126547
9bb67faa-3893-424d-84fb-fdf42afbbb61,395216076.564700,21,0,15,21,,,0.517756
a5c8afab-f655-464f-b50c-a83070164a22,1807830768.434000,11,0,15,20,,,0.233962
a753fb7b-65a3-4c07-a6e4-fefd4b3b7a79,12851311.869400,30,0,15,30,,,0.511978
0c15c9f2-0337-4578-a866-6b3c041b32a5,1012376037.597700,14,0,15,12,,,0.281603
77281120-7bf1-4ff5-8bc2-9f294a85fd34,1764594431.875600,11,0,15,20,,,0.157265
1e5f8517-f42b-4d80-8567-603a3689f854,825421192.193300,16,10,30,14,,,0.332807
5419c2bb-1059-4b41-b558-765379558366,6620947324.570000,2,0,15,15,,,0.159392
b0d823cf-c2ad-4d5f-8e1e-26ff23cf391c,8097165695.479500,1,0,15,14,,,0.265576
e340ead3-6da6-4d61-bbeb-bdafd0315402,1232089539.773700,13,0,15,16,,,0.278213
e05a5c87-9bfb-40c9-ae75-8b08a06f4914,2217943257.679100,9,0,15,25,,,0.634192
e0f52241-561f-46b0-a8dd-410b2ff395d8,5880705078.125000,3,0,15,3,,,0.243598
b45b650d-0b0f-4a88-bb0b-0fc2b3bbaf7f,26741665.872400,30,0,15,30,,,0.288401
cc3ee952-7afd-4f10-9e74-8cee0956393f,318175318.725400,22,0,15,25,,,0.183395
08b4632f-b46b-489b-9eae-407a50ad5ccc,8781874435.910299,0,0,15,11,,,0.267641
125ce2bd-6d87-4576-bfcd-8c7c1ca369ec,,,10,30,30,,,0.479700
b770a6e6-fc3c-4f1a-af1d-533d7fde191a,7661053222.656300,1,10,30,2,,,0.242740
6be2893e-3c15-4930-a592-81408291adbb,23869743.347200,30,0,15,28,,,0.300542
a1ae1aa0-a3e5-42d9-9769-8ed9ac60ca0c,969865727.754800,15,0,15,24,,,0.479507
777157da-cb77-4849-910a-0619818f29a2,28371500.885500,30,0,15,30,,,0.336427
762069d0-1828-41b1-983e-a98b8ee8985c,291427728.482800,23,0,15,30,,,0.136965
972ca5bd-aff3-4a25-863e-8e79e7c82a4e,28101268.768300,30,0,15,29,,,0.165086
5d15d1e6-ddaf-4882-9a4e-1fa079ad718a,6930692310.221300,2,10,30,7,,,0.342506
635c237b-97da-495f-9134-58299ec5124b,95960653.193500,30,0,15,30,,,0.277392
4d16025b-c9da-4667-be84-1dc2502ff4e6,13241179.619100,30,0,15,30,,,0.559367
fde48e1b-19b6-4b43-8c31-a5ec038bd649,163660170257.118011,0,0,15,0,,,0.132545
5a4d8223-3017-41c4-9ec8-a868b84cf05d,534979842.312200,19,0,15,22,,,0.129872
84328f36-6df9-409b-bfb8-9a7360349530,50846725.463900,30,0,15,28,,,0.439884
470ca9d4-79b8-4228-8de1-2c217212f6fa,1102735763.175600,14,0,15,20,,,0.305980
ef7c67ba-049b-4e90-bc17-b8f44699d72d,10289960704.002399,0,0,15,9,,,0.210209
db10ceba-50b2-4f5f-866f-39c2e3a1d228,3501292236.328100,6,0,15,9,,,0.439792
4d156525-2f42-4d31-b818-74a7e12f846a,211866251.557000,25,0,15,28,,,0.437218
f13ff02e-9c51-4fe1-897b-c97411af052f,214593402.242200,25,0,15,25,,,0.583474
93489aa8-f9cc-4e53-ac4a-2bd78c7cf1e8,3113067871.093800,7,0,15,10,,,0.128600
5fbba1d9-0aaa-41fa-a2da-3f554bbab305,22185169.212800,30,0,15,30,,,0.642885
75fdff3d-d006-4fff-8ba0-61d480ed56ba,131272628.784200,28,0,15,22,,,0.753613
07aa6eae-9db3-4097-ae48-7d53cbcc80a5,57231040.195600,30,0,15,30,,,0.171836
ed105776-2e6b-499e-bb91-bb626870a8f3,31261367.797900,30,10,30,29,,,0.569966
561604d1-3953-42d1-8a02-0db8d3221da4,36817745.208700,30,0,15,29,,,0.424796
693ff85e-fff5-44e4-a624-31c2bef19666,76519992453.699005,0,0,15,3,,,0.110378
abe5b50d-ad6d-4e4d-8e9b-77cb078a372f,19930493113.971703,0,0,15,1,,,0.157253
fbb29981-7c09-4d58-bf08-459532876df6,1040786442.052300,14,0,15,10,,,0.434032
64ead5f2-7346-4cf8-aa5e-a5d9002cba8b,15783802183.498001,0,0,15,23,,,0.246865
7e5187e4-0d25-468f-b679-57093fc13ac4,5830258.013900,30,0,15,30,,,0.789245
1d8387d5-9346-4773-ab6b-3d996824cc10,21222759822.375900,0,0,15,4,,,0.180025
c90c8d1b-f472-4936-935f-1371ac3bc9c8,45405113708.723495,0,0,15,2,,,0.126587
6567a99a-7826-40b1-a07c-c3813942e153,16082666.843000,30,0,15,30,,,0.361405
a120ee20-29dd-4bce-99b5-2c70ee10c0a5,6455904035.790999,2,0,15,15,,,0.198965
a22f1c79-d4a7-42c6-91ab-12a85caf5582,58951454.162600,30,0,15,26,,,0.380660
81ccc528-e15b-49f9-96d7-603a8ae44416,117600750000.000000,0,0,15,0,,,0.094074
377b5e46-faa1-4021-ae36-ea912f5ed329,1396215454.101600,12,0,15,10,,,0.376611
47999462-1458-43e4-bb54-c2f758feddff,3153900634.765600,7,0,15,7,,,0.062995
199cea1b-361f-46b4-a80f-7a566a0d33ac,3666406187.504300,6,0,15,14,,,0.623521
62e4ee6f-363c-42f4-b9a2-0a927182c9a3,5310791737.828700,4,0,15,13,,,0.306314
e48f6710-5f15-4da7-b12b-27a0e00630c2,5856130513.638700,3,0,15,9,,,0.185022
62c905e3-cdc0-4486-98d8-a42c7c7d5197,3983054135.084500,5,0,15,9,,,0.219681
7b63d980-9238-4e06-a859-9e1d3e8e7538,9346427.232700,30,0,15,30,,,0.294244
76ebe5f2-d687-4c7b-9d4a-e8e0c913dbec,1088005249.023400,14,0,15,16,,,0.344148
849f57a4-c719-4484-b897-7a4a84929206,73485826.363400,30,0,15,30,,,0.324960
94639e56-e1d8-4ec4-8b92-78860f052b02,7338471.645500,30,0,15,30,,,0.758488
7ae58305-67c9-4673-8e5c-cc247fba98de,25066103476.174301,0,0,15,1,,,0.145799
5b2e9b65-8acc-4139-9f25-9c0dc92a2ce4,15912083486.840000,0,0,15,10,,,0.307795
563ed609-df83-4810-90e6-a312e668643b,1315371034.863100,13,0,15,19,,,0.270537
9de71876-dc6b-40ab-9875-d986ab4a4534,973496826.171900,15,0,15,18,,,0.272373
9537983b-a991-4b4e-96ff-825d94b9ca93,8469307162.806001,1,0,15,10,,,0.200273
77e9f34d-72c5-49a7-93a7-828199c764dc,277282232.925300,23,0,15,27,,,0.315499
0e04599e-ee22-4e02-9992-5df4b41c4f55,6597545110.041901,2,0,15,10,,,0.221388
8674df68-d981-4064-a85d-111921409a23,25611789702.786701,0,0,15,8,,,0.123399
090169c7-6146-4c18-8899-f3c313d86237,5107608862.014700,4,0,15,15,,,0.192400
98c3c6dd-8b0d-45da-94db-0e9f2651c651,5062150050.944401,4,0,15,10,,,0.226339
04bdb733-bb41-4879-a6f1-1c3b776addea,13128274243.705000,0,0,15,8,,,0.212391
f21fdc3f-55f9-43f4-a98f-aeda94546922,100401306.303600,29,0,15,28,,,0.521671
dca2a548-1275-4195-9947-8c4f9301ee27,52687400.990700,30,0,15,30,,,0.582326
6c20ed8e-5400-4bd9-bae4-5b2b991054b5,10055435546.875000,0,0,15,3,,,0.136282
c61bd75c-2461-4aae-9bf2-5c0ac39b17da,23862300440.038898,0,0,15,29,,,0.303225
034e95bb-785b-44fc-a322-2753daa80162,30028311.080900,30,0,15,30,,,0.343175
fb748b68-030e-46dc-a9d0-0e742aaf3926,94387468750.000000,0,0,15,0,,,0.092641
79a524fb-1d51-4dbb-951d-63f18cc30ee9,52151238720.405098,0,0,15,16,,,0.199273
efd4edf1-163b-4f59-be0a-5ddaf319ac08,178022354.126000,26,0,15,12,,,0.578091
bd579150-538c-40a3-8681-6df9c181b453,63195318.906000,30,0,15,,,,
b8d1f46e-0c98-4744-80a7-b13097852b54,1276771850.585900,13,0,15,11,,,0.694290
6e939628-724d-4129-92be-ea2f5d33a322,4081884.774900,30,0,15,30,,,0.698014
29b1a84d-fcf2-4abd-b55c-76d8208c5de8,64107464843.750000,0,0,15,0,,,0.253986
b0ebd33d-2668-4ad5-a363-3b1bd255ba3b,413281105.383200,20,0,15,22,,,0.221845
95a596e5-5ead-40e8-8e4e-0283b50c0f84,3043941539.546800,7,0,15,17,,,0.452988
1754915c-07a6-4c04-8c0e-0064aa5502d7,79839960937.500000,0,0,15,0,,,0.083716
293961b6-80e9-4460-a791-6ac95e773114,4897113647.601200,4,0,15,26,,,0.187412
dee17365-844a-41da-b53d-155a30f9ad86,245035924.298800,24,0,15,25,,,0.288566
381ec962-4ea0-4202-b364-97169c3b6c83,2672489340.401500,8,0,15,16,,,0.165790
8f2bd35f-558b-44b4-a224-43925c35988b,210023623.858000,25,0,15,30,,,0.999411
9f748d8a-e2c1-4868-8771-31ff6cc30f60,2930418310.389000,7,0,15,11,,,0.136111
7b972605-6870-4ad3-849f-d1a0fe39726a,10378021484.375000,0,0,15,4,,,0.467972
aac8b928-f046-45b0-b11f-3855e2e836dc,67396896.591500,30,0,15,30,,,0.914016
7bdd9003-61d6-4894-8378-343d3f4d5792,11090443973.925900,0,0,15,6,,,0.340733
7bd4a4a7-085e-4308-ae98-75ba907aeb94,3814514892.578100,6,0,15,4,,,0.243656
2577599a-d9cf-4e09-ac23-b0b5dd5a5f93,25365056640.625000,0,0,15,1,,,0.111937
d6cef3a1-9ff4-4816-b58e-143454267db6,1827701.707000,30,0,15,30,,,0.241744
e7f8ed0b-8e37-4e23-8ecd-9623cd6896cd,2272637782.569000,9,0,15,26,,,0.841037
8472133e-aedc-4e46-bf6c-e1d0ffa8a7c0,,,0,15,30,,,
e99b6aa2-f821-40ec-8ff5-43f9bcb2815b,62505053.783700,30,0,15,28,,,0.836444
27be1b1b-e5c3-484a-92e4-e604f9232992,28239206448.725601,0,0,15,3,,,0.274129
38fc5031-d4d7-4f2d-b66d-f0a5a6254961,62589794.614600,30,0,15,30,,,0.203505
3a3e799d-e92d-46ff-a9b1-4ddb4431593b,3081259521.484400,7,0,15,10,,,0.144838
98d69646-d013-480c-8f0a-37d7b54652ff,25721853.530700,30,0,15,30,,,0.601941
d9444846-4f85-4e9d-943f-4f3a81f7743a,11343869.014000,30,0,15,30,,,0.499010
c7631c90-212c-40f0-91cf-e30e7fc04227,99147458.130800,30,0,15,30,,,0.260845
2421ba13-0300-43aa-a307-5ec5e45686e7,313906443.406200,22,0,15,30,,,0.167873
45562c0d-66dd-4ba3-b70d-1de16e66893c,8300234260.649900,1,10,30,10,,,0.174449
d6e46b43-d6e5-4ce3-b5d8-996f291d03ed,1033213867.187500,14,0,15,12,,,0.246993
c22227c1-9b61-4690-8483-9ff793edee87,13816002.845800,30,0,15,29,,,0.638834
7d52dc87-79a6-4d49-a71a-f7c394936482,7791132324.218800,1,0,15,6,,,0.157245
6a18dc20-a2fd-457a-b89c-191195a7df1e,7496131785.265600,1,0,15,4,,,0.511214
415bc9e1-b483-4237-9246-5f27cb493ac2,217567855.835000,24,0,15,10,,,0.634623
5eeb4741-8b4a-456f-859f-748fa910c119,460427062500.000000,0,0,15,0,,,0.091001
29274df4-b689-445a-852f-7d2d78f87cff,4368362033.364400,5,0,15,4,,,0.333235
c3366126-34e2-4f01-8f99-37ae6578a155,1111616221.750400,14,0,15,23,,,0.915283
c9ef2318-3cec-4c14-9d3c-562a6fce067c,29381490.771900,30,0,15,30,,,0.383561
59aa59d0-280f-4d12-b10c-90deb3ad2705,42964170707.052498,0,10,30,21,,,0.285929
ca6c4862-4a75-4cc2-8244-9ae3948ce74c,4960051368.379700,4,0,15,29,,,0.185978
6c70db77-9265-4ac5-a272-603fdeb2a882,16381559.327800,30,0,15,25,,,1.080900
323966db-181d-4f60-a3cd-af3cbef0d9d0,5190196289.062500,4,0,15,6,,,0.222469
a2d12d8d-4e63-46a6-ab3b-de3fa2f484d1,527501525.878900,19,0,15,16,,,0.337871
f524916c-1d2c-469c-b575-c566b06a30a6,129066292.215600,28,0,15,30,,,0.967245
42f7dc7c-340c-4265-8f21-022c728605ce,18252788.543700,30,0,15,30,,,0.430363
2e81ca9c-b88e-4166-b8d2-75ee85e1181e,2343102783.203100,9,10,30,11,,,0.195622
b8ca49bd-cf3e-4cab-8176-93849d129007,143866927.168700,27,0,15,27,,,0.361712
765eb1b4-dc08-4308-85d4-ae2cff2098f8,107377578.735400,29,0,15,24,,,0.674094
1d083296-93fc-4c27-8b96-f64449eae61d,35417781250.000000,0,0,15,0,,,0.096951
ecaaa723-c952-438c-b577-e86acc5e30ec,3153102050.781300,7,0,15,5,,,0.302788
b7b46149-4d8e-49ad-894c-233a059cdc7c,11491174398.968901,0,0,15,7,,,0.273071
892099fe-b013-4f72-b416-4c40de2a2185,,,0,15,30,,,0.000000
a3ed262e-d3a2-4885-b9b6-f43f16eb6973,10099098632.812500,0,0,15,4,,,0.150824
6fa566cd-141c-4e13-be43-5045e2d721d6,9695612473.876499,0,0,15,10,,,0.401427
18115cbe-4a70-4dc2-ba33-20bc8a355cac,1302459456.214200,13,0,15,22,,,0.221339
441149ad-41dd-4da8-a69d-e98e6978bece,27303870909.624699,0,0,15,18,,,0.130646
168d7c56-999d-4284-969a-860aa903a564,8130010742.187500,1,0,15,2,,,0.217227
06a571f9-e13b-4964-8561-a2e1ba7e2e22,58389484.974300,30,0,15,27,,,0.396043
83854619-2f95-4714-9361-03a0972bf087,42831470.489500,30,0,15,30,,,1.255710
3820b60a-ac5f-40c3-9449-27f3ae2b3ef9,421298749.594000,20,0,15,30,,,0.258049
0b6123f2-9d68-4ad2-9266-c349feac65e8,3949505376.214300,6,0,15,18,,,0.608148
a7711a50-70cb-4388-8ac4-41ed17e839e9,319236200.404900,22,0,15,11,,,0.319261
6e8098f2-620b-4049-a8c6-9c7a165b6929,480102016.454800,19,0,15,25,,,0.443789
af6037f8-70e2-47bb-a324-a5fa7f024d6e,2090069074.048900,10,0,15,18,,,0.127916
7d5fea71-5228-4c5b-8480-e14d393432bb,17324437234.818897,0,0,15,6,,,0.214780
40a89605-5905-4bb1-8ba9-cb31404c5d9e,536464962.337300,19,0,15,24,,,0.734208
0837afca-1f5e-4b39-a28d-a8507b7f422e,39765970.842500,30,0,15,30,,,0.380488
89e13eea-192b-4a16-a2e9-023c0bf155d5,278144625000.000000,0,0,15,0,,,0.129129
c9e95cc8-7f00-4bff-98a8-8d3671e6108a,819256031.204000,16,0,15,23,,,0.419577
d0213f4e-26b5-4b70-b382-bac3e42b5ef6,115206657.409700,29,0,15,26,,,0.682037
1e5d4c1f-f07e-415a-98a3-56e9c9ac2ddd,92959560.043600,30,0,15,30,,,0.753281
85d3aa0d-36de-45bb-9f8c-3e00bd9df1e3,1971514270.812900,10,0,15,12,,,0.188475
7f29c675-b679-4bd2-b779-b7e4875fc058,42769308593.750000,0,0,15,0,,,0.182727
9ce46f84-fdac-4c23-8c27-6cc408afbd36,578317993.164100,18,0,15,9,,,0.540743
6e133dda-02ac-4916-aa42-4aed2e5ea6e1,280943359.375000,23,0,15,16,,,0.834328
4a83b68e-1aaa-4066-9114-5461646bed0e,22692388671.875000,0,0,15,5,,,0.243622
12901dde-ef0b-4f8f-a619-9507f042a087,49591515625.000000,0,0,15,0,,,0.142952
5f565964-a193-4d8e-a3b5-0c86750cf0cd,14149450468.195501,0,0,15,5,,,0.317193
7f936520-221f-493d-9710-21023963fa8f,79140632812.500000,0,0,15,0,,,0.123819
687313b6-0e4d-43b4-9ade-97811458f70d,1622179631.546400,11,0,15,20,,,0.227418
a2f41faa-f562-461d-9ea0-ba91bde2faeb,1499248791.288300,12,10,30,15,,,0.368766
c0ebf737-bdd5-4f3a-8968-b8b2aabc3385,1919728436.517900,10,10,30,16,,,0.186270
2d58141e-df88-49c8-ac63-10381e4ef6a9,4435678459.138300,5,0,15,30,,,0.830461
24a04f10-3ef9-41f7-a770-2dfd60104703,112260693.860700,29,0,15,30,,,0.405064
aa7e1a7a-0714-44ee-a188-41028cd7a79d,428602966.308600,20,0,15,11,,,0.427992
944702ef-617f-47db-a089-109869c411db,10360846679.687500,0,0,15,8,,,0.159067
f9a870eb-db35-4a5b-b909-26eb7bf9998b,5750090.754900,30,0,15,29,,,0.797290
1b411d64-0b09-4c73-bf6d-510a55712608,120677898.827400,28,0,15,30,,,0.267127
35f3f30b-64f8-40e3-9b24-02aefbd705f7,8658043658.981600,0,0,15,10,,,0.173201
324166fa-c0e0-4089-9831-375955a80922,11031194.267800,30,0,15,30,,,0.273877
7d360161-2a3d-4a6b-bdb2-74cd3ed5b8fd,720919576.682100,17,0,15,24,,,1.329159
5a9a70c0-3549-4d42-aba1-048f130cada6,2088755470.086200,10,0,15,17,,,0.170778
fe7992da-13c5-49b9-ae7e-02358be6ab85,6969748.020200,30,0,15,30,,,0.564408
04716ad3-134f-444d-b821-ff42bcf69ac5,989654564.274500,15,0,15,17,,,0.308877
5896d6c2-5317-4075-b34a-7c156d10cc08,3474930419.921900,6,0,15,9,,,0.394448
caa7ecea-206f-4a18-8da1-8819fdb5d06e,6146018.743500,30,0,15,30,,,0.821131
91a1d7fb-6305-4ebc-a125-15dd957433bc,3381566660.100300,7,0,15,11,,,0.198654
8ff3f7ef-cd05-466d-b887-9cec8f4dfc7f,218818390625.000000,0,0,15,0,,,0.088038
07e0a4ae-1a47-485d-95b3-56916759feb3,17745846868.492298,0,0,15,6,,,0.282822
bf306443-20b9-4c5b-bff4-ad95fc25df8b,6920153576.782000,2,0,15,16,,,0.958082
559938b6-e671-4132-b534-64a7026a858e,2053501835.888900,10,0,15,19,,,0.158063
fe8dd8ad-36c8-4e51-adb4-276a14f18240,133909809.428900,28,0,15,30,,,1.132369
d5a21393-4730-441d-aa5d-4524cf38b15b,24082029728.016201,0,0,15,10,,,0.179640
e6c773eb-1836-48bb-b4a3-ed7f2768272e,193349546875.000000,0,0,15,0,,,0.206264
7a81433d-749a-473c-b36f-6ddc5db781b6,4664078527.021200,4,10,30,8,,,0.257099
096c2cb5-627a-4b2f-803b-53010d632242,708746698.667200,17,0,15,19,,,0.544079
252ed533-4860-4f4d-9a22-f983019e4a52,3753445800.781300,6,0,15,22,,,0.267453
55956eeb-c391-4752-9ee1-5e5b741a8bee,203259704.589800,25,10,30,18,,,0.380090
a7e18fc2-9ef6-4e6b-ad37-3cf01c1e3d65,155670173.167300,27,0,15,30,,,0.368141
959eb536-e3bf-490c-83fb-f91e2cf21075,3141936636.484800,7,0,15,18,,,0.317510
9dfd4191-5d5b-432c-9c56-e7677425bae2,67805705.112600,30,0,15,30,,,0.366056
0aaf8f97-1ba8-449e-807a-a4aba0890ea1,992428125000.000000,0,0,15,0,,,0.091715
22fe8e8d-5a18-4d42-b8b3-899b8f87379d,28874584.985500,30,0,15,29,,,0.903968
492dc497-56e6-4fb8-a61f-7f1868fec45f,10787480174.284599,0,0,15,8,,,0.167219
53895b8d-e3a5-4c47-8b97-e118ea71027a,1368799472.608100,12,0,15,18,,,0.389783
8b8ae9c1-6891-43ab-a02a-5d9397821d39,119196817.504200,28,0,15,30,,,0.228754
6ca2d6ae-77e4-4899-899b-084f1ef369f8,627879494.264000,18,0,15,28,,,0.092051
05ad3252-0be9-4983-8127-4484f18b3bb3,125546472.323100,28,0,15,21,,,0.345463
0bc10da2-333d-4af6-a7c9-e3950f47eb77,8736327148.437500,0,0,15,5,,,0.148180
ee8e0066-a7a2-43de-9797-5c11cd883bf9,38300785.472200,30,0,15,30,,,0.323573
81e84a85-3276-4f73-b4f0-f47b7137be81,61531644531.250000,0,0,15,0,,,0.125585
04ad6b5b-d121-49da-85b0-1fd9165cc126,554145507.812500,18,0,15,15,,,0.565548
2cf9b91b-4b54-45b1-96c7-52e3787fb125,10441913085.937500,0,0,15,2,,,0.258296
e122c23b-c4e1-44e2-a005-86f05a9f89f9,40385234375.000000,0,0,15,0,,,0.213136
be196699-0c70-4e21-8e16-7dc9cd4a9d2b,5702039550.781300,3,0,15,0,,,0.249322
4b81b40e-22fb-4bb1-afa5-351c2f72fd3d,81397647.921000,30,0,15,25,,,0.948314
0946de2c-5213-45f7-bef5-d2b45423304b,56071070.076600,30,0,15,30,,,0.972279
a5b9baae-da8e-4a9d-8014-74abb19704df,1775546218.447200,11,0,15,19,,,0.409154
3f0e422f-feb4-4e4a-b9d5-bbb99edbbf57,27270130582.907200,0,0,15,30,,,0.101869
449243d2-13e7-4eca-98d5-4d0a8a8cc17e,18098285.668600,30,0,15,30,,,0.297349
38c813c6-a99a-469a-ad56-15183bbbe1f8,8454609375.000000,1,0,15,1,,,0.346568
648612ab-530b-48ea-a2ac-61ac25390665,2686339812.690700,8,0,15,16,,,0.863074
acfa37b3-63c5-4a90-97ca-1f09473873f9,76926681846.657410,0,0,15,1,,,0.152208
a798b1a6-9fab-4a32-8714-c253812cf4e2,820024963.378900,16,0,15,17,,,0.148037
b448e1b3-2cf4-4ef6-b6d4-8af5f03853a5,872091510.677900,15,0,15,30,,,0.294295
30071c09-511b-44d6-b5c6-94971df3cf95,1455877878.438300,12,0,15,19,,,0.199919
34a1986e-4059-46dc-b22a-d8a6c1c209f3,10172040039.062500,0,0,15,3,,,0.158447
94caa1f3-4444-4316-9796-1899789c4cd3,3306644000000.000000,0,0,15,0,,,0.251931
a7db8d6f-98be-41c1-86da-4109d77156da,16814830078.125000,0,0,15,1,,,0.146761
312e4e53-e54c-44ab-8979-94218cb47669,36608738281.250000,0,0,15,0,,,0.217861
5d16e253-b39e-4510-80a0-485da91f33f5,8549170607.809199,1,0,15,6,,,0.293900
e83a4d69-8150-40c0-8f6c-2ccc3472a20b,2329063525.432200,9,0,15,16,,,0.083186
f6498dde-f40a-4c88-a909-f1cb983bcc71,141998404.441800,27,0,15,30,,,0.244104
e58d619d-75d6-42b0-b588-2e317d72369a,894000452.183500,15,0,15,30,,,0.139763
5d1b9af6-dba1-4827-86e8-3caaf109e8a1,15387360130.063700,0,0,15,11,,,0.207900
e9a16c54-f067-4260-8410-c581579eb8ae,571220358.302300,18,0,15,25,,,0.250102
8722265f-83c4-4810-b326-fb884dc248bd,1622721.560200,30,0,15,30,,,0.801765
178d5c59-538f-4d71-b266-887ecdbd91ee,5754687036.783900,3,0,15,15,,,0.177675
7a6c3ac4-c5fd-4a33-be34-d21e3bd76a51,8930258833.349001,0,0,15,7,,,0.143663
2328c3d1-c15b-4ebd-92f7-c6faf1081f70,231319684.390700,24,0,15,30,,,0.326550
5ed0ba78-e10e-4151-9da4-20379fa8f0a9,2012782414.584300,10,0,15,10,,,0.228886
bb43dd37-aa83-4788-8332-a0f6a80af4d6,175477389.284500,26,0,15,29,,,0.515184
78dc79d0-e4b6-4172-b982-4637a56358d0,400506408.691400,20,0,15,17,,,0.180647
8533f3e4-6e1a-4cfe-a4de-8dad6c03f53c,53867027343.750000,0,0,15,0,,,0.127331
c5d00a5f-3c63-46e5-8e71-ee02e2f52adc,11331630.967900,30,0,15,30,,,0.978839
f75aec5d-7d5e-4eda-b5bc-f38d3a1e8f69,30173396.186900,30,0,15,29,,,0.310248
aeaf9753-421c-4e71-b911-ee3350f1c82b,311629302.978500,22,0,15,13,,,0.457422
064606be-842c-4ca9-a91a-11a9e52aca4e,4260291.576400,30,0,15,30,,,0.890103
2c76eecb-5749-4ada-8210-09ccafcf3a61,849301371.051500,16,0,15,20,,,0.423687
029861d8-4fac-40f1-adcd-0b3fbd9944e7,173481380.840400,26,0,15,22,,,0.748042
34e9cc3b-2e8c-494f-9246-9bfbefbf5f67,7936895808.737300,1,0,15,6,,,0.247243
99b1b497-2b77-4ff3-a0c4-643f19845b20,49972432294.432594,0,0,15,0,,,0.324245
18918502-b4e3-4d3f-8004-ab219b5f7b99,4232750564.944800,5,0,15,10,,,0.592103
da538645-bf36-41b6-9f84-b254814349b8,14398913978.703300,0,0,15,8,,,0.474435
25858f86-b0ba-4e5a-9c14-bd638616681b,148654533069.402985,0,0,15,0,,,0.152857
00787b5b-eacf-4a00-847a-99f84264c350,3558770263.671900,6,0,15,5,,,0.218128
ad68c1af-cde0-4b37-b73e-f9a2f94788f5,12189256.820600,30,0,15,29,,,0.598715
663da27f-efbf-4f18-bcb3-918699f2733e,440160766.601600,20,0,15,19,,,0.405874
62abcf0f-a698-4a65-bd4d-4a9c325e5fee,26651882160.645897,0,0,15,7,,,0.154908
66f8b1e8-3da0-47f5-b450-55d20e5e4fe8,2903274132.249500,8,0,15,10,,,0.272523
39f14815-ae89-4f70-b52a-5418eca0bb63,1581179.429800,30,0,15,30,,,1.356035
75ecd708-a977-4a04-a236-a6ebf672e9aa,31115216550.685398,0,0,15,18,,,0.319361
7cfdbc4a-e611-4090-991f-0a821beaedb6,186448306.979700,25,0,15,29,,,0.150562
3b7dca2e-3edc-4a69-b636-d1618e71b101,1642269824.984100,11,0,15,28,,,0.061221
370a8e8e-237a-4185-b099-cd8864930e03,100462245.685700,29,0,15,30,,,0.176145
899d82c7-aa36-4dfc-87cf-de19efbb7799,2134737792.968800,10,0,15,11,,,0.187639
d66172d0-9c16-43ea-9d4d-e52feb36f720,6766638755.105500,2,0,15,12,,,0.141311
eaa68500-e16e-4f39-a7c9-7aa95a8e1352,39119846.975400,30,0,15,29,,,0.345177
bf477c2e-2bc1-4451-b6af-b2f17370e426,64965533.557600,30,0,15,28,,,0.739227
3f4559d5-d974-491e-8127-ee77ff5a36bb,32651424019.400299,0,0,15,8,,,0.121223
ed8f9188-8382-4852-b8b8-9e3a2a6884d6,43382106.781000,30,0,15,29,,,0.502164
3db67fb4-729e-4807-a291-094fee5bac1d,317825225.830100,22,0,15,20,,,0.288936
94654600-4f37-4f79-b25c-71affd42a673,3262725950.153100,7,0,15,17,,,0.448062
ec554010-2aae-4ec1-a996-53d5f1ca0461,131008145.442200,28,0,15,30,,,0.256770
13f2bd03-4290-4674-b9cd-8e7f42911a3f,7555442871.093800,1,0,15,4,,,0.223132
3eba915a-7458-419f-bc45-97db305f551e,27711041015.625000,0,0,15,1,,,0.099519
0f8276f3-e6de-404c-8faa-f3881c1d70f1,650173767.089800,17,0,15,16,,,0.396653
a5b94df3-e931-4e5c-afb7-0d5dc9d20985,21451136259.476501,0,0,15,3,,,0.228806
a6d8e502-b463-4105-8895-079b72082500,181009359375.000000,0,0,15,0,,,0.133108
0fa197b1-4467-44de-9f65-ef6a3798c932,40708554640.421303,0,0,15,5,,,0.763439
979e2f35-3c2a-4219-b6b0-c86321799232,3983761778.235700,5,0,15,30,,,0.127908
1c4aadef-5330-4f80-93c1-0438fdcffa0e,34041923845.746403,0,0,15,6,,,0.107467
bdbcb9ef-70a2-41e5-bbf2-832c32587724,8521098040.829700,1,0,15,10,,,0.082133
bd233982-05b6-420e-80c9-c13962578509,808048745.788600,16,0,15,19,,,0.496787
da3df868-c02e-4ee2-b676-89ea3ebb8bf0,24972816.538400,30,0,15,30,,,0.401918
afb2e927-dfd8-4345-b8e1-70c19a52c3b9,22284250.750400,30,0,15,30,,,0.435122
f9656a87-0d68-49c4-a67d-15ec9a44aaea,1243581625.026300,13,10,30,21,,,0.246770
d019e0b2-ee22-46bb-8ef6-a341c71f4cf3,1366543212.890600,12,0,15,18,,,0.386790
ba194d2c-c421-4e70-aa04-b13d887417b6,6328528764.956400,2,0,15,17,,,0.317999
016f14b0-23ed-4fd1-9f00-a7a31ae815aa,65110038.757300,30,0,15,28,,,0.381943
b896f663-474b-466b-9430-2c7ff6b74a05,667469335.993400,17,0,15,30,,,0.304588
3942f16c-fa04-48ed-b916-154ba4406f76,13203901.290700,30,0,15,30,,,0.374179
41227873-0bf7-4da3-a3ba-fc8f18515bba,30.023000,30,0,15,30,,,0.000000
b1d1691e-9967-4928-81a5-4890b0911337,89712989.807100,30,0,15,23,,,0.576676
2fb9a64b-edcf-4e37-a6b2-73754e9ab077,905955.833900,30,0,15,30,,,1.414072
84d7d639-ef6a-4a5d-b128-94a41080aa2d,1820095280.641600,11,0,15,20,,,0.082367
74dbd171-db0b-4027-a4b5-46d76ee10148,465819821.965600,19,0,15,28,,,0.181178
8f7346f7-d1c1-466b-a140-b8fdbc3f41a9,73193629926.253403,0,0,15,2,,,0.142237
40d12872-e80c-4bfc-998b-5163d2ea2b97,97053.595500,30,0,15,30,,,1.407142
27da16d4-f1d7-4a30-a901-3f48f4ab43df,20718819709.618801,0,0,15,5,,,0.239623
52a035f5-68e5-4921-95b5-e9f6f36a19b8,96750845.630200,30,0,15,30,,,0.363154
3bee5b86-416c-4abb-8489-889e80965baa,12183784222.081900,0,0,15,9,,,0.136261
ab9c1bac-f1d3-473c-bd3c-a8441f8ae992,133598527.162600,28,0,15,28,,,0.612440
ba9a0473-28df-4dca-aef0-4f68e9a4fde5,14883543.482000,30,0,15,30,,,0.625203
09605b6c-b33e-45a3-815a-f80317f9a3ca,29254906.273000,30,0,15,30,,,1.089204
94a8ce93-aa07-4f41-a5d7-ebf2318fc509,1523655586.629200,12,0,15,16,,,0.182186
f027df1c-90ce-4fc7-852b-f01abbfeefa2,136850738.525400,27,10,30,25,,,0.507562
a5d21372-e1d8-4277-a1e8-6de4f0e15eda,11072462.081900,30,0,15,27,,,0.900711
cffc8c9d-d5d1-46e5-b9a2-8e21ca4cbaae,,,0,15,30,,,0.000000
172ae5d4-6cae-49de-884e-424124c26ce6,190874206.392000,25,0,15,30,,,0.526996
98e11150-ff0c-450d-8664-a0ee1d98a04d,3108343805.761500,7,0,15,9,,,0.400128
32f1b7e0-19c0-4641-8bbf-75277d45e22d,6458186035.156300,2,0,15,5,,,0.147432
a94f4c0b-fea6-4a4c-9e81-529e8e8c1bb4,116791765934.664001,0,0,15,4,,,0.116472
5f961211-efd7-4757-b747-663ff43487b2,2393802978.515600,9,0,15,14,,,1.211060
d67abc90-ec21-4373-bf00-b774d3682b3a,46269092.559800,30,0,15,26,,,0.629720
a892ffc2-1ac9-4fac-a735-63793b790872,162706638683.298004,0,0,15,0,,,0.161661
39c8e968-34c3-47a7-8a50-8eba3a859bd9,1718205154.210600,11,0,15,17,,,0.352240
caca2b08-6b0f-47e0-8f30-061b0024a481,31900617287.843098,0,0,15,6,,,0.186783
85f8a769-285b-434c-82e7-254fc0d90056,231020832331.898987,0,0,15,1,,,0.155886
f36eef3e-11a9-40c6-8cc9-7ccf0e70ef05,114360571.387000,29,0,15,29,,,0.164196
47384940-37d9-4fc2-be05-e15e217da3da,126871814.064800,28,0,15,30,,,0.300704
53e54ba3-9aed-4150-8581-0aacbb9f5180,83906281250.000000,0,0,15,0,,,0.092435
63e73f6d-4e56-4d55-bef7-e83af7bca408,9938607421.875000,0,0,15,4,,,0.140016
47c1f0a6-311a-42a2-ad2c-7fafdb94efab,40654952.354900,30,0,15,29,,,0.285351
d88314e7-10ac-496b-9a1e-1753f5e6a9be,18311427448.401100,0,0,15,8,,,0.182140
6a731c35-eca5-45af-9346-24b1dac27fbf,578157599.101300,18,0,15,30,,,0.108723
dbc18178-ec0f-46f9-9be5-d1d556718d89,2616959988.915800,8,0,15,28,,,0.145544
4576a0c2-025c-4a20-887c-e98492017284,126967033.386200,28,0,15,23,,,0.385881
2b842729-906b-49da-a847-e8828c7bb339,981243581.660200,15,0,15,21,,,0.312523
5e4c0fb5-95c3-4e84-943f-94746b6a1218,82143839.983200,30,0,15,30,,,0.382772
8bc47115-994b-4891-9521-05cc0972c349,472238807.376000,19,0,15,24,,,0.183640
222cdc2c-381c-4cf7-8807-47df3be46e09,712728027.513000,17,0,15,22,,,0.316040
bf098b89-e703-4db4-bd99-1707b9e51dd8,26214257886.543499,0,10,30,4,,,0.196807
f3a15800-8ce0-4760-b38c-a959ab66e7cc,12069528389.259800,0,0,15,10,,,0.381230
3c99b1e4-9562-4029-af7f-9a6873d0e98f,129734770.817300,28,0,15,30,,,0.584263
c35bf370-ad41-4d9a-8b37-70c35e978989,625666208.131200,18,0,15,29,,,0.146421
9c0d288d-5228-409c-b102-a034ae6677c3,45877247.431200,30,0,15,30,,,0.239382
4ee1eb6e-b8ba-40ba-be2f-b69aaeae75c1,266934875.488300,23,0,15,23,,,0.399775
970d2b5e-f2dc-48e1-afbc-ebb41fe9adb5,402618316.650400,20,0,15,16,,,0.471121
49453089-2851-4a33-b847-c948671cb2ad,10081063317.764599,0,0,15,8,,,0.227351
36771540-9673-403d-93b6-eeef5c6818f8,254685715.083400,23,0,15,26,,,0.248588
1d4f6ec4-8699-4bcc-8de0-09f11281f04f,1271225830.078100,13,10,30,17,,,0.333708
da966be5-cdb3-410b-a87c-83d415324646,10776892330.629200,0,0,15,19,,,0.309833
5d470090-c3e3-4056-a49a-65d3f649c58f,120037103.932100,28,0,15,27,,,0.133032
545b3c05-21f4-484a-9d5e-3a5da0c299de,75506067.477300,30,0,15,30,,,0.232366
99179325-2bc1-49e8-91c3-9c8caaa1bc82,445480652.938500,20,0,15,27,,,0.130247
1cfff5c0-0251-498e-a59d-5be708db6bf2,627305775.678500,18,0,15,20,,,0.536605
cea7b47e-2b55-4849-8598-b45cf55980d1,2519385794.160700,8,10,30,14,,,0.188171
13fb33c9-56ae-4343-9171-876de31d6482,38181128.342800,30,0,15,30,,,0.389189
63b55bb5-7351-4dde-99bd-7ae86ee50dff,119523918.151900,28,0,15,20,,,0.494143
9452d27d-a726-451c-9a87-5b223b9e1775,2683116810.652600,8,0,15,13,,,0.110161
69dd267c-e789-47b4-9d40-2179e1baefff,472674682.617200,19,0,15,9,,,0.826839
d7a6e113-7145-4a91-a119-b7e0f635ff3f,1123507147.290400,14,0,15,27,,,0.249579
a97106e3-4240-4559-80e3-9ba99cf5e25f,519481670.203200,19,10,30,25,,,0.167387
93cc32c8-dca2-490c-b748-f3eadaae994d,155505156.691400,27,0,15,30,,,0.339135
4a1bc209-7222-408d-9f71-55bc37d18b9c,456124943.662600,20,0,15,25,,,0.861344
e82f0d8a-d5bc-4a65-8e9c-064df7887d24,2704041891.508500,8,0,15,11,,,0.353001
60588be4-c683-4e6d-837d-ab48a39ec38c,161558251.551000,26,0,15,23,,,0.362338
6a745151-82b8-42ab-b2a3-bea4f82e0ba4,16846979650.566202,0,0,15,8,,,0.131963
a5b77fb6-eb2b-42be-af69-eb3b5acb9d87,452745748.174000,20,0,15,25,,,0.186381
8fdcab39-6177-4d62-b86f-89c328b2ac60,3186598.300900,30,10,30,29,,,0.975321
6f2abf10-d2ff-4a83-8434-932fdc20d09b,278945169.843400,23,0,15,29,,,0.342235
7c4073cd-824c-4d79-8306-6f7172502b03,2441635136.018400,9,0,15,30,,,0.426596
788eabfd-0d46-4c0b-888d-73dadf1f0f6b,30909939763.022499,0,0,15,0,,,0.252451
0d3be7df-cf81-4467-ad52-f95f470c00a7,4489144613.252001,5,0,15,19,,,0.183763
e06fbe45-a835-432b-8814-8d55205fc197,1732851270.988800,11,0,15,19,,,0.307624
d266c24f-ed7e-46ea-a98c-26f049184fdd,80951531571.887802,0,0,15,0,,,0.369254
391c9b22-caa9-432d-aceb-afca01d4ab75,3960658919.558000,6,0,15,12,,,0.234451
a2eeea12-009f-47f8-9fa2-63f6285e8424,34219851562.500000,0,0,15,0,,,0.153795
de4f398c-e4ae-4c21-8104-d6a178bf7ba1,12558815.956100,30,0,15,30,,,0.471937
02b27171-d2c8-47bb-9454-db54043906ed,5255493360.392600,4,0,15,9,,,0.214598
e34817fc-f9e1-45b9-bde0-40bfe23e6248,3253397575.061600,7,0,15,12,,,0.132716
15efa373-7a21-4c21-9849-8cc0a315078f,121009426.380700,28,0,15,29,,,0.237621
fb82b2c8-ed6e-4a52-9617-815bad65e98f,10934373046.875000,0,0,15,4,,,0.258533
9581ae5f-d539-4ef4-9150-a95955e39d9c,20339743001.295700,0,0,15,6,,,0.166187
31fa7e57-a9f5-4120-b3eb-39906ee43f5d,929990070.712000,15,0,15,19,,,0.314869
f90f18d2-4f3c-4661-b7aa-0fe6ae459e0f,31265551658.276703,0,0,15,7,,,0.135199
9f2ea171-e4c4-4eab-985b-abc6ba28691c,62924130.759100,30,0,15,30,,,0.532598
