id,asset used
8975ef0d-3064-4368-a6ef-571172812803,24
d34b21de-edfa-401f-8240-116a27137701,27
da6885bc-8809-4c0e-a41e-513b74983493,40
dce5ad98-4eb1-4cb8-b96c-9bd474c59f98,51
e554ac04-65e7-4bdc-b909-3bfd0d0bd017,30
564e3862-dee8-431b-af19-24036774d680,32
4ef59aca-65b4-4b77-96f7-34e6dd15e4f8,22
1ae0ae57-56e4-49ed-a0f4-f972cfe05fbe,28
50438558-f377-4ab0-bec5-d370c76c0917,10
0acd0581-853a-4800-8d4c-062652f3bb4d,26
13cfeca2-71fc-4ebc-a2fe-2d94e2425d07,24
f89eefe2-3c15-48d8-b8ca-78b0ab8f6873,7
1663e6b0-d24b-4197-8990-069ec3f699f3,55
4ca0d2be-fa9c-48dd-808e-a132dd8c38de,31
7726b419-3ec2-48e6-828c-113c563317c8,9
8a4fe19d-3bce-4af1-9301-f6d2de9ce906,24
2ae6e76e-6d21-458e-afa9-5ef41f55c9a9,9
37407bc4-fc2a-498c-8b31-7eeb99709d3c,9
fb35a92f-8637-4149-a036-01d2303e1a50,11
fc551b23-e5a6-4a80-8bac-be429f87608e,5
2530f245-e9ac-4598-bba7-04c7bbd80f58,55
a6b15f2c-0ff8-41f7-a6af-f5688a291e11,14
52c81400-c96f-45c0-90d2-20a87e9b41bb,8
f055e815-de4e-465e-a42d-e76da9592521,10
be6adae3-acbb-4c0a-85b6-21a8b0a961f6,11
9e51e3cd-b0f4-4232-a859-f3b059a118fd,44
c4c03499-68ce-49d8-be6e-550fc3915c9b,57
3fae0d9b-3f4b-4c1c-9995-81a5fd2b11e8,11
faa1f571-1dde-4539-9374-07dda4761f18,206
5d0f04a4-05f4-4708-8998-5b057e13a3c9,32
cb54a683-2433-4d3b-800d-bbc378894252,7
4be481d4-f274-4bb9-b7e3-340fa2c1cafb,18
0bca0d30-9857-49b9-bdaf-90aec840554c,37
339c364c-1c41-4d75-aad3-4ff1dd7271f3,12
35ceec7d-8a10-4aae-8732-463cebdac68c,39
0215a204-46eb-4f36-b59e-3a9ec6bf35aa,36
f24a42e5-f171-4e6e-a1cc-286d29c3d42f,30
a840e338-efba-4fb2-b206-d87c657319c7,28
ebb6f844-1344-4653-afb2-d9925fb9a8e2,193
82261437-4edb-4dcc-8e2b-f9a7878bb0eb,39
7c5a6a91-4acb-4b6f-905b-f805dc9523e1,35
ba5193fc-f793-465f-96cf-2046cd27c705,120
86380873-afd0-4812-8cc6-8c4cb2f99df5,16
0ee0dda4-f746-4322-a268-4170d14f591e,3
e8f0046e-cd82-4100-b122-f3f37a1f5d3b,25
b1e56b71-4b77-484a-b916-2fd7e1ad428b,96
3ea1601d-5c51-4fc1-864f-adf5bcb8a12d,64
596461df-0034-4d06-b520-bb8733ba1611,126
cf1f54dc-3da5-49aa-bb59-5c232fab10ef,25
f093b92e-0632-4d0c-918c-e0a661a52d40,33
38b0b8ee-a11f-42ea-b20a-4eed09fc4bad,47
af8d72e8-3ecc-49d6-8e45-c8a4acca0a3e,4
ac80e301-9dde-4dba-9830-a70b13373250,18
11556c4a-bdc6-41ea-84f0-7e508f33e5c8,23
2fafa525-7702-49f6-b2d9-5d8d9fa1abab,29
d89c238b-4f31-4972-8ea8-83c7c2f9826e,4
55e3968d-83c2-40c7-976b-cede3f3e55e8,18
b3ed8e3c-cb75-4806-8c13-7dde09a77212,9
f3fee82c-42c8-4645-a321-881da6e097f6,327
b2b4c3e1-0fad-42b4-a5e7-5fae98ea7564,6
467266e1-f536-4623-a994-6a9e34eba38b,5
4046873d-5ecd-46c1-9732-5b7c1b47e6c2,78
97267e8f-3afc-4a09-a509-62d99d7455bc,32
d59e4982-1589-4603-aa4b-012e8ccca1dc,4
1524d6de-49ac-48c5-b628-0feddbab91b5,1
d469c167-9e2e-4921-940a-3b7767d125ad,339
e02cad00-94bb-49da-a3af-e5261326a006,22
91bc40a2-9388-47c2-9aed-831b0279dfb7,21
cbdfae4a-b724-4d87-b0a9-f4230ef19fb3,14
3ed8964f-d679-457d-975a-6ebf25dbfd6e,5
87f5008a-af13-4eff-956a-a3ee40cfa317,5
55ad586e-255b-442f-a034-65dc0b308314,11
6cd4b2f7-fdc3-43a6-98f3-82acc84781ce,190
4e09d58d-d985-4283-b630-8caf8d5e2a22,4
30957f90-29ff-4f15-bae8-57566fd83185,79
7b892894-ec22-49cc-9e7f-45d14d6cca75,3
f600b2d9-1e1b-464c-9abc-a1d267fe4f9c,14
7f0ffe10-9af8-4c96-808e-be9cdee06fe8,56
e6470d4d-9c38-439b-a019-15b7778759cd,18
e10de210-ba1e-4810-b50c-42847556fc8c,21
799eb49d-6a75-4a81-a38c-7eaa3040831c,23
8feeb9b5-6471-42c2-a65f-d1451f4d935f,1
f72b8127-2a69-4420-973e-51bb4f2b9419,3
42623e62-cad2-45a8-98a6-a49c34bed357,14
9eaa230b-20b8-419e-bbe3-7625f05b24d9,40
5d7a3621-d91f-4637-9996-9015b3cffd5d,2
5b20134c-3040-490e-89a3-337b9c93361a,397
64afb72e-be76-42f7-9ed7-2e47aa668177,20
6ddd2ab1-8766-4183-bef6-18b9638df850,12
790fa5a1-8d8d-47a8-a5ee-89c4bb470d1d,10
9ae5209c-731f-49ea-97c6-d430912e2439,31
a25b598e-70b5-4295-a429-6bc87c806509,11
c221c77e-86be-4996-949e-ddeb96f2bce0,7
d69d9d70-26ca-4a86-9819-e6ef15d17b7a,18
ee9592a4-f586-4b4c-9436-4a6057417450,14
529c2503-1958-4bc1-8ab5-0a5a2dfa3a77,62
4b30c763-2dd3-4476-9adf-f13fae539270,12
00b5c1d8-2c78-4851-9f70-d1dc1e364c12,2
59869763-2eb2-4306-87a8-14a043718765,22
f41aaedb-a3a2-4f19-b2a6-47d7cd97ad5e,337
d9a3fe54-e51a-450b-bfd3-1edb76329f01,43
ade0e04a-99e0-4561-9ce3-d870311c377f,1
cd4dfed4-3e2f-40f3-914d-9bbcbb5dc2cf,13
f9a81f88-6081-4777-9622-3f5e4e65c2fe,73
9ba04dab-c869-42a5-8795-d252de390de7,114
41afe7c6-a914-4c9d-a11a-32331059fe28,169
c793c349-c6c4-42b9-b57f-9f00facb9fa8,14
1685c800-9c3c-4dad-98b9-4830b0d420ae,16
f375af5d-0b2b-481d-9c25-0f0f9d587107,4
e0699856-7a01-4ced-b483-4acfc176fdf2,14
3a87617f-ecc2-4d82-b726-336451683412,12
6ddcc7b7-6afb-4031-b1e2-068c3f933514,62
01354fa9-4058-48f5-b00b-b3a5d7b483dc,4
25175f26-afe7-4293-b687-dde916646ea2,14
40934b50-72f3-489c-9053-7c8233682616,11
e7984851-cc71-4ec7-ad06-392ceae37b24,9
99b1ddc0-3a2e-4cec-8b0b-0aa9307a6f22,10
65d1352f-cdbe-4f1f-b2ea-fd22f855fce0,346
897f4c41-1c90-43bd-b480-92136d935252,14
658f07bd-fbf2-4796-8b7e-6ae2656bf955,23
dfaea743-397b-4fb7-9e2c-a0f01f86bae3,4
e6d08b9a-8cfe-48ff-8aa2-6b9665b1a8d3,8
d913ed68-1897-432b-9782-88b3c05a8081,11
a31ab286-a80f-4c06-a076-b687a13eb025,18
0b3f03fd-3358-422c-af8f-beedecfb01bd,19
6c4f4ef7-cca0-4c2f-95ab-71b58e001014,12
1cbb38ba-143a-4a73-8a47-42f0cc60ee98,1
0d86cde0-7cd7-4917-a9a4-7edc99e0a212,309
6bcb9656-51a8-433b-8c39-d931f0ab21b9,17
d0a7eb5d-83e9-4059-8920-8d0a8184d3dd,63
2077f049-c9cb-45dd-9449-1817d658e469,6
e8900e18-c985-4718-b0ec-025834ec0a8e,314
c34b2bf5-e95e-416e-94ad-50f58d10b0ad,46
045dcd53-e08f-411f-86ff-559ec2aeb071,7
1666607d-e234-468b-86f7-c22a7007f8ec,1
5616cdc8-e403-4fc3-b9d0-35a03190c60c,6
bdb426c3-b345-48cf-97b0-cc5f5a602884,66
08f61c65-5982-4f01-bed3-107cecf3f39c,247
8bb42686-8ae5-418e-a82a-92194fb4caff,2
846c35f8-ba84-4dd7-af31-83e877a55365,1
8671941e-b5f5-44bb-9861-533831509b8e,31
c54e08f6-d369-44e9-b8b1-f33bd3704f1d,34
955462be-e558-4ef8-b4e9-e7cc906de340,3
37f42050-72bd-4d17-8a64-f5c956024ce4,27
c49f6bbf-e957-47dc-88ef-bc35e0433db2,230
62c7fd14-597a-4cc4-af96-9d05e2faed7e,5
e672286d-acad-41c5-89f2-d04002f0aa09,4
36eca32a-a188-445f-b53c-0f2d0b47f61f,13
fd5a24e7-de14-4236-80f0-efcb366f0d74,8
46ae7cb3-ad4c-49c5-a3d4-0a624488f6f8,3
1dff2db4-7f69-4f02-9f6f-feacc94ad3ef,8
a4d1c923-4e7a-46a5-bc80-321b1cda373c,5
d68e648d-c698-4544-9af6-2a50a6854cf5,11
65739d75-b79f-4775-b06b-90b8c8d2d86e,18
fae4bf3d-0f2a-4435-ac46-8c04a0748f85,5
02d0f681-1abb-4c87-8b27-f9ce8d7ee37f,7
5e2c06b2-6279-436e-80dc-e6649ebaa1af,36
fe9c3024-4f4d-4b08-8523-50a9577a300f,9
8d543872-c8b0-44bb-912f-767a486389a5,8
4148812a-c4c9-481f-b988-cec6ea0395c4,54
118bfa16-3063-4863-8dd9-e0d0a4a0a40e,9
d7e4b396-67f7-4f39-8de2-beb6e3675c17,12
50cc5649-a25b-4213-8eea-3f5ca99718b3,16
bae6a081-b9af-4323-9c40-99c57eb8c518,66
3400541b-1c17-489a-ba7e-1cf5b4b3c631,33
4bcf58f4-252d-4e49-9ae4-05df4d4d4302,9
12cf7e3b-0a31-40c2-94b7-bb38a706ccf3,7
32f5e2b5-271b-4a2b-96ce-115877869167,9
b8503ca2-234c-442f-9caa-fc47a9a802fd,1
482ffd95-6a65-42fe-a3ad-a4adbc5abc51,34
5c3495b7-2d56-447d-a0b9-9649106b263d,72
2415d5bd-351f-41ad-b7a5-1cbfedcb55c7,16
d0c4a633-0e02-4b98-82c5-1df09f4459f2,1
e71b2043-cfeb-4b67-99b4-52ad4a746bf3,10
aa0b7394-7114-47da-8ddb-1c836cfd2e00,6
fbf0378c-982d-4431-8f91-9befefc64504,10
b5d3dc31-a1e9-461f-8364-1516bb681d15,63
79b93003-d11d-4e40-b6af-6a1cd8d3f08c,6
11630337-7c94-43d5-91d4-6da84c175f48,24
62cd07bb-c189-41e3-82fe-bcb3b5907832,18
1c5b38cd-2abf-47d2-9e41-f67325c1f19c,18
0ed97210-a74c-437e-a040-a2ecff377977,21
acb4d26b-461c-4753-924a-03d067c8543b,4
de2ede18-8491-48d7-8eb4-20d459a899ff,9
f39a0bb2-0924-4f78-a43c-18bf5cf1721a,13
388b8e74-c712-4dc4-86d4-a0e195170f17,21
f36aca54-2932-4d94-8105-692c8324a32c,2
3663b674-ae18-48e1-9a56-262297c74871,5
c9419fdf-77a5-485b-9fb2-1a42841104b2,4
b71c6fe4-6581-4ca0-a21e-833ca1129efa,10
3d946f04-1fa9-4d1b-91f6-6db9283c0f16,2
5bdb299f-4cb2-43f8-969d-0e33d0621314,39
13b8de6a-259a-44e3-84d4-726b8945db17,85
236e9daa-dc3f-49b3-b6e7-9d7682ecacbf,5
f3bdbe13-7c79-4c1c-99ae-5486cfe6e39a,184
acb232b0-0415-49e0-9b24-df8c9687d072,11
8b0c1f38-7bd2-4072-aea2-d86a69dd84db,13
72440b07-800a-4ad0-979d-72488ea19044,12
0d68ba22-49f8-4280-a153-35a4a137e88e,4
fe1935b3-25da-489a-93a7-c8d392774ffb,37
37469f26-029e-4278-9f29-640ea44c7d25,2
6e8015d3-6770-438b-9025-e7554defad29,7
989aff55-d9c8-4180-b532-a4b81dfe3e68,6
841b3454-07d6-40ea-8815-c3dd8902f6a9,4
70ec9896-f5e5-4a6c-be07-29b36578c004,5
74a94046-40e4-426a-bdb7-6a247743208b,3
72d2de56-d910-47a5-aaf3-0c25ddc86f24,22
a70ec659-0cc6-4c74-9e98-dc3f5be73a3c,30
2bd0f074-3985-49ae-b129-eb99261ba91d,8
966906b4-17d2-4ebf-a504-8f68e311c782,2
f9211943-b65c-4c9f-bfad-c21ea849b547,8
2b5ff648-dc4c-4fe1-9695-dd18db72edec,60
115a5a88-b77e-4467-acad-f1d72f43c2c2,4
510ac923-75c4-4bda-9f6c-fe93262b0fd4,4
27e2e9e9-2b71-4302-9646-ddb0d509fac9,1
22e51c52-83a1-4f3f-ae70-c9843517951c,2
b3b18029-3098-4824-b4a8-1bbeafe924b0,48
a7953a99-2d65-4640-9c8d-e35a2a0b8bc0,422
deeb6ea3-d025-49aa-8e6a-e209801c13a6,12
47e0298d-85b5-4311-8173-94c8a49e58a7,15
62a87913-7b80-4988-bf53-65c072f6aa13,14
eb18d75d-6bb9-45b7-8037-654bd38302b2,1
4e666c8d-b4f7-4c3d-b5fd-6bb11b2aa4c4,4
7d08b909-730b-44a1-a835-0ae1cbde86b6,11
f7a4ca11-c8c9-48ca-83b6-83309dd0f9df,4
6e3b4392-6626-4299-934d-e04c66ac0d16,10
c6c73931-41e0-484d-bce3-dd72966b28e4,23
2cf07d18-36e0-4fd4-b0f7-9a78d2b508b5,13
7b36dfe5-2ed2-421b-bf58-f9ebbe647ee5,7
e67f0ea9-2f34-4b5b-a30b-1767b45f1e5e,51
ef9c4a39-dec7-49d1-8ce4-c14ece7e2988,1
ad17b98d-8522-4ff6-be5a-484565a43a45,11
f813595c-c028-4fdb-a19d-26c577c0a8d8,12
a0dc2dfc-5840-4e87-aa8d-77ae35864099,15
91182b81-478f-4740-9ffd-755c64869f45,35
8ae45e03-b73b-475c-aaad-ac3e34e1e1c7,11
e6c28575-b0ba-42bf-8ae5-86c01de67273,2
dcb43865-51d0-48fc-931c-6ba0afc61a94,2
31ea2ab6-d184-44bd-afb1-2fcb2bce607c,5
24756856-f8aa-453e-bdf2-6e8866cc3852,8
4bd156ba-009a-470c-a9b6-e65e87f1a36f,9
18061d08-a75f-42e7-92f8-96701110ad5b,3
e608184c-23da-4adb-ac36-c1dfe6a4f18a,87
61a37be5-218a-4daf-889d-926d059fef42,14
f46ae152-b04f-4c77-b2da-28f3b70522fc,365
adabad63-1ee0-4651-ae14-184d8f939113,4
82703b30-176a-4e3d-8175-508dcab66fc1,1
1b00c124-b43b-4e9c-b7fa-e47f5c6b9634,7
f95b2e32-42ab-464c-9170-59c210522553,82
9b09d73b-6df6-4eb9-bc72-9ac177ec3914,11
eaa33bf8-2e55-4b7d-aebc-ae01e82e42da,9
a39ee799-b193-4139-b9d2-514638c959dd,7
f946e413-6de1-4a7c-a22a-1e4baa3199c1,6
7b8e8e8e-7c95-457d-a631-1e2eab2396ab,29
5e11521d-48d1-4a4e-87d5-b0bec7671e91,8
7fea1d1a-86f0-4c84-9fa0-b50029be272a,25
dfd234bd-3989-4769-808a-2abd037ad05b,13
fe4d4802-fc9e-4f9e-a0e6-60ea5d4c34cb,1
7fa4bd52-d5f9-4b86-87b7-7461f3d18601,6
b9742c4a-ddf1-485f-9d96-d6ff9361bcfa,4
a072cda3-8b41-4abb-8c97-6797a20fcd8f,15
3dc4b004-6296-4ff2-9a34-89cf9aa08238,5
e50016d4-ac39-4ee4-9dea-53a469d2cea3,212
e95f11fd-4704-4357-b67e-95db3b390d3b,13
a364c790-3d2b-45ff-a2db-2f326cef50ec,8
565e2bcf-41e1-4f87-b444-3be4eca3f141,14
1830e961-baeb-404f-80b0-633d5b928313,4
92aa5268-d703-4fbb-8de5-a208e80b08ae,23
539621c1-de9c-4838-8881-0cbb7ec7b81f,2
a5783740-d136-4dc2-9324-80ad1b098fed,4
756c71f0-3f30-4474-b089-4900fcf2a5b0,7
3a6de0c3-46d4-41b0-9031-d080993d0a5e,8
6bc16569-05e5-4be3-831a-99f50e8ec741,66
4466ec51-6603-48f1-8ac5-248ae9cef624,12
78748001-ee38-44db-9391-287a5efc0ba9,14
65dea82d-7cf4-401e-9243-c688c24c2c40,5
060e7395-797e-48eb-b771-bcb27a344678,8
efb160b5-c2d7-4c3d-91c4-1a593fc0c27e,12
91cbd074-0121-40c6-bec9-b9a2b512cc87,5
4518793d-518b-46f1-a82a-850398e17b33,150
c9af1b63-78a8-419d-868e-ddaa1543bf6a,5
a2b4df9f-2b94-4678-b849-caa002bd7aaa,7
c8ea472f-e1fe-4fbf-9054-9d248a386f06,1
18ecf363-4645-4c2e-a0e4-23132a138149,1
293741f3-b95a-405c-9a05-a556a6758529,3
51dc73c7-6b53-4479-abdf-ede5380e5723,5
738b75cf-939a-4814-9d3c-23a52de3607f,3
da9bcf66-2df8-456e-bdd5-5216c9bed056,4
64747f23-c38d-4d2e-a37a-ca6d70a6a9b7,9
acf6b913-3cce-4edb-bc62-0db81cce2d46,5
6fc5f184-eb6a-43d8-9227-e93f922076bd,11
eb6cddce-8fe8-46de-9897-9f75e3060920,5
412ba5de-265f-4ba5-be2d-610e82eefcea,1
9ee070ef-3e8d-4f27-bc0c-0acf6b09b6bd,6
0ba40ece-4aee-4400-ae89-d80ebec9ab70,8
36f3df16-0c79-4928-a7e1-7dbe0d80e17a,5
a60d4b28-506e-48a2-aa5c-d3df167efae3,2
7eb5a9fc-6049-4986-bf5b-75632fd19166,1
0cef54e4-7c4f-41d8-86be-1baa58b19a22,18
240aeb3a-ec3e-4a45-9cb7-4f8af1f8b987,18
41bf8e4e-3076-4ddc-86e8-92d02e5df774,7
bc03b47d-b5ce-48f9-b6fd-c572679bc690,35
529f3e4c-c85f-48b3-95b4-9977626d9b7f,3
19532178-2743-41a4-974c-dcf8a95c2cbe,3
b41ce93d-9085-47d8-9c1a-6b89f9906bd0,4
0cf5422f-da8c-4504-bf16-a83fe1bf29a6,6
d1831eed-4eb9-4573-b809-e1df50555aff,4
ff14ae44-41dd-4f89-97f8-91b0e7df6a66,10
04ef05d8-bfff-4dc2-99fd-de7072aa856f,92
7114bdeb-2e22-47ab-9e7a-b35203b53abf,40
d9333555-85c9-436b-92b7-5ca60e06a5be,5
46f1b34a-4dd8-40fa-b7e3-099c060251b9,5
66933bd7-37ba-48e6-9bb2-bd820680d990,5
886d0821-dabf-4a58-8003-1ddbbd3f92dd,66
09a468e5-ede4-4420-b819-85cccf65c986,7
48fee8e3-a168-4c80-95be-9de1d541ead1,8
8372b56d-b548-4f75-a6b7-afad05b1ed30,11
59de43bf-4e06-4b42-a4df-1493993c2c36,3
12333f9a-f63a-4c40-8cb1-646d0a14d876,1
03b0632b-c227-4a78-bced-dfdabb713727,49
80feb6e3-9030-4323-9de3-caef3bc5c7de,2
41ae8ede-82e1-44d2-bba5-330fe0510a4d,84
38642900-1c34-4828-b5c2-19e31f8f743f,1
6880fd71-4c24-41e0-99b5-41c74616123f,20
8cda11a9-0289-400f-85ac-af052954cae0,17
83a36740-f945-4d16-826d-c31f4c709085,10
5c3066a8-50c4-4fe9-91f6-b8e59bde80cc,1
6f0953f0-d4d9-41a4-aafc-36c213e82467,14
88c0dfd7-6199-4ea7-9f22-f8e12b029cac,7
5d122558-8332-48f1-85e7-39fb6412afad,3
9ec4de48-a123-40b6-aa40-7d63e44dc786,22
da69d47d-5127-4dca-8a93-0e7e01100414,1
72501131-3995-4659-98a7-0a891461f6f0,6
3356e37f-1f26-4ad1-abd6-807de67c0b66,26
71582ff8-63ba-4ee7-9e51-29ec025c3aee,2
6551640a-70f8-4135-ba40-d0ee6f3792d5,16
067a45f8-50c5-4536-bc96-713f3e4403cf,3
c38e374b-7ecc-471e-868a-1b37086f0cd0,4
a9177d55-20ee-4e46-9185-850f5b2fc7f4,1
b7ac1d27-9988-4b91-a347-628270fa67f2,18
3964db0f-8337-4461-9fcc-727e08f95d2c,90
d70b298f-1052-4433-ba79-06cefb196cd2,3
dec58fac-eb67-4100-a1d2-ac04b585d6c1,21
f612c597-8da4-45ff-b470-5ff0499d17e1,2
ecb8f3b8-fa1d-4fa8-ae4a-1c820dd9b826,12
c7d85856-f515-46f8-bc4e-be74e528aaea,21
f213bedb-3e4f-465a-b95b-69a95510deb3,4
12198b4d-d313-453f-9d07-ab5a59405542,14
59375f4c-3fa4-47ad-bcd4-6e5bfa90a051,7
9dfc7580-0317-4f50-8a22-d88486971f80,12
4f6e7e03-d409-48a1-814c-7720bc7f5b12,2
6c0c70cd-41b0-48d7-bce1-595cfc3bd213,42
f5ba4c51-a227-4939-97aa-dcf34a7db6d1,4
3327b897-9e82-489c-b34b-04ff537b461c,6
54eeec7a-7853-425e-ad57-fbe6e2fc6dcb,18
8b5fb616-4a23-4e55-8e80-94274a73b3d6,10
70772ffe-461d-4ec2-ba29-5ef471c3b68a,2
bf0b14b6-e59a-4b41-af27-a0c6a16c6b5d,11
53d375bb-c0a2-4b05-9da6-e90184779b7f,36
293cdea9-d81f-456c-9612-79cb7c3855e4,6
ad70f642-06ab-4ceb-84e0-0dbd6f86807c,4
07ca8247-e516-4e38-a3a9-7355d65d2d6e,8
0455b8a6-089b-41d3-8a28-997c4c19c444,1
13392881-4480-46a2-8fe5-1feeca44f4cf,15
4b40182d-fa17-4d6c-a2a5-3ae3a6f67d79,4
6cd9b23c-7713-4d1f-8408-809b559dc7c7,138
f8c49b94-5109-45c1-ad87-54c80c38cb88,3
a3982278-77b8-4554-82e0-8bb59e7650cb,1
9cbb9284-a15e-40ec-918e-180244815483,9
045d0c71-4885-47bd-89a2-38cb67b972d8,3
caa2c6af-7c55-4f49-8abf-e4e0678d39bf,1
2e7c1c31-abd8-43d1-9238-bd88f759eb01,7
f222749d-2ac5-4a85-926e-7c7820509a13,2
12c44018-4c52-4537-b4cf-5ae2b4455a0a,5
f6a7f11a-01c2-4c1b-b897-3c8008fbb71e,1
26938399-cbee-4056-85b6-8a8f2c62a5b0,7
9c0d374c-c549-475f-9afc-7fadb756ce73,11
3fc7712a-0b9a-44b9-87ae-3aaaeac3d4bd,10
3a127023-3a81-4a62-8d99-e9d1c9004eca,3
afc59458-8e46-46de-a19e-862b55d29653,90
e5dab616-b11f-4f72-ba3b-b2bd326ac180,2
86a47301-acd7-462c-8e23-7597034accfa,1
c56dfb91-cf80-46ce-b03e-4cbd27b071f1,4
da3714da-36d7-483c-80f2-b722e2e841ac,3
f6db4663-520f-429c-acbb-71851848ba31,3
1cc9ebc8-3e99-43b0-bb01-4927b9c86098,11
acae6527-bd47-4f29-a2b2-7baf785d57b2,8
1f983003-9550-46c8-8483-37062b1e7b26,12
a355fb74-d999-488d-9084-a298b8842c4f,5
ab267937-224f-462d-bb17-45d84340312d,100
ab95f2e3-92c5-42ec-8c61-6134e23108ce,7
43fcf5ce-88b3-4a38-904b-3a626115f574,7
bba1942d-3dac-457e-ae18-65e7c6f59761,7
86d0d31d-63f8-40e0-856e-c8b7cca03368,2
0350ba37-76a6-4772-9a4f-1270cb69e364,6
6973a727-9c36-4d62-b4d7-2aaacd7c4dae,21
e281a5a3-1b82-4d42-8938-eb7e758f223f,15
5b89f8cb-827c-43ca-ad5f-c53efa3bac9a,6
0ff982bd-38f6-474c-beb4-4439d77788a4,42
a1048daa-8e35-4ad0-ab49-f615516379ca,4
30e5c07e-ba5e-4a39-9558-5e0b63e1ea63,3
66c1af37-08fd-4cf4-b73e-0d81b2e22111,15
613500d6-a6e9-40ba-bfe0-25d543a04f0c,2
2019798f-3f9f-4496-99e2-ff455d87fd24,3
1d96143b-60b0-4f5d-8931-2713db5cdc44,8
63afdb30-1327-450d-a8e1-3ec3ceb2571a,27
6119b879-dc6f-49b1-b0e5-ec57e50de787,7
d8a5fb17-8438-465c-98b7-c4a8105e1752,10
2128d13f-a2a7-4ee4-845a-c6ad199d0ca8,57
e13c456e-e713-485b-b9df-924775c35e7a,3
a804b41e-1efa-449f-ad22-b98eb78b5a72,3
b6ab51b6-4e1a-498b-a064-f5aabe6e2577,1
f2abffc8-8ff6-4e61-b2c5-965a42e4e880,8
3361c85c-8f98-424f-a485-4073a8386763,12
3f2c8007-bbfc-4b18-83eb-d8a7a9a8fb3d,3
dac8e1cf-9e99-4b3a-8f41-e93b47328dbb,8
7a3ec496-935f-4940-a8db-2e86a4da4c65,2
b3cfe15d-8e32-4df4-ac3f-a10f9a719fb7,4
024f7dab-8e93-40e3-a5cd-3561deebc916,2
f94ee712-d991-412a-bb20-a45bd4d3e777,4
a45f868d-2853-4d08-adb3-defda47dccfc,36
22e386c4-f1c2-46b2-841f-7fa6110e9eaf,13
ffeef203-ed8e-4343-a99b-740a09a724e9,2
72081aed-5678-4624-8173-9ab48c113c05,9
28e2e5b5-c5fd-4ca7-877c-8b450e503bb9,7
848cc75d-8ad5-40aa-b8e4-223f47f22f36,30
8b944c87-925f-404c-b526-8677cb0f4436,7
363b030f-500a-4622-8766-7e6ecb0e3343,8
b83489c2-5994-4b15-9393-e38563d2ef7c,23
fb4d5c80-bec5-4f7c-b9c0-46866ed43c5e,7
a7e84213-4b8c-4a36-9bf8-699d79566052,10
82f2e28b-574a-48e7-b11c-5248a643adc3,3
9516a7cb-25ab-408d-a441-abb7b9526144,7
712bfbff-07db-4581-8911-c4bbb3f28e48,4
5628ee85-2d58-45a6-bd55-b363563cfdc2,18
6e5efc75-9970-4d87-a3cc-4d82b86d26fa,4
f5438322-0046-4f6c-9f2f-2821892f82aa,5
bec2147e-daeb-4480-9a0b-357ab3f5c753,5
6db3150d-6cc1-4890-a37d-bd35be5feee6,47
89454915-7d37-4f5c-94b4-5a659e6284f4,4
a8dbc11b-7b7f-481a-b82b-09af6f77b849,3
901a15a5-c932-4199-972b-02eb7b18be73,4
8ad988bd-0c4a-4f54-9ed7-8e6a86803420,4
f6dd237d-3c51-4577-89f4-9986ea6dbc64,11
e4b46aad-306d-4775-be0d-eb8c2f172e0b,10
2f64d43c-a3d8-4c5b-a16c-df54d99fb78c,7
beb10eb4-f6ed-409a-bb2f-4f3a5ede855e,10
4f2949e8-75cf-4472-b451-8c59e9442574,3
ebb169a8-f970-46de-b9ef-e99ee4e38c3e,4
8aebc9b0-5092-46f3-9df1-1fe610196750,6
3034dc2d-7aa2-4bc2-a4f3-ccfae3a5b58f,3
06daf59b-b415-418d-9256-312951a88539,2
21aae921-ea9c-44b7-bb53-82ddec5b627e,5
af293433-7197-4375-9946-bdd52a4889e0,21
3cb79473-fbe5-4a07-952c-d463fe5fb434,4
850a23f6-d32f-4158-83c4-95d4f9765c69,1
56c376a2-4bca-4bcf-a09f-6ef422fdedff,3
2bf16464-5800-4120-aef1-8ff01ca34844,5
656b1023-e567-4230-ab99-84086b94e5ea,12
32e53812-34cd-4ae0-b484-c6babec8b7bb,8
66a9abe0-4e9c-43fd-9eff-670d5fa8603b,9
b03def87-794f-4649-abbf-e1b5437c98ec,2
0dcc5f0c-7b00-4b69-930d-dbfe25bc3877,35
9cb19339-696c-469f-a6d4-b2a865d14b06,2
aaa19847-9edf-4730-9946-f47ac66e4fca,8
ab171fa5-eddb-4750-be7c-b2dcc0c19bc7,1
99222db9-c52d-44e4-b04b-bd6c328ca7b0,7
1ce86056-4597-43ea-b527-4b18d27906a9,10
ea4ba3f6-cda9-4dd9-80a1-36f35a06ef89,3
82953358-6f17-4619-b6fc-662af636d73f,8
9ac9db5c-e8bc-4bd9-bb46-2b30b598574c,6
bde6474d-b0fc-42c7-b3a5-d30479b345ab,2
667899f1-9739-415e-a661-cf4f551bd3c5,4
0489a3cf-3f59-42a1-8a46-c6f36a223f87,7
33bdacbc-495e-4317-a69a-861f94643eec,4
17d65183-75f8-4d32-87ba-737909922798,2
5ae308bd-0dac-4e55-9426-8363cc160400,2
2269d9b3-ab43-4f31-aaf2-ed054a68614f,8
5245be6b-c1a3-461d-a0bf-f7e4b1f31834,6
60896983-f575-4037-84af-ae047ae08ec8,16
ff723f5e-0d62-4442-be82-d4fe55313b67,7
ec18c465-11d3-4944-bdda-6c2b709d2318,1
694634d5-cd67-4948-a8b3-d2096bafad71,1
4c6cdfde-bf0b-4020-892f-7eab4aff344b,4
f02f539f-2a35-45f6-a010-015d20a80e7c,8
aabc1071-15c8-40be-99ee-e64041e99d6c,51
9e7a60ca-37c1-4344-978e-dc7dba53aa93,7
b94cba78-ab4c-4052-826c-95f662d27db2,10
bccea3a6-8f71-44b8-b296-f2716de18b29,25
df8aa679-76b3-47fa-b4f8-61f845393c34,5
e7a2e155-26cf-40b5-ab79-7382f702c500,1
bd680ed7-4d4c-4422-8f8a-ff302a1b557e,4
004667c8-cc5b-4eed-9e48-abb730bf1075,1
be9803eb-98cc-4153-a0e2-456ee338de6c,14
9b636386-0657-43e9-b2e5-f06da0f84ce6,3
cd5e66db-1fff-4317-9ab1-8a3289d5b8db,12
25c0048e-e6d8-46ef-a5af-2e7d0d977c4d,16
36a8bc19-cdd4-486a-8a3a-bc74cfd7d04c,7
e0d8c699-3644-49e4-9099-dd498e5e47af,2
fdb861c6-6554-435f-9675-fe64e52f0a13,9
8eaa2e93-aae3-4cad-a89f-10ccea976499,8
544a8edd-7890-4556-9f3f-5b567b684ed4,13
6afe7e42-bfde-41c8-83db-7957076dc061,5
4f0d2bc3-5f77-4925-bf9e-4ee3d1777eba,2
4a91341e-021b-4ff9-a08c-62650f44804a,4
c667a3b9-6a34-48a8-bd3f-67cdf61900d2,28
24cc7392-9a1c-40dc-b9b0-6c27454bb186,1
976d0800-0d42-4b9f-9bf6-3d39e9accb8e,7
4923f502-89a1-4515-aa1e-603286b10291,2
a49f4d61-401b-4184-8ec0-c9a354079b74,3
f9725511-ed57-4b7f-8f47-85341e60102a,3
6c0b83e5-7a84-47a6-a0c0-e1a8794c964c,8
68accf44-8421-4983-a8c2-cf7cd68a18fb,13
ee9f4a9e-ad25-404a-a798-da0fc23b40fc,11
d0d6d0ba-b37f-48b5-98e5-2308b22d35aa,1
eafce9e2-9063-45f9-b558-9b6c904ef549,5
b83df253-c309-4135-9ebf-a2e8af351daa,4
906f3b31-e35a-4bc1-a93f-d238f318134a,1
9e1c190d-cd8f-4f2a-9c8a-e61548f94e0c,4
68be4917-f946-4e2d-9e33-dcc88e7dd9a6,2
aea3f339-2ea0-45d9-9c95-d1c35a801894,2
034cb1e6-a02b-44b2-b4e1-f9b06b1da946,6
1060393b-b87d-410b-8fdd-5795dde08cee,55
c696c63b-ff99-4c9a-81e8-24a251661c66,4
4f1b3727-570f-4184-93a9-91133529e14b,1
2c3ccbf6-bc4b-45e0-aaca-a19fa3b280da,1
548477c6-3296-4d0c-b91c-2a4457e052fa,4
76185337-bde5-4631-a8b2-7a89b6359460,3
15c593f0-f2c5-4dd2-9e0a-537f4fc09c2a,5
25c4d096-dd2f-464b-a6e5-27f85d4a3461,1
6862d051-c3fd-42e0-ad92-d3155bb6c1e4,2
cb88b73c-c51a-4802-8f9b-0729b60d8cba,4
01cc1fb3-3026-4edc-bf5f-f78f7ec803fd,2
55f91b40-b3c7-4079-802a-321c578cec2b,4
ed7936e7-70c6-4092-bbdb-dc3df118689d,6
755ec623-4800-4499-91b7-967581c55bf1,1
11e0cf67-0d47-44ff-ae94-d549c3110cfc,1
d6e01a37-8c99-4336-80ae-2d1ca0a453f4,5
56044780-f89e-4ecb-9c28-0a71c82fa7a9,4
1dfadee0-d4a2-476a-9b72-7c22da375002,5
750b5976-1cc4-4c36-95b6-65645a3111b7,5
f5ca8e7b-6aae-4ecf-af34-b21a06021a7f,10
4d8aa34e-9831-45ab-8ac6-9e72cf017581,10
7ac85830-4134-4b47-a102-544481b541c3,3
06cd8261-6700-4955-b81a-82a2d5832ce3,6
f251f7d6-ee07-46fc-a445-80af4a2b2a7f,1
0ba0bced-292b-4d70-a978-b559a0b67809,1
3d6c7d32-0d30-4f19-8f94-8683577b4dd6,50
37f1560f-ce92-42c4-bc22-fac7524adf59,10
6fc51af8-d713-458d-a76e-6491c3d6924a,2
db3a7b4d-410e-4220-861a-44555ad255c2,2
a1efdeab-616e-495d-9e44-e94420b717ad,1
60663932-4ff1-4eb7-9141-9fd555c53708,1
34f190ac-df72-436e-a2cb-db292515712b,3
c8983e08-366a-497a-844f-559e5baeb8ac,9
48155606-3405-4dfb-a604-b59d9b22c9f6,4
0a45d5fe-75df-4bfd-9482-71e64034bd1e,5
355c37e9-7ab1-4e0f-bad0-3e0a03279047,8
bf242c2d-85da-42ee-80f4-3ef399e2f850,1
0c751dc4-4695-4154-802e-7cd23cd92a43,6
9cc244ac-43fc-4361-bf0c-f52bbac02300,1
6a859b2f-9283-431c-8ba0-91dbfddc600a,5
3937d897-737a-440f-8d0d-366f35e675a5,32
5c995a31-abd4-449c-9b1a-9f9a981e2a66,5
126ea55a-c956-45de-bcce-f91044aa33fe,1
12112c72-68cd-41fc-a119-3e1c00adf3e2,5
7546ce29-c1bc-4114-a19b-8586c27c7303,18
d1c20177-521f-404c-9809-ec572c8aa29d,11
4d31ef72-af6e-473b-be8b-de26ccfeb6aa,6
e4f2337c-426e-4f62-ae1a-16e7e442d263,3
5fd0152e-13de-43cc-b90a-1fa8d841950d,266
7ecbf61e-f677-436a-aa66-4fc5b6928bc5,6
f55aae2f-e533-45b0-932b-d058188d36d7,8
09915d96-8f80-4079-94dd-93ab8978a70f,26
b666fc7c-f5d4-4c46-92cc-1975b1711251,7
032b2ac0-a947-49f1-aab3-1d2722c8dfc8,2
e2901feb-d8ae-4d53-9c28-81e054bc1e59,5
0316d97b-60ad-4291-95ab-08478d4bfa9c,5
5fdd2db5-65be-4a37-9718-92f5453920d1,183
04c574a3-5191-4093-ad52-3fa17ee18473,14
f8b1c2c3-2163-42e2-9c42-c1e2d3a2f1e3,15
a7a972bd-2249-4aae-b1c6-530a4b77779b,5
892bf018-9ebd-4101-9521-7e8b3d0b608c,6
a10811e3-77f6-4bfc-a4e4-fc2cf634c036,4
85bb1bcd-a1ea-40a4-b5a3-e79d70e27506,2
ebb047a2-0909-4f7d-90d2-25d36cb9169d,2
4b4d0149-d968-4512-9a1f-6061f34839f3,7
d5f77461-6903-4598-a702-e5fc0bfd703c,1
78c8db0d-11e3-4c68-a27e-8d282169bcda,7
beb999c9-10c5-4816-9eaa-93df98629118,3
f791aa6b-1f65-4b24-a0b5-0c476221ebfa,4
a59915de-cde5-4c61-b945-76e1c1540892,9
83a1714b-8e43-40b0-b4a7-3b52e4ac7f0e,5
ffbdabb3-2571-43b2-99d9-bc6cac9fa1d5,20
b2e86630-3890-4837-b4a1-557da8804d5b,1
d24759b6-877a-4e43-a279-5184650dcd30,1
6cc84174-2bb7-4340-bf5b-231be5dbbcf2,40
56a07f5a-25da-4603-a0f6-b4e8ea723d77,5
c6d7f591-a9b6-48b8-9b46-dcfb437dcdad,2
e65bf83a-4253-43be-a382-f08eee3a3bf6,6
a78cf7e4-a979-4d8c-9d26-b8f018960d81,7
3de2424d-4a54-41c2-bbb8-28676eebf541,4
48d0dd4a-ef27-4f4c-b8ff-7ce81b818019,7
4495ed80-37c6-42c3-8c63-d9cca11de874,3
f6e3c6de-2c1a-4d85-be9c-591de7c68a62,1
0a52b4f6-5095-4988-8ecb-17f460b23d62,2
d3010f6c-5044-45b5-bdfd-9035ff1e9dc0,15
cdc3dd26-4c18-44df-ba45-84e59e5b90d1,5
3b87ee1a-369a-4f88-8abf-1aad10486930,2
2b20f9de-5fb4-4615-a5da-fee68241ee79,9
3454d7e6-5998-440f-a0da-738638e8c74b,3
d90c1373-5462-4e0e-8b86-78a726393506,4
40ae0efb-6427-4b8b-af97-57f6be1152b6,2
9a372ddd-16f6-4cdc-ab71-bb25c91f184a,2
fcfbb6a2-75d0-42bd-9b1a-e5043748e88c,8
e57ba610-3b0e-4558-a9fa-82d433bdb23a,3
f09518b1-71ce-445b-ad21-01b9a4664a4e,8
ed6bbdca-4dff-4e3e-8362-43cf9c4f8f0f,2
14e71d01-9387-41c9-aef7-1b265177f286,3
801578e3-768c-4139-80f9-acd7d5db1b28,2
f3988ec2-a756-4590-a67a-0160e47b6aa2,5
be0665b8-7838-4816-930e-5e9a3265d80f,5
dd807fb9-0f1b-4cbd-a8cb-504f559866a0,1
ff97d304-59d6-47cb-a961-cd5d483718c8,3
3b903bd1-b11c-4af4-b672-c577f121ec73,10
f5630313-341b-4e8e-a319-0877c396878f,5
8ce44f90-42c3-43e3-8ce4-083e3ffd4d7b,4
dbba8c6d-8031-4223-9c42-b8ab9da87de4,14
584db39b-8dd1-4aba-b6c7-763606a43e6a,7
b1e9b96f-f4b8-4f87-bd2b-a82a6ca0a54a,2
5b7d81cf-91a1-4663-9b1a-df13f14ecb76,6
a6ab255f-dce7-44a8-a973-3cf8db2fa765,2
5ae2c1cc-9944-4283-be9e-18fd91d36550,10
10c45940-cda4-4a6c-a7b1-9f12c9977127,5
92beeb62-ec61-48f0-9674-95c4b3948b36,5
030a9b53-d592-4bcd-af48-cbef92bf61eb,2
d4fbd092-d347-429c-9ae2-515dcd06fc4a,15
fab9f3bd-08e6-419d-a55d-64ac3c5285a7,6
15839dd2-e376-4324-991d-31a35d601086,1
ffbfd2db-82fa-4593-96c4-2e26f43b964c,1
68e01f97-582f-45e0-a230-c5c06e6f2894,3
bbdabd9a-4669-4d2a-81f9-855797b9f95c,1
8ad8d8ef-655f-4e21-b605-5ce5e5e17a87,10
4b17017e-dff4-4fae-8232-b79ae18dc450,8
35111641-eeb3-4ea0-9b43-352c3576dcf6,1
f032ae78-68c9-4d14-a4be-4d00c290adee,6
4820761f-3684-413e-a215-58db43a06fe3,10
d04e917c-62e2-4ff1-9f38-fda370c3a481,4
7fdfa181-8e53-4095-8d12-abfb31d7e785,1
c5751e9b-4f26-44bd-8fcc-0dca3c84e7f1,3
33794ae2-ef0a-4eed-b0c1-0ec64b5b58a1,2
3a0c81de-d8bb-478a-aa27-d0b62e7cfea7,1
81080d80-2edd-4996-972f-5c31a5fb7b2d,1
95b5c977-5f55-4a91-8ff5-3b69ab2f4090,6
8eca5592-25e9-480e-9542-bcaf204e598c,2
b837b699-471f-42e1-9e2b-4bd4b13eff8c,5
552e0603-2a93-4960-a93a-0b81c9c4c207,2
00af109b-6f84-474b-acc5-56d98b5621b1,7
e2e8c8e6-3527-457c-9afe-b48982dabf7b,1
57d3b14b-6b69-4b60-9b46-e7b1fe025c09,9
b4676e38-d444-40db-8747-d07c89fa376d,4
3e6c6fbe-955f-4608-9e1d-96281eea33e3,4
d76ed843-f77f-49aa-ab79-9fa505d6a016,3
2fbb9bed-fe2b-4ab8-8ea1-c9ec0c508c9d,8
7744a712-f24d-49ed-88ba-48273b68a7cc,1
d3b0b359-33ea-4192-a3ec-02bff1f445be,13
48097721-bfec-48f6-b10d-18d830d2e18a,17
3a9610b3-8f57-4735-b394-5a91c3b593b5,3
a2de91d3-d85e-42e8-94f9-1b18ea1259b8,7
8cda0c18-04da-4435-9221-5e1bc63366c9,1
feeb366b-5f17-4c1e-a34c-59e7917fe5e8,4
016e523d-7811-4482-a3e6-bf1b818a2c4c,2
16fead74-8d51-4356-b433-a211a9ba24c0,1
06867523-5caa-47cb-9e90-e647f8f615d6,26
d54bce64-d44e-4aee-9f16-346a67ac8a50,14
0bc74048-c600-4d1e-977c-e3f7fddc9017,7
c93f670e-0261-4a8b-a12e-457ed5512363,1
e8faffdb-0cde-4b8c-9435-1da57e41c50e,105
41201fd3-71d9-48cd-a417-d214cd6421df,2
90f1cfb8-5653-48c1-8515-7e29609eafa4,8
5eaf47e9-f9d7-4ab0-96c4-1b879228c0bf,18
01275a67-4bf7-4d41-a30f-91fee4b53188,6
33115e1b-73ac-4763-89a0-c8eab692a860,6
37e88f06-a5c8-41f4-b0de-49576b310d48,2
346440d4-4033-478f-a949-650fc9b98864,1
6e796e9a-1fe9-47f8-a9c0-db0e9f7303b0,4
6693a3c6-d6ea-4aac-993d-662a1f6b6e43,6
ba5fc247-b489-4340-8563-303bd842a595,5
5423ab83-011b-4902-bba5-80917e95bed8,2
9c09699f-c742-470b-845a-323de021924a,3
848694e6-59fd-4920-8cdf-009137423c64,1
4f41e9ef-d65a-4276-8607-9239948a598f,3
7d3db808-1c64-432b-8877-6e9b0eaaa7cf,4
5af8d402-1c86-4dff-9695-9c8bdbe740f2,2
96b2b313-aece-4e1c-a616-56c4f5b7ad7f,2
d3920044-ddde-4a63-ada6-cb726b49722f,8
692da13b-8a9d-4e6e-8968-1639c285a530,8
4d6a56fe-cde0-45a9-885b-18b0fc7bad89,2
b4112eec-22d7-4819-9c02-4c958ef5de4e,15
81910027-ec95-4224-8860-5be8b41f510e,6
5e5c6de5-4ac1-4336-9da4-9377c04efd49,2
d3ecc24f-6ec6-488d-bec8-d593380b9b72,2
73e4cf30-d3de-49bd-b567-d943c843e62d,11
53afbfdd-afb9-4f19-9c38-4f0f29543f56,6
77b95108-112b-4adc-a44e-34519de63b72,4
fceb95bf-3b00-4d6a-ba90-0cdb6154db62,5
3f33f360-1b1b-466e-86c9-1a4f9237ee21,2
84b5b4eb-1987-4928-9201-712225a134ce,3
8971ddad-3e6c-4e39-bf48-37963c822008,1
f58ea46a-851c-49c1-bc30-30fbc9001b5e,3
dd82bdad-533b-4e7d-a337-76ecf572c98b,2
f203d848-8cbd-453d-aaa1-3249efbd1d9d,1
9c004e61-6a9a-49d0-9bc9-c7c77e79a01e,1
7d532534-62f8-43d9-8caf-8c1c67e89afd,2
099ea263-6d87-4170-b891-4496764319d0,1
f9fce6e5-c151-4473-9ee7-cf1dab749989,19
8c598fa6-4eec-4357-9334-ab0d698b3076,4
5f87d362-e720-40c6-8d72-21b500734fe0,14
9ea58db7-5693-4002-ad7b-e6eb1e205ca1,6
2c71aca4-2b09-494f-a7d3-649a7b820d75,4
d6e1c098-6670-4718-91e4-046937fc893a,8
58441c38-a8d4-42a7-96dc-3661d270fd6a,6
3dc029b9-0e78-4bb7-9a07-b4d24d1d8840,2
2977d374-3520-4df5-82e3-473f3aad9450,1
b3741e09-e2b7-4d64-8224-f53e5e61c4ae,2
244f2a29-c69f-4204-8464-c1f199cccd7f,3
e80dd25d-93b1-49d6-b5fd-5f3cfe3812bf,4
8da85bb7-8f8f-4a88-bcff-9795b55d838e,14
5ef5eab7-bc97-42ba-8652-2e85320b8128,3
fef1a54c-f0af-4928-8d48-88970f5a4218,1
3697c904-6c76-4a04-82bc-029f3efba573,2
194146b5-f03c-46f0-b3a8-402e635ad0f4,10
2afa4711-85ff-4b17-b25c-64345dcd45ab,4
6ca124a5-3bf4-425f-a373-8329a7c4b0aa,38
775d6c7e-ad63-4f64-96ec-96257fcbe2fc,23
be45efd4-3094-442f-9e62-9c8256dd9804,14
75fe9064-e990-41aa-9fd8-4e6c29f616dc,6
53488635-7083-4ffe-860f-1cb55b4bdae6,1
6405bbf1-975d-43b8-997e-d51f1a7499cd,2
2074081f-9a07-4f61-a200-0b618f67bc41,6
598d9b56-7892-4d5e-8de1-8ee911301b3a,6
21bd9fce-2154-40ea-8233-3e58261d052a,9
21941641-d3d5-49e1-8005-d98ad74fb968,6
62177851-322c-440d-983f-e9c4e7288262,20
1dc91298-3adc-44c4-9968-db40e27920d6,4
65ef629c-53b9-4542-967e-13d305ba9c7a,7
a54a6ce3-3dca-4673-9947-3f19f902fcce,4
14774a24-d22a-4aa1-bfe8-b5ddde12eb0c,5
e32e2d47-439b-4af6-b645-0fa5a1c456f8,6
2de08c0c-5902-4e83-b26f-3f5d0867e313,5
631eedc7-dc1d-4939-8ecd-b6248e49ece5,4
5bad4afc-a14f-4098-a153-8b0ea27db4a1,2
4f8d60c9-e87d-42e3-886c-4eab92965cac,2
309df444-357e-4661-b48f-5706070b156f,9
e73f51ae-b64f-483b-9211-d7fe5219a1bf,36
93c4e01c-b7a9-4db6-a7dd-3f0e495a5408,1
899e9041-d83b-430c-a79a-3b723493e93c,9
286446b8-8c69-4b3f-b33e-c294c77ae3a0,7
445d2813-2f2d-47c1-badf-5cdc97d8c029,5
0497e30b-467e-4756-9e66-0d6b8b197a05,3
e0eca794-87fa-4501-8be5-2db03653b272,15
5a861319-e341-448f-86e9-65630693bcaf,1
d286efb0-d4af-4111-addb-36ad3e5fb5b1,2
c45c98c6-f436-4337-b659-3a822bdb7bb9,4
4be74f81-2e5c-4785-bffc-af58197b8220,5
9a31b31b-46ae-405f-898b-5bb4024a4f85,6
22a5a1ca-0485-4ba9-bdc9-477d3666169d,44
54e0ebcd-be8a-4ecf-af02-10104597a86a,2
8a41a4e5-c968-4c43-ad53-b7368d46b28b,1
42b1abef-5b3f-44cf-a3d7-d50128832526,8
bced100e-867c-4f81-a972-041ebdaaf3fd,2
65b03e5f-2687-45a9-aa54-7af751a22dc6,8
cc9bc991-d600-4994-90ed-c27f33437747,5
759538d6-f16f-492b-9792-aa4f14d2ce31,6
f0d7e5a9-8196-4e30-8cb1-a800274e30da,5
fa7bf803-341b-4c08-9709-8f64553e1b8d,1
2c60cb20-d880-4d0b-a314-911b5432ef40,3
e1c6e0d4-fe73-4776-8a9a-32bf5e7cc0de,1
42b7156b-c77a-4e0c-a06e-c00f093e5c61,36
9df214d1-4460-4caa-9196-21756fc61e74,1
938e6119-a5e1-4cf3-b46f-15ef01db0511,4
eb225761-f498-40e3-a0fc-36f4ad401886,4
af67b0ad-eae5-4828-910f-a8ad8cc20ce1,8
09e44d66-74ef-4826-9c23-cba0dac57e84,31
cab44f29-df8a-4e05-9798-5f12d46ede95,1
fe669a95-57ed-436c-bfe8-5aece4cb4756,1
3fedc1d1-5c85-40b9-bda6-44246b681efb,4
32ba6df0-af1d-4e0d-a98a-057d82696918,2
dfb2b4ca-0024-43c0-8ec6-4a75b2b108fa,6
6613dec9-26f1-46a6-8dfd-97293c5d3d78,1
ec74af88-cadd-4b35-8657-39a8020a2c0a,1
e2d816e2-fd0e-4db6-91a2-d2dcfc7dcba8,2
371fc3a7-b661-4604-99c8-d77bf04f2404,5
415aedb0-73c2-44c2-b445-660d91f67ef9,1
7d3f3cd1-c572-46e2-b210-d9d50f2cb97d,7
352d3038-b2cc-46d5-92f8-dba1c0c55ee7,68
66a8de3d-39be-4047-893b-ad6fbc81d527,1
dcbcb6ea-8436-4b97-b723-b3a7d39f7f53,14
5f6fb059-f91a-4412-ac49-80b0f82e7209,9
bc3316bb-7d05-4eba-b132-53778f3f20be,3
3de31975-fed6-494f-b391-7670de0c0da3,6
bae1dada-e01a-41f6-9de5-d9b814213b8b,7
146c232a-753d-442f-9cd0-deecac096bdd,1
0d67337a-412d-4d11-951e-367c53ab040a,27
adb928cb-cb4d-42ce-91af-d90d7c96a335,1
e4954461-5da8-4488-aa9b-88b854c09e1a,1
b5d11829-ff2e-48ed-87cf-61adfeaf2ada,3
57873583-57ac-4ea4-aac1-db9567b44340,2
62be482c-2604-4d6d-ac2d-74b4650baba8,7
8808edde-fad4-4bed-85f8-b1d1c7259733,6
0674f5ce-42ea-4f57-aab6-1aec7e7f5f8c,25
6fcccf4f-318e-4e07-896b-c5a64b73c789,2
65822dea-d6de-47ee-b713-862b91820559,3
025f4b5f-ab1c-4a87-a2e2-5cffe6bee528,2
46f0c0ed-36ec-4e25-a0b1-82520b70d839,1
b9192e09-e538-4ad7-9381-3a781ea8a1b4,1
45374f6b-7f65-4ea4-8655-dabbea4afa86,1
91bc8221-81f5-4ec2-b64a-3d6676ef6f1f,4
f8065265-5e09-4624-8a86-a6fd3c94dd4a,10
836b2236-f94f-44a8-9cce-0defd41be66c,4
c1c978b2-941c-4af5-84f0-aa8bae6e62ba,1
1d38302a-9d07-4e60-8190-3492be05a707,2
9228bd2c-7a6c-4026-ae5d-934f4cc5bd44,6
32aa7096-11c0-4488-b0e7-e57ce6e97531,3
a68a88b1-9550-4c67-8326-581eb56d2b5b,1
8d44e879-cb3b-46e2-a846-deb51c259138,2
6c1cf5b3-6f0c-4847-b327-51777d4735cc,1
82e772be-137a-4252-be37-6ad43826e487,1
0be2c090-3ecb-4752-b370-662480f474f7,3
524211e9-b0db-4c91-9faf-1d2ba2384ddc,2
443344c2-09fa-49b6-8ff6-f586429eb3f2,2
ac6a111b-b4e9-4fd0-a700-1396a6806a22,1
6c981c5e-683f-498a-b318-8794f554ac8c,4
49621fd5-c5f1-4460-af25-50ab7e163439,7
0da3b19a-c97e-4de3-b988-75460efb2737,5
9c0b01a9-41a7-42a4-9f36-053e34f3977a,2
e71941d9-84bd-4c5a-b53b-b4523d1205ac,112
ce74d093-8289-486d-9a73-540cb0d5dc1a,1
3cb6407d-e386-4ebd-a567-e1e2c21698d4,2
85c1293c-c5a1-4385-823f-9652404f6e58,2
fd359a71-b0cc-422d-a5d8-d4d9828758eb,9
7059120d-2f9d-4ebf-912f-da894721d558,1
2402f6f4-73f4-47ee-be53-77a5de019c16,1
670d3dc8-d34e-46fc-afcb-9bf960a55b65,1
00485e9e-215f-481d-85b9-11c18f207341,8
225043e3-902c-4bfc-aa34-5ca81ca2f503,6
b89cb700-4f1c-4cad-a1ef-68f4bed0d9b7,2
f1221aeb-5bed-48f1-a24f-a46abd63d6cb,3
feba7703-10a9-4486-8993-9309e92edda6,57
a272a980-bc55-4dbf-b048-681c33ce757a,3
05832b96-bbc9-48c4-912e-e0c6c3b95e02,8
be6d9668-d9b6-4e76-ae7c-198f766c53b1,1
b52d974c-bac2-412d-8c09-72949e5ed585,2
064e036c-9ec9-43b4-9624-3b7556eac952,1
4af6b059-1a68-4ede-bd40-ccda9d0aba33,1
256cac2b-9f3b-4b8d-a520-f39cc1593344,2
532a9e5d-8611-42e8-90b8-a7b15e5c465a,6
5f162a89-9f8c-4bf8-8b86-1cd5aeced8df,4
195fd60a-3f7f-44b1-9d03-4c7acae06b52,1
481ef693-d3b0-4fbc-be4c-72df519bd819,1
69e879fd-d49e-4872-833c-abb51ef5e50f,1
cbdd4aa3-7679-4100-a797-17eac7c3281d,5
32eeb06c-773b-4773-943b-174d55299a14,2
5bab904d-662f-4bb1-858f-3e8c597346f3,3
db3e0c6a-2ce5-4607-a5c5-430992678362,2
48da233b-2654-44a5-8c6a-98762eb801b2,1
58153e40-e918-47e0-8a04-db4c8c2c80c6,5
c8cc3064-3d40-4b23-9f1d-bd5564e218f8,1
cb25c3dc-d963-429a-8cfb-9f6657c84968,1
339cf7ce-5baa-4fbb-a73c-c46535fb3a98,5
dc118073-5988-4216-9f6d-2d9715006feb,9
3068b68f-cde7-4c0f-980d-fbb4baa19248,3
646bc33d-41d2-4680-ab68-36e6ea3614d9,1
9a23dd46-b794-483a-8e15-043a44225b83,10
cdfd0e1a-922f-4677-9ca7-235eefa31b77,3
dd96b741-25ab-4abb-acfa-f2c5de9a3fba,1
60539a9e-e157-441a-bbac-c6749cad2de0,2
769b2ee7-319b-441a-9b78-80efd6b9fb09,3
71e30fa0-79ab-4fb4-ae93-5dcf16b18027,2
80d2d604-5136-4939-9a41-537d4235bfd4,4
3f39a2bc-d0c1-4703-ada8-7b4ef79b9ef5,11
2df65e57-b386-41a0-9f93-38bf817ce752,1
f2d3e546-477a-42e0-ae6a-7b6289c1992a,2
0705db6b-c18b-47b3-b7a3-d396858437ba,4
cbe556c2-0fb4-409a-bcec-563e97c57071,8
7332e863-e0f5-4d1e-9fee-4850a099e076,4
7e07c905-8f6e-4ae6-8864-1beecbb42806,9
29619bc1-b1e5-4043-8fe7-67ff89eb1732,1
575b0342-7127-4032-90c1-2191c2bf3f0c,2
079f6282-331c-4a44-86c0-e133e359d1b3,3
4f41cc70-a0db-4253-84eb-a39853c2591a,2
81e4e418-32c0-453e-905f-0a5696a614e2,1
37b4d604-3026-43a3-a34c-d45243351a2d,6
4cf9a6a8-6bd2-4c9f-b21c-c87e3d8a045d,9
ee6a0843-a8ef-4ee0-93e5-c6bee88e12b6,9
40f11c86-e326-4bc6-a890-7607640979d4,24
f3cd46d1-2f83-4ba9-888e-fd772edf1939,3
0caa76f1-6f7e-4027-bc38-274d81a7d6e8,3
5588a3cc-b45e-411c-8d87-090ca0c6c4fc,3
6a26a5f6-431a-49a6-a573-18c70e296d2b,4
9d1038fb-d9b4-43d2-b2bd-4a20f393b0f5,4
f9d496e6-d839-49b0-b214-5ebe81bcaa7d,7
080a85a3-32ef-41ef-be81-0a022d9a8d07,1
63b32256-c7cc-4d22-8a07-0e1df80cc68e,1
428c7abf-e7e6-4bf3-8a1d-2c847adc112f,2
b905ca0f-ef33-4e55-9abd-05ff09d66bf9,2
726dfe34-f489-4991-93eb-540d082e791f,6
53eb9cd2-1893-4093-b531-dda2ae31a0f9,1
f33e527f-03be-4dc2-a9b0-6b6b09863b8d,1
343ef6da-120d-44dc-9887-0bcdf942e356,2
4f3601c4-bf90-4734-b862-7564386f94dc,2
a6c5a68c-38f6-44f4-b69b-12ce07714c68,1
baedbba7-f4da-44ff-8357-4d4737d549f1,9
da72584c-556b-4a5a-9285-198e40ccecf6,19
5676145d-fe1c-42c6-ab73-50e8d593cf25,10
8feeb6b7-983c-49d2-93f7-d9964045c327,1
c282683c-8d45-44e7-94a9-3aa14581cfea,9
33088fcb-8547-4b40-874d-111a3b42d8cb,2
1bc51ae3-cf23-49e1-b167-42dc4ef96721,7
6dc3f7f1-a109-4bb3-9643-4f28927bd40b,1
bfab117a-1fca-4524-aadf-b4f6dd8a4978,1
1882d694-7487-4f1a-8de9-f71597897f24,1
625bbe36-cf05-45c0-ab03-050842f1ca81,1
4c9e0ea3-5ab1-43f2-b5db-16df15054d38,1
f2e575be-178a-4be5-87e0-6d771d4b44b5,4
3bc337df-59f8-4a75-ba10-a405cafb6bdb,2
17f8d35c-fd83-40e8-9d2d-c854dfd58a01,29
4f4b269a-bc50-456a-9695-6e15481da8eb,24
780f213e-51cf-4ff9-a33f-c0063e7ccb20,3
ad8dfc1a-6f16-47ca-b24e-d0a3b3d3659f,3
f58690fb-1055-4781-a0a0-78bf3d2af7da,3
ec917591-c907-4026-90be-d5e420500648,17
cbec4e8f-9338-464f-ba62-51492dddabcb,1
e6ec6569-63e9-4a6f-b64d-2db92f7feb8c,12
cde66296-a5e6-483f-94d5-a1f748dbe327,1
8ec74d63-b3c9-421e-8085-3d2f3e33f7c8,7
295cba76-c156-4d6a-9a68-36956133c8ca,1
8fe9a24e-4062-4ce2-afba-efeb16f3d93f,3
e50d6089-fa61-4785-be18-813c1ca269fd,1
d6bfc308-4503-4251-9b5f-32f33627f6d1,3
b1836f3f-782d-4eff-bef9-65410ad3f74f,5
bc4e074a-939f-483e-93cd-fbeee7c6359f,7
a7708488-fc86-4e3e-bbd2-6cfd8eaef9cf,10
b9dab9c7-f72c-4383-a3ee-780370f8e5fd,5
0196054c-ea55-457e-82ec-47086361d8c2,1
90303941-5072-4172-9ebe-8a0fd1106025,1
882c7a12-6a58-4404-819c-afc45915af97,22
911880f0-6907-4645-a789-98a9739f7f44,1
9d7faa95-f8d1-4250-8edc-5abcb75a4779,1
8b1d6a0a-618e-4f38-805c-b9d978f23e64,4
37cf9514-6b07-4999-a010-94a43fb8b83a,4
d018565d-6626-4801-8fb7-f21e04b4f2f3,5
bd27df7d-d23e-4eca-8ff1-1a08dfc799e4,34
859c9ce9-c31a-4a33-9b5b-de6fe4b2193b,50
d3fe4ea9-e3cd-46bb-99cc-99d15823561f,2
5a5a4ab8-9784-4d37-a7db-7c7bef5e2084,1
948afdbf-99d0-4f7c-9292-f2592e55e844,6
4c5a0f72-5919-4b73-9491-4191aae9081e,1
a735c622-106a-4241-b23d-cc05c2a61e6b,4
457718e8-6ad3-4931-81b9-69ed9ca397ab,5
82a8f96b-f615-4f55-ac2e-dd60906948be,7
0d2bd4e2-fcd5-4813-a7e1-a0ebca9a2f34,14
bc506a0a-a758-4d0d-a3f7-3b41223bb53b,2
62bf06b5-2a28-4984-9b9b-7770084620d5,1
82dcf788-adf5-434f-9368-78c88776fe4a,2
ba7fe916-45cd-43f8-8b36-385b177fa1fb,1
c0740cee-c04a-4d5d-9432-732904d089b0,2
c2c11d3f-9171-45e7-9853-f64ce7a53208,3
a7525d12-8b45-4c40-a0f6-ff72c9f39de8,4
fe7d08e4-07c6-4b29-b10e-5093db58b7ac,3
1f9ed63b-5951-4803-a348-8163e0c3936d,1
7930ac62-e3a6-4e9b-a825-acf4da72c28c,4
829efa6e-accb-47f3-babf-882e461b3df7,1
59ba4885-a4d0-4727-9c85-e3dcac640109,2
17fcd853-9af0-463b-909c-2c0e2f6ac7c6,6
b6930f1c-6b76-482d-b9db-4f288ad242bd,14
c85104b7-599c-46b4-9a6c-6eac19666c91,4
c50ae8bb-1185-4bd5-98d1-dbf8184e4eb6,1
f7606ac6-b602-4692-8f58-db49214cafe3,1
4a0f8c89-bef5-4e90-aef4-1e57a831afd3,12
833be0b1-417a-4e69-96a9-2944f0763842,13
ddcfd254-b43d-489a-a6f2-67981b5e980a,1
3d72d956-95c3-4e6d-8593-ddc1f5d206a7,4
a0ed807a-aa2d-4218-a86c-19e13c41a798,4
92710a87-3247-4db4-9327-a7f583810fbb,1
9c3330f2-0258-41ed-82fd-adb21e902b64,12
49c274c4-dfec-45fe-874b-6f5a70752915,5
6307eab2-96b6-453f-aa10-708aaf1f7d5b,3
3422c3f7-b445-45c0-8a30-ca39d7ed74a5,1
3c397e56-ce1f-4da3-91e3-bd90d194b04d,14
ac53a2ed-0553-4532-8c03-7710938ee840,1
5aa3d6c7-f232-48e0-a94b-0d96bc7cf2e4,12
73ee81fd-cabf-4921-be3d-7194cf8b9d92,6
f8036978-1dc0-421c-8bfd-76020f07a384,1
a5241c2f-7098-4057-9467-c25bae1f2102,3
0e60fde9-b373-436d-a76e-fd520bee2a77,3
1730dfaf-ac6d-46e7-8e43-e86839b8b40a,2
ef78f930-2baa-408e-b117-f53dbb64b08b,13
da33d24f-50c9-4c83-af6b-53c156c9b818,5
e9ffbbf5-9f57-45df-bcad-a396ec5736f4,2
5bf86eb2-7d28-4e04-97a9-42ae580c136b,1
be1d2b9a-04fc-4cf8-9109-a812ffe2c863,5
4eaf4b3b-d2ca-4c52-a705-390ad047d913,6
0372cbea-a719-492a-8b0b-fbb35128dc72,3
976060ea-c177-428c-9e99-15d41953c9a2,2
c6adbad2-5f59-4f78-b2cf-398b2fb2485d,3
48791e89-22c5-4c60-99e9-e4ac45637206,8
a2ef4286-1ed7-4a11-999b-8e14906b8329,4
071cab95-3ff2-446c-8a21-653b2f3ac831,90
a7e5ff02-f998-4ce0-b47b-e9375533b380,4
77e100f1-980f-4a22-9f5c-93d1871abf5d,5
58e0667a-42de-442f-aa25-57d2d5936d69,5
74166b07-8ebd-4ec9-92d3-84179e6681dc,4
3fa846a9-e6b2-48fd-948c-58aca7248e4a,10
1e99ac84-b3cc-4cbd-bf09-822ba2911aac,1
449ca679-7a52-43ec-8b79-69831d7b41f1,2
e23bf041-137d-4b3c-b57e-1b8e469977e7,9
70ccae45-85d4-49c0-a4a0-b2de9d418cf9,1
1ab56d6f-f2e0-46f2-99e7-b3af95db4e2b,4
11aa3dd2-ad77-4dcb-b2eb-06f6e6cc75dc,1
e039fb49-bd3c-4527-ad11-8b4f12a268b9,4
7beece14-84cd-4221-a016-4c527d92795b,3
60066ac0-a3ac-4e88-a34f-bf11f5051d61,4
32613bf7-a8a2-46f3-a5b4-8ede52b1c74b,4
fbcc6d74-3d30-43d1-8a5c-9ff54df9b3b6,1
0dab7c25-cae3-4535-9694-1a00de4a0983,1
aef98de0-99ff-43c3-a7f2-8e89966e4d2c,2
8bfbd18f-5f8c-4de0-8d6f-028863f4da94,1
68014fd6-8b1f-40de-9e4b-bd43d6d0b1fe,2
4e8d3b95-632c-4d06-9754-2297570e642c,2
ac62b74e-d81e-43e2-a640-e0cf38e94885,7
03129b1f-ab52-4278-b00b-42e58c42345a,5
51f5bb8a-3ef6-4a3a-a1c4-d028601d2229,2
762fe50f-8c63-43bc-9361-c5862c945f7e,7
bc9bca4b-089e-4782-a3f4-f23eab3659f9,2
050c7775-a573-4bfc-9d11-4c10ae30ac6f,6
e85e5d51-d299-4fa1-a667-61ddb445685d,1
4ee3ceb3-ebe7-4df1-a425-2d00d04575f2,5
99e110f1-f3b1-4e67-a31d-31143199023e,7
3aeff36c-cb05-44e4-b276-405a6e6462cf,4
9ec39015-aa50-447b-a1ad-5341bde53568,12
f5dd8c76-14dc-4566-a17e-20b0cb5398f6,2
2806c74a-9951-48d7-a069-387ad3035d1c,1
c4bef591-9e75-4b0c-ae0f-c8e90bd3e5b2,3
4c3fb558-e7fc-4477-ad3e-0e6e840accf1,7
298af55a-c6e4-4938-b928-ba3b6dca0e86,2
2bbbf012-64ad-4a38-bcd0-dce74b46a77f,3
5a957ea1-3c1f-415c-aca6-e5f154ca4118,5
4b5a51b6-653b-4a53-adb1-dc4d55231ce9,1
b77a2417-8e89-4ab2-8a22-218a248a3f66,3
fc0c5f56-0b33-4773-9740-a5d99b9b18f6,2
d144aedc-9e8e-4cc1-a3d5-1932712c034a,2
8b600c6c-a47e-48ca-a5b0-46adc844883d,15
284139b3-46e5-4add-9e50-d61c21a76120,1
42522487-6c45-4030-8814-8872366225ae,3
d5583827-fb51-4ac3-a219-876ac87e591e,1
65021c60-6176-4add-af1d-98e3e8ddf284,1
3c16019c-3dd1-4d45-9e22-93645a602fcb,5
97e3db0d-5afc-47f9-9322-d905a042b756,2
91ebdb1c-adef-42b1-bd1e-c95824049ec3,3
095c1e7f-7de9-4d90-920d-51e13ea1cca8,7
dd036965-37bc-4f2f-9c88-cd95d02d7f2e,2
36a2d94c-5467-4616-b22b-ab22f4d0ed1e,1
e08f7e17-7b5e-4403-b074-806c8c97e3f4,4
7f73f0d0-925f-4fb9-b4b0-f954d8d1b379,9
ca69c5b2-f153-4f10-b87d-0447e6ea111e,2
5fffa88b-ef9b-4daa-b643-92f0d39befc3,37
34fba821-2773-443c-9597-15cfef5f1a85,2
8ae73ca6-a304-4ff9-8202-d8bcc5d2ed07,1
a6afbaf2-766b-4ac8-97b8-221c83453908,4
dcf18a0c-da42-4524-8e06-cef17fa73ab9,7
5679ed90-3c1e-4709-93a1-e2be959fb894,5
0045cb35-d6cc-4fd1-8730-faeeb8aed385,2
8253ab54-7d59-4411-94ba-0ddbf0d9af91,1
65da30e3-9faf-4a30-92b7-f5fd0181aba7,2
16702e4d-fa39-4777-8ae0-09a62e1f8b4a,10
f72df01f-cf49-4422-ac26-98cec66eb4d6,6
b50c5720-5350-4e48-b6b1-43d1fe2ab9e4,6
1fdfac7f-63ad-4e42-ab1a-d125d774348b,5
f7d4c2f1-af57-45e3-8e5c-aaea6c4cd35a,8
725a7f1a-937e-42a6-a87b-99a4a736aa8c,9
1ab4516b-f700-4566-9663-f86e9801b033,3
e9d839a8-0357-4a7b-b311-26acd60c8a56,5
adbd4444-a86c-4d38-8d6d-3399f33c8976,3
f62d605a-acd1-4cc9-bad4-89a54fb65a85,2
dd851f6e-d95a-43c4-8ff2-2091f522e7db,1
8751a242-eae7-4352-976c-c02da1e10081,1
6b65249d-6c4b-4777-8e5f-1878f14d493a,7
e3b6a950-b42c-4bec-99f7-3107d6b7f209,1
9f8a12c7-e8cb-44e3-8ba1-e28dabedc0cd,2
9459298d-69e1-4efe-8217-c68d573d97e6,3
e3ed0fb2-468a-4087-9165-911bbf116226,3
29f0a92e-a2d7-4d2b-a1a1-1c3a2a4c7c3d,2
64554f69-7a29-4675-8fa3-8ad37225d806,9
83ea521f-ad4a-4a39-97d5-8821e03328e3,5
de7d94e2-7585-431f-b8b1-35ad6bbd42c4,1
1f6d974c-a5c2-4d1a-a489-c38635a63274,12
73470d8e-1134-4474-b995-d8ac309f7d1d,5
69c9830c-44e7-4eed-af89-d3b1d8ef8a60,1
e1fee43b-5c7a-469b-9421-cad9efa69ede,2
ea2e4c2d-3178-4697-9710-4b40c930f103,2
0998fbef-5e9c-4256-ac11-98167e9225b3,10
e6f82b0b-7a13-43fd-ae0c-cbe83c9bb883,15
de1c94e5-15e1-4f55-9a15-da9a3c4b790b,1
1024b290-82bf-4447-8ab1-57e0531f5424,5
c0b508fe-89f5-4e13-91c5-2517244fd181,2
05a1db68-708a-4d73-81ed-d73b9c121ee4,10
faf2d3e4-ab16-475d-9028-9dbaf9886cc0,3
49449772-b98e-4fb3-b2be-d0a608371573,4
64947bdf-3b8e-4cd7-9148-b4fbd9bdd37c,1
10435f5b-5c8c-42be-bf01-bf34bd52f693,4
3fd62930-0b3b-4957-b2f7-79b12d0d9485,9
cec7c682-d275-4baf-b62f-227d5db533bc,1
2c2dc96b-9c00-4dce-82ab-c1f7eecaa6e2,1
2baac58a-2035-4649-899b-45806408eba5,29
9817e9aa-1a81-4069-ae7b-43d201048560,9
15750d55-2996-4199-ac9b-4e67feb154b8,1
57f5b71c-e576-463d-b554-17f2de4eebf5,21
350dcd3d-ebd9-43dc-95d3-1d4f961daa32,15
31264180-d328-4799-9c67-9ac10ebdcef3,36
71163108-563b-4552-bf2f-2e0777950d8e,23
a22078e6-afce-4363-947e-21b12d54fc5e,5
d89950e3-ce7e-46f9-b577-65eff54952e8,41
6969d39a-b375-4b6a-aa58-744a3cc4483a,65
3078ba26-c83f-459f-93bf-ca6bccee3c98,2
0d985e20-c504-4eb4-ad0b-6671dc5653fb,16
2375c4b8-f606-46cd-8c12-b211c9c969ea,7
5ad08e82-f939-4caf-aa9c-f64ebb06601f,1
9b7d8739-d071-4ee5-8d41-4bb7aac5e54d,8
5cc60cf3-9b3e-42db-bb3f-df4df3d8ee67,6
b9b6148f-49ae-4dff-bbd9-5951083e8a73,10
597d325e-a611-446a-b304-b021eb168e68,22
5d3d6c41-65eb-4926-b3e2-217f27fcaf18,1
26bfeb08-487f-438a-a17e-4e038c98323f,8
4d82e2be-3982-4c9c-9d2b-070f141a903c,17
f609eddb-66ec-47a2-a25e-7b976d5dedd7,36
efad06af-b959-4d8d-84ab-79ca035aab63,6
3713a3b4-96b9-4129-9998-236c53786e25,10
236888f7-f0ad-4f6b-9b84-42b990e78c60,9
ea4daf59-04c7-4880-a99f-a4fd6b333cb7,19
948786fc-e4f5-49f3-bdce-03cb3d322fac,1
5cd5240d-c5b1-477f-b11e-5ca7e0688d0e,156
56c0f280-a562-4142-82e5-832f26e87391,1
3026e88a-4767-478e-963d-9d4e119a068e,6
e6bf4201-047f-4b79-ab2c-c0fbccc193df,9
d838102d-6b30-42ca-9011-78febd134b78,19
a7b42b16-0406-4386-9696-ec778e36ce32,10
53c79bdd-bf88-41be-ae14-3d6c3b25cd50,12
1fecea42-92bc-417b-8138-7a8122949cf0,62
3b861975-7741-4f99-b658-fe7250132a6c,2
8c22ad9c-cc2e-4b5d-8f4c-a1c263f0daa0,1
ec5845a6-f770-4291-a381-85fd42528b53,4
07e939f7-a8f2-488f-b2eb-5643ad97223a,27
84e7b6f2-7de3-4e66-9b34-a3dda0f410f5,14
aca6850a-b1d6-47eb-9eb9-908f2ae1744d,10
5d4208fa-2387-4439-9f38-6c7229c3bedf,7
99696275-678b-45b2-b7b4-4c276cb01683,8
9ca99bb4-60aa-4c1e-8a11-340c0fec4be7,4
cb8e2e30-53f2-48c4-a0ff-0242002e8930,17
18494251-5bab-4f02-91de-fa0cdb0216dc,26
ef1d5232-856d-46d5-b491-129ab3bf4703,39
f8563396-d5f7-4c19-947a-97a60a694402,22
56e7d7be-fd8e-4b86-b1a6-b9e1dd3c2839,16
87cc5496-b9f4-48d7-8dc5-1234f682ca89,12
5cc9d236-96cf-4677-9152-e6784aff5bc2,14
d29cf560-7a53-4a11-94ac-0de54cf912cb,5
330e16f6-8744-4dff-af64-95abfddf765e,9
20f5b83f-6b59-4b50-a350-ebef641ec07e,33
cb7debb9-ddb5-4cc2-8056-e10fc6be1e73,5
6609bc8f-30ba-410b-913f-9dde634e1930,2
60f4d5c3-111d-4165-8917-d2caa290e9c9,8
a6f36669-3da9-4d7f-87e4-652a8181fcf1,15
dd41bc93-1daa-42a4-88cd-5409a0decb96,12
c4c85240-8baf-4a62-889b-6779ff7d8a3d,8
f65bb243-b28e-4d7f-bb36-151fd26fd302,11
d9034892-ebfe-43cf-be27-f51cddc2e563,25
a823740d-63a4-4326-9eed-d897dc573329,5
99a46ddc-243a-4b09-8b06-26c1d319a508,22
a6cd4a6f-0136-4aa7-a248-6bc093f6acdc,2
bdaefdff-d82e-4756-8d89-85c15224b33c,10
a7aa45fe-4535-4507-8a0d-521582d9096a,14
d43fec08-31cf-493c-aee1-75c6d30a95dc,14
823f129c-8b4e-4c5e-9d02-4683296ea7bd,8
5c7db284-4edf-4397-8d37-0191673d50e1,25
b12a0457-bccd-40b2-924a-263043e01827,9
ed6126e5-0307-469b-9e5d-4982beaf4805,20
e9356816-0b84-4431-add1-9d82f5c1dccf,2
8d2a80d6-9326-438d-9f11-77e3d77d8c7f,12
30bc0823-2f14-4153-9e0a-ff7a4827bd1d,5
d0836c65-4ec1-4ebc-be4f-11f074c5e70b,9
ab0adbb8-03d5-4421-b3db-88e1dfd4320c,15
1da47e80-e1b5-46c9-a990-147b150b0ae8,11
edfcea73-cb1a-458d-83db-69fc8f875965,11
43d2eb74-3737-4418-a4aa-05fe7ecfa3f5,31
1a0a868e-dd59-4e13-8245-ea68fa270652,19
26ce1ccf-80af-4412-8e36-e1217d6424a8,18
376479f4-b1dd-4441-9d1c-182e8a1cce64,3
75474a1a-61dd-4d58-8aa5-77adcaf7f06d,10
4a877eca-0fc8-42a3-8a7d-7b6dbe9cd1a1,4
be8625b9-6ead-4dcf-909a-973d511e2f85,7
51b8e6ba-6588-44ca-97c9-20d5765cc0af,11
9a883bea-5286-4557-86c0-0d1fcb875490,18
60d933de-6983-4782-90ba-f23a6365580f,29
2330cb89-c108-486a-bb76-147b41d82101,3
9d07df4b-6b00-4536-bd53-c0ea8c677ff7,18
a117a7c5-0287-413e-9b16-35f09eb8fc8e,7
fbf6db15-ca30-4e82-b882-6b7ea72fda93,20
d54234c9-1cb8-498c-9f90-1b302ca5db42,10
0a1aadd3-fe35-4083-96b8-2c444469b3bf,7
771fcab2-4184-4ff6-b5c7-1bb92f273955,9
5f0051f0-90f5-493f-b2a8-9b6f6983c6ca,6
049c14c5-2d62-4838-b343-69a0fabe7526,13
c7a69a9d-c952-4cc7-8fd1-41c4e4997ed8,9
897a837a-6bcb-49bd-84f5-3af751d0b9c5,6
90bb6c08-7677-4d7f-968f-78552fc284f1,6
49fe250f-2a8b-4671-8025-207ff53a3b9a,2
5ff24a25-be0a-4f66-b327-1ba352c6c534,1
c0d8775d-9ddb-47b6-9f5c-c72ce08577fc,15
94919be3-22ca-48e0-8c7a-6bc344d91bd3,3
629e56b0-6f39-4b1d-b011-7519be542782,23
9c93087a-36ad-45a9-adc5-175708b9e61c,4
e483e6e1-af6d-4978-a45f-9357d650817f,20
16609263-6ad4-4ae1-b187-e53c81aa151a,1
c1cd10d9-aa94-4b8b-b92c-a69c8d7d943a,6
b6420843-37a9-418a-93cb-24d05285e190,21
7066c790-085e-47b0-987e-0143ee7c9982,6
974799bc-2439-4a45-96c0-a82689b35806,11
698c1013-e1a9-4224-b041-23b58a4fc75c,1
2301ec02-3a45-4e61-bc64-8918a7c69498,3
fe598f55-3a49-4cae-8f7c-280de94bdb97,12
3cbc867a-bb39-46b4-bc3b-cd86e234da96,23
51d22c77-9c17-484f-9dba-9206df7ee2e5,10
1fb9c51a-9477-496a-bd6a-d9898fdd6ac1,7
40ab82b7-9132-44f5-8d0e-4b9879087cd8,1
abd3f023-cfac-412e-b44d-f575257450e6,5
4d6fa5d3-4e97-4fcc-ba09-f68b16cb3957,14
fb0cf26f-425c-4aa8-83b9-13f0f4042fc1,7
1f296d51-fc09-4ae7-979e-a5bedbe3ac75,1
83e83746-5f65-4e01-887f-8b9041bc54ad,16
25e4b14f-193d-4255-9d4f-d295944c4144,9
2fffc899-7d1b-4a84-b2ed-c83f25b4301c,12
d41e8dd7-53ae-4c3d-b73a-9ce851ecbaf8,4
2841f3bb-3746-49db-97a3-898a547e747d,5
ca9c21eb-a359-4fe8-932a-9462b52cf1b2,3
1c242dfe-1384-4c79-a494-bbd2802a06cb,12
ae447147-4539-4453-a8f6-dac08003e154,4
0953f51c-8787-4df9-bb54-3608930f6f71,3
c4b970be-d7f4-4c98-8479-4f7cad78635a,8
b4589079-34fe-4e40-9362-83d3b3c267ea,6
da7de58e-d585-4858-b558-09d9fb975647,1
679a26a4-241a-41fa-b7f4-d3e09e28af05,2
1bacc735-d0e4-416d-a26c-f89259290db7,2
91cefe7a-e535-4be0-897f-7b1b84f288e6,5
28635396-11c7-4cbb-8054-b9070370cd74,2
9124b8b5-a78e-4edf-a58a-74df791c3e42,2
5ed9a77e-c35e-40d2-9799-a3fbc09bd87a,1
a5ef148a-e963-46c0-8e58-65de92a3e98d,2
641d1e3e-a27c-4f81-8abe-44325a87f827,6
02f0b922-297a-4f28-b658-fa9c9651cb32,5
3e40eb64-3e3f-441c-abe2-ee7661f71c0c,11
8a843814-7a74-486f-8cff-2826ce24604c,1
4caf824a-a818-4950-bd73-c6d6b593eb1c,1
60a63b90-84d6-4170-bb03-dbae6297c7b9,6
9e98acd5-0e48-4409-bec3-543e47f71d03,6
9de0920b-016b-456b-a0a7-01b999f1efec,1
14f2740d-7557-4fae-8fb4-f0188954f147,7
fe4c13f2-ac6a-4382-a279-2d8057fa63c3,1
2939ee99-09fa-4229-8bc7-cb70e8458bd7,7
77b6beeb-26b5-49c5-bed7-4b72ec22a1d6,8
e249e4ed-7626-4b06-aebe-8d4ab4068be6,12
fff9c664-8403-4f4e-95ab-ba7599d16a16,1
d082bf67-272e-436f-989e-0148a85466c8,9
2f48b8e5-181e-4fb4-9ed3-0adaba49e76b,5
51083b1b-a52e-4411-abbe-959297aff7b4,13
77f71f9f-6395-4f49-b16c-ad80e4fee288,12
893ffcf0-e3cd-409d-b706-4946cab9691e,3
1817122b-3ea4-408c-9c32-f7d37ebaeb6b,4
84768af1-2688-4191-9572-304aa4e4d2b0,9
8cefa1a4-34d1-4bb2-b89b-0517df87a283,1
92ddf6bb-4282-4a5d-87a4-031ccd56b11f,10
0cfce65f-eda7-4dd8-ace0-2951048a8f9c,1
5d2aa5a0-187f-4962-99b9-646157bab31d,3
a16fcc52-39e1-4fe9-b43b-5c7cee76017e,1
8de8ea60-1bc4-41fb-999a-2fe8283b22d8,4
a1a7d17a-4f2b-4f5a-a325-aeb74e5dcba3,14
bd18481e-ad8d-4ed2-ab2c-3c0cc1bf8f8d,7
137f77b5-7e8e-4c44-a4d3-4753a7a6b16d,24
8cbfe1c3-c9c3-4cd3-bd4a-eb2773ec6ccb,11
2650fcb1-6ef6-431f-8f2d-6ec8bb8a13e6,2
b16987ab-c656-4bd7-845b-726444f045f6,4
5a4fb60b-8bf1-42b6-9f92-6b88fd61386d,5
318f85f5-1c8f-4db9-997f-6f5c8d5f90f0,8
f4aaf529-dae7-47b9-832a-2663937c83aa,7
c08a01b9-8184-4daf-bdef-89012a4bbbcf,4
26576a74-2c6e-4499-b4b2-12ab24c9dfba,2
5af8ead7-1c24-496e-8cf1-c347877c1751,11
c2919575-a329-47ab-bdc7-7187e86298f2,1
8c288250-e700-4550-b6e8-02ec507ade4a,2
d17d3b56-156d-40f0-a8e6-18aac32227f5,4
acfdb966-1eae-4236-90ae-14ab6f12f4a1,3
48eb714d-6387-448a-8672-e9d04577bb66,12
944fbe81-991d-467b-ac41-cb4517d15754,14
4a967241-9811-4a1c-9ff3-a2b40e161176,4
90ad844d-3e98-420d-a8f9-c55a2a15c65c,4
dcf73440-21ff-4639-8d38-d04b9adcd01e,3
e843e848-a57c-42c4-9740-e164aa56973c,6
a02319b4-1450-4114-b1a6-a6e9caa36882,7
ab566e50-174c-4027-95bd-38bb199049c9,5
1281a7b5-9172-49c6-b03c-040e4784c203,9
515753de-a210-4228-aed5-7b3e969bf67e,1
e7a10e51-e208-41de-8795-d6549473b5cf,1
3abc3123-2a6a-4f66-aecc-ce219776be61,5
b249d872-0498-4c92-b726-82985afd59aa,6
a68bc409-a9a2-4904-b159-05293d446a10,6
4c431c7a-76d4-420c-acc9-caabb2b75b48,1
e44d219e-ac59-49e7-8551-3da5f56a706a,8
32486c4f-d111-4ac2-bac2-26678f979753,3
3287b6d2-da68-4ed5-92d0-16d69c0bf793,6
bd7bd1e1-33b8-4e2b-9f5b-6a71823ad7e2,6
124ace4a-f90b-4e72-bdfe-93c41b104543,10
e2ab4795-88fa-4be9-ab0e-0a751add305b,9
d2ea80bf-dcaa-4da4-b932-94a75af590ae,2
3944169e-0926-4dae-8300-216d9a59a530,1
fb051e43-e94a-4e83-a146-8e9623c7171b,25
e3b7eae3-d948-4daa-b75c-8862b43568cb,12
74116697-d132-43dc-8858-3f2c343a786c,5
e421f90d-9645-4809-b30c-1edaeb4926ad,13
f1d1f419-2c38-4189-be6e-73f45edff718,4
71b19ec9-b329-4b86-a824-48b17b5d4299,17
4d8d328f-6e35-4658-97d1-3dd9e9d7a494,12
3d041417-d411-432d-b3f7-144e45efaf81,6
6d2996bd-2f1c-4cfa-be25-fa9702fb0462,14
c0946733-7bcc-4028-871d-63e38df4e9cb,2
4758d49e-6e78-4bab-a15a-389dcf952ad4,2
3216e6fb-6d20-407a-ae12-8acc1662f1e5,6
6588ea2f-e09e-4914-bc88-e92bd6ffaa5a,7
c9900bdf-7686-4afd-9dee-34efbd27b1fa,6
2ddf63a2-43ee-4816-8ae8-abec1a0d644a,5
c879e81c-0e2a-4d9e-8ff1-ee9b592d3781,4
0fc32790-d8c0-4d80-998a-733f588dbdf7,1
2e00e7d6-1972-4aa1-a407-845c0e30780f,4
3c1ac3f2-ebb2-4819-a6ee-7052e572e001,2
75ce707b-4779-4273-b8ed-171f7a49b848,2
0be059f7-00a3-4443-987e-910ece04fcff,11
8b9ca5b5-be77-4f07-b15c-4d4387932f0d,5
2b286aed-b56a-45b1-a721-6b6b66fcc9c1,2
9b1397f7-f235-4b60-95d6-a31d6bd72614,9
25a7beba-e731-4b1c-b2bb-5f2672e5d35a,3
8049a524-ee05-43b3-8a6f-000601ac56be,1
fe33fa07-891c-46f3-8eaa-8a1c77dc707e,27
f4fd76a6-5157-4b35-bd22-6d223f80e1c7,2
466c8b14-eed9-464f-bd10-309aa6eba2e5,3
77e21714-54b5-4705-a50f-efdd1bec467b,9
cc399cf4-bb6f-4f80-8e0e-8107cf39765f,3
45f8aefc-91b6-40dc-943c-c48a9b4ecadf,1
1c56272c-0898-41af-984c-f2c12dc3acea,2
6e971311-d636-4871-bec0-e46dc609a450,6
9b5e643f-7a3a-4df3-857f-9c06cd5c8e77,2
852b8cc9-8b2b-4176-8e5a-b7c407b5407d,1
928767ab-636e-4da6-b1b7-4c7548015a72,4
811d428a-a350-4307-b342-e8e099b4f144,1
ce90e2db-4f91-4608-abc7-da73feb866f5,1
302906e7-6289-41f9-8a7c-e06e5ac863c2,2
165e0342-b492-4f14-bebb-63bef108f68d,3
90c602e1-c9e8-445e-9616-445e47381e56,8
8b3c5409-b675-4b37-9d0d-8675c7dec4d0,4
bf25630e-783a-4a1e-b623-ba249cecd383,1
e7ad1f77-501b-4b05-8ba3-26c8ae1c11f2,10
cf767ae6-dd65-4801-8b8e-fa4fb1ff1a19,8
7cfcce4e-b1ce-4983-b5c9-9e71b3fb100c,2
ffe7bd1d-290b-484a-9f84-8e529030928b,1
fc0b47b8-740f-4845-a390-4847584d405c,1
97d776bd-069f-4ae3-8f24-edef5275b063,1
4cc71356-f00e-46f1-9619-111081fc3d58,6
732b87fc-f2ee-4e4d-9057-f6e8af88d568,2
ba187a05-4bb2-415c-920d-57a9b8ad79b2,12
e2dc6ed0-1e47-4fcd-9efb-e91e58a3f5cc,3
6c84c906-18ec-4576-b69b-30f3f8824be5,6
d5f94220-1a30-4def-9cfa-24e788110e22,3
d5c8c8e4-02cd-4334-85f8-18b630a8df53,1
d5050e0b-2378-4b3f-9a46-ea217c10d51a,2
3c91fe87-bb89-44e9-89df-3d1123fd831f,3
a54537d7-3dca-45a0-8447-6f3a9e1f5725,6
7b77cda6-e9a2-4d5c-a19b-ad5008f879cd,2
5346eda8-a0f8-40b5-b59c-01ea121cb2e8,1
68a9ddf3-305c-4ae6-a9f2-82f339aaae38,1
f01eeaf2-1fe0-40be-a276-15e4f6f2fe01,6
7cabe6f0-1fda-4a22-9640-0211dfa70289,4
bf50d2df-74b0-4404-9787-8370ccbae283,3
d4ad4533-92a3-44e8-b952-47aeb904c74f,2
4ab5cfe0-997c-499c-b563-dc42a65f3bea,7
348a867d-6b7c-4c6d-9649-542df421eafd,6
df71f716-f969-486e-bc93-b0391f39766e,12
672f3882-0068-4e5d-b3be-284345d9ccac,10
f2c76c45-9ac6-4a39-ade0-418cc6e99c80,1
f1819494-9a6d-4653-ba9a-fd3e19d410c9,3
acade08c-0da9-4333-bab8-60d6f82f0715,2
9ff94a49-52b1-4031-877f-ee333e98d3b1,1
160493ee-f26c-4ff2-b9d4-a884762e84bb,3
dee119a2-2f99-4909-9ff1-b9e717fde967,1
47f07643-79c3-4f5b-b2ce-fd5e846e2349,46
238bc3d8-8d23-4f80-81cd-9ae7de391206,2
6c13ca08-eb59-4ed9-a7c1-a4f915e2b8d7,4
ea351ffc-b22c-4ee3-8591-861fb20cc40b,6
cab802f8-c2f7-409c-9b1b-6f9328286346,1
b41c98c6-8f64-486f-9d39-94c484e50a4a,1
84e2a97f-56b3-459d-b1a3-71aaaed6520c,8
64f9ae5c-f8be-4dea-ad1b-4fe47751ca3b,1
b0fdf9bb-893d-45d5-9af6-36b79d28733b,2
640dc3b4-4260-4e95-ac53-1ecc6e02c8eb,3
b0f5a1e7-2ad8-42db-bed4-e024b18b59ee,3
1f713a5d-5585-429d-b4f5-9f0a7c8eeabc,2
3fa012c2-b835-4b6e-bd40-fc6a8604b52d,1
48cbee07-99d5-441e-b65e-5aefa2f134ea,1
2c8ac916-4f7d-46ca-9921-0242a71e0d10,7
734f2b78-f384-4c8f-9370-c5621ed8cbee,3
521e9e74-86ae-4403-88dc-e7dc82a057e9,2
32fe56b2-bc78-4062-8b9e-b6893e1d8bde,7
b489e9f7-ee87-4268-b934-97e2e0b529ae,2
8eb285cf-0d20-4d6e-836e-f9687d182f25,4
ef382336-2d56-45e8-967d-0d66e1f2a0f1,6
f63d04c4-7ee7-494a-8ac6-f3acdb554944,11
61e4c33d-163f-47de-855d-189e26c3a8eb,5
9dc38d59-8294-47bc-98de-16842edd3f3a,6
82873f24-bc0a-41e1-b526-57c2713eba7e,2
b43815ed-bc02-4da8-99cb-fd87536e99ca,11
284cbca6-2657-4927-9aa7-8747e3eaae0f,1
b5d80fcc-53b4-4823-bc70-ff80239c8669,3
aeda8a1b-81d1-4277-8ae0-8f033aa177ca,1
3dea8dbe-46a8-40a3-b614-333b403fd892,5
924e466d-bc4f-4466-9e48-720c9d770a55,3
f9381a11-1cf8-421e-aaef-80e8a4b93fd0,8
3b72b3ec-0b18-4f76-9fd8-f94a49b81779,8
e984db35-2c36-4210-babc-8168aa4e5666,1
1ac9dd31-712d-493f-a094-99e839139941,4
46faa434-6bb1-4c90-8a26-0f5f182e1827,10
725644d6-6487-4f6a-8af9-2e5e8941463d,1
87d80dde-f011-44aa-926f-e110cc55f2f1,6
f130f9c5-ce1a-4378-ae99-ed10edc3fedf,6
088d1a76-c080-45b6-8961-61dafad9324c,9
233f6ee6-5051-4092-852d-f9d7bd5690bc,1
c14ba2b0-9f4c-41c3-a146-9a432bad5a11,1
69828c89-0ba8-4927-a1b2-a59e20f40479,3
700719db-9d2b-4817-adaa-ccaffbc0e3c5,1
570276c2-1b19-4bf3-8c8c-34ffb15ab6e9,3
a384a14b-60b7-48a3-8906-7175019e8e26,3
f49032a4-779e-4965-b409-7ed3e14a1525,3
7881ca2c-f44c-4acd-b1c3-e936f6dd4e49,3
3b050fb5-1162-45f5-91b3-72b10f2002d1,4
02d647e6-1974-4bce-b1bc-e077e133b97a,5
7268b21b-7c93-437d-b64c-8b2ac16499d0,1
e38b0e23-5ac8-428f-94f6-cb74e7630fd5,2
effa7ce8-4210-4f31-8e3e-16fe5e0832d4,2
7ff621cc-6bc8-47eb-acc2-9586bb20313a,2
5b749a19-53c3-420e-b090-e7fb7905234b,2
d06a0409-f016-4fbf-a364-42ad6e0f4c64,2
bae32d43-fec2-4ac5-a7c4-93d63246460f,4
cc886670-9767-4016-a54f-2700533d8b6c,1
d512485a-c894-4bd7-958b-88c8a63e30e3,4
7300e9a7-208f-4905-a88b-c40f1406d38b,3
e02371d6-a28b-4138-93a7-915037342eee,1
508e63fa-19d2-4970-b1e6-0a4429cd98c9,1
0286a163-5568-4d3b-9952-8b9f1e948d02,3
0d9dc6f6-5984-4006-af3d-96b25a96521e,1
3d4c649c-ddf1-4a99-9310-633f033c7921,1
d36dd1f6-9108-4e61-bc5d-b1465061021c,6
b38f8b38-7daa-4ffc-ad31-f2d066a7e954,1
73ec7209-640a-4001-9e24-f85565d2cee1,6
01cee386-e463-4817-95ed-44dcbb9c342e,4
3c1272e0-d2ed-4b44-a183-5d04d7a1e2af,2
1b84236d-f22a-454e-a03c-89ab7b82e218,4
2116ea44-af3c-4254-8297-63f56caecaf4,3
f1ef455c-deb1-487e-9363-d90c79100e66,6
d6cf1f49-504d-406c-a55f-c82c0ccaf239,2
f6544a6a-f167-42bd-ab82-d2ff52524f6c,6
bbfa845c-6bff-483e-970a-d6b929a5d4a4,8
169e0cc7-84cf-4bf9-838b-d73b5a48b040,8
ee5f7e66-1867-4ec5-ae1c-988e0948f024,2
d4c52ef3-9d74-4b50-bdb7-30393b6a4d1a,2
d52ee939-6afa-4f83-8aa9-0ec1750aae68,1
726bdb45-1f6d-445d-93ea-fec7d7dafbbe,2
1f6c1e3a-f51b-45b2-ad32-6ca1f82316ec,1
97644ac2-bf97-4731-8c2c-558e4bb690aa,4
6dec8c55-cc22-48a1-a6f9-90e0f582f808,2
21149b02-aae8-48f1-8782-4533547ec522,6
67675cf8-bd35-475d-a15c-80305b65bc40,4
b0a5e43f-0480-4e25-8cd1-6673dccefab8,2
8ed077b2-97eb-46dc-ae67-e7a87f554ae4,3
44d69a14-9c0c-4f1f-a61e-3b82feac2fc7,1
a2c14734-2749-449c-b798-46899e5c92d6,1
598b8e91-1156-4a1e-8b2f-143a57bc2471,14
b3469347-3292-4466-b230-a38c448b5431,1
d9d27589-e902-4a3c-935b-2d68f3aedcb4,2
8086f0f3-ca90-4c7f-bde7-5fb72d0326a2,4
82498f1c-69ec-42fa-be6d-9ab151569ac3,2
8572f537-64da-43b9-b363-5ce309428939,2
a2c9ca42-5350-4752-bbc6-47f955f1184e,2
92c59aa0-079f-4140-aee9-7dce0c1a73dd,1
801d31b3-adf4-4805-a9c5-e10552262a0e,12
c037a6d0-77b8-4197-8d13-0eb2bb116983,7
4b8bfdec-4d12-4bdd-b38a-0767ac151c51,7
6d08feb8-aa24-433e-99f0-18cf7ef86623,1
5fa5e4b5-6461-4761-946e-b992603274b3,2
bfd3cc53-4854-43af-adc4-6ec6cb3aa151,3
033cdbf5-3354-4ae4-8eef-cc0429ed9f08,1
a13ef8d0-a608-47c8-b58f-4a083a7b2379,1
5e074b67-e9d0-40ca-907f-f6be83352814,7
c89c9909-1944-4e0f-914a-bad0ffc30b92,9
2a4fb028-458d-4eee-89bf-2f2e4c3f0ed8,1
bdf789fd-d919-4f51-9bcc-da4ffe9d4e6d,11
6ab56a02-4f22-491a-88f4-77246526de5c,1
3b87335e-b1f3-4aa9-b4b1-88408c3f504c,2
39e7e5f7-6ad6-408a-bf95-a50328f5c5df,2
dddcf8ee-c608-4e3e-a9d0-dd860c67541e,3
c566f9ac-31c2-4873-b550-b5b084453ecf,2
2cfb9785-215c-4388-99f7-87e3e46695c3,1
63fc55d3-087f-40bc-beb3-892b16ed3fd0,11
4bd4b5a5-2de8-452e-ab2d-a35fbc6ddf60,1
c35da616-7e2d-44b7-8c70-4ac69f6fa8ca,3
593c0d2a-a775-4d98-bd1a-4e5efab8c871,1
e61d81c3-bf0f-44af-b759-16f99bab5738,3
a50b62da-40a2-4a92-a6d4-9d54227e29b9,5
9f49a679-8d83-4e39-99a3-f29c1dfe7dfc,2
bc17bd1d-3b83-4b22-ad77-0c081c28020d,5
d5780012-5c4e-4814-8015-b7d16eea9ff9,1
892f9b22-9a90-42ac-b11f-d4bdf614b258,6
24e4fd02-55e2-4113-a904-6d016176c38b,3
465a46e4-b721-4bfd-adbe-736bbab7b764,1
5a7fb5cb-d682-4bbe-9293-842381a11305,2
0debd67f-8a2d-4e37-84ed-c06989464c2e,2
43d13f1d-b538-4667-9b60-a412f558731a,15
3a2e2725-a8d1-427e-82b8-7d7ed7cb61fa,2
26b44ab4-6d7d-4977-9f6b-e9747b66145b,2
8f67ffdb-b29b-4b5d-83ea-0124cc0ed1de,1
7dd09142-1dab-4a1c-992b-219b97483858,5
eaf5f75e-2981-4523-a4dd-5d6fdede8319,5
834d5051-8dff-41ea-bacb-d99b546530aa,6
e020bc9e-a827-4f05-a0c4-69c5394d8035,1
acec28fa-56fe-4069-b02e-482d12e0a927,1
67130348-550f-4e80-a0ec-ac5148bf415e,2
31eb0057-0140-4929-95dc-a6b07e95552e,4
8897e1da-fab3-4811-b0df-dd44eba5ece6,2
4e60635e-e8d4-4755-8704-49c9475c2d51,3
b0613eb1-c5ac-40de-a0d2-9cfada715cf7,6
c618ee49-f1bf-477d-8f7a-84a208cea597,1
716633cc-4839-48ac-9ec7-5e5d86d0fdde,2
1d3648a6-38df-49c2-aee1-7ec7a1066c49,5
f3312508-81a6-458a-8071-7962f54d5093,1
4a15c5d5-e381-4a34-8e1e-d0bb5f975933,1
85de5293-11d7-4bdf-bea2-1350aeb5a01a,4
4be40396-a619-47f3-8a6c-d77bebea9bef,1
5a5ac357-b133-4b4a-81cc-491feee47c32,1
7d060f6f-f645-4841-9bee-11fd150c1abe,2
9cba55df-806f-4354-b5eb-c2358bbdd1fc,4
9dc9ec5e-238b-46b4-aad9-43d67832bd22,4
69e278af-e92a-473e-a32d-2cca57f15804,5
da64bd90-3ef1-4fdf-97dc-af5f53a552b0,2
b92a1588-3748-4b8d-b0a7-ecb3b9ee797e,5
bb026141-0859-4d6f-aa63-a909f71d847c,4
dadea4f6-aa2e-4a5a-b0d7-5a131fff1f88,7
63fa2c73-1433-4985-aafe-dab6760fdb12,2
b93c0b7b-2213-4679-8b81-c4deff10b0c4,2
8de1476d-a34f-4a84-86cd-70c3ca160c1e,1
98338ae9-da7f-4dda-8f75-99a35a55ab47,2
acf98604-f3f7-4ee5-8f88-5cccf1c713b4,2
ee61caa8-26e8-4772-a9ec-b12adae4f68c,1
885f771d-0281-48a3-a6c3-e90da506257b,1
bf691bc4-5544-48e4-be6e-0e74f69ea3c3,4
a81566c8-79a7-4832-8fdb-47120e31c875,2
c341a849-8335-4e65-818b-a630ea388f44,2
c35892c7-ff9a-4b32-8266-dfd0a363dd2c,9
5e618192-1786-4af0-b398-2ceb8679919b,2
7051274a-2957-4ef1-abe6-0ea7de90ee69,4
1b5ab16b-c98a-40d7-9146-0c2ab5aefec7,4
ef3de8b2-1af5-4821-960c-a9df591f326a,6
9745876e-6fa3-4922-9837-c6c75cf8b99d,6
be587f40-d7e1-4347-a8e8-94bc0b682746,3
8a9be37c-d2bc-4933-b85e-5d2ed95e9720,2
aa734d3d-f3a9-4caf-97b5-056bdd317229,3
0587866f-3241-4bd1-9b2d-e80a809f4fce,1
bdcd81c8-f05d-4638-81cf-e770b21dcded,1
845cae91-e07c-479b-9b83-761ecaf09bd9,1
d14f3ec6-b595-4a22-9c86-41dccd148599,1
368f6b3e-b37f-4d55-9ed2-7cf1482fca97,4
301c462d-9237-4fc6-854b-e36cbb7006c0,2
2462ab66-28d5-4302-86df-a53d98b88771,2
cebe8572-876e-40f4-9334-2c4a49978ecd,1
4d510435-26a9-4b73-9442-ae007ac78e17,3
03740918-a2e2-4ae3-93a7-65495157112c,5
842fe3a0-550b-4192-88e2-756310c3a7b7,17
0cb4398a-ddb7-4448-9ac6-6f24e76700a2,1
87c24062-8f7c-4533-a761-b9a42af6434a,2
703662a1-0d98-42dd-9916-ec7e9ad115db,1
35d2954c-b9e2-40fe-a10b-8d615d457b9d,1
da95cde0-2014-4a06-8654-995ca377a9cf,8
a375983a-335a-4819-ba31-3f7d7fa31948,4
21f70f0c-e4fc-499e-a0fc-678f4eb447d5,2
49324f03-896b-4d11-8c2b-e8e037254975,3
5dfbb3d7-bb5f-4cab-b822-44431406be4b,5
9a3dd8e3-9b57-438d-a613-784fe7dcfce0,8
413fb876-5254-4a70-8e11-09a166274ee3,3
e8571ce9-aa08-4fe3-9dd6-37bca1e7577b,7
87c904d8-8658-4875-bc0a-77434002e78a,2
74a5975d-0dc9-457e-bc97-64ffb259b826,1
63daf2e1-282f-4320-846c-7016ef8a81d0,4
0d695813-277c-4edb-9d9b-18dbe8f139fc,4
df34e729-d71d-43cb-9fe5-362b2a96de07,7
8a2f66e4-b58c-4481-ac73-5b2cf481c2e0,1
736e0670-cc1b-45ec-af8b-b297b393f18f,5
18d32329-579c-42fc-9c0c-5df157e08d8a,1
d3b08d2c-f6d9-4dcb-ac38-7dc926245c80,8
2920db6d-c88c-4900-9a08-73a883a8b218,6
194d8a68-3026-4534-8a9e-01ede555bdeb,1
fb73640e-8741-4d4c-a22e-826879d6d8e9,1
32e2e023-5e40-47ba-b6e4-82224bcb1bb7,1
25e99f1d-b5ef-4f78-9d1a-ecba64203ee1,18
5a6ca58e-4b3c-44d5-9d48-88b1730a3fd4,1
b99ca816-214a-4085-a269-a1fee908e91f,5
b0f95459-0644-4589-858b-2775c2cd2e14,6
233d619d-1dd9-46a2-a604-89bf5f9363d9,1
cbe7d157-256c-4b59-9c90-909a0e3350f6,1
e6343512-731d-4d33-9835-6faf6838831c,1
49ab4b84-701e-4efe-a901-ff3552734d84,8
c844ae8c-5002-4ebe-ac2b-b58a09d223fb,2
f8c054c6-953a-40d0-8e41-c471bcc4dd59,1
f1ab1faf-9ed0-4927-ba65-44461ec20c25,3
e0d1c724-55f7-40a9-96f1-2c5c22a666ac,1
49507349-9e29-4b61-8fa3-97d1559938c5,5
b6e75184-015b-4999-b262-91d336d825a4,1
e551a1b5-c8f1-4e82-b1a3-4c0ced354514,4
73fa7802-6ed1-4259-a423-5d4d1fdcdad7,5
3ae3473d-9a53-4511-adda-f088d3107ce9,1
c832b624-d597-4726-8d13-c3b336b34820,11
8d7c8d55-960b-4d9b-8105-75c120435881,5
2e9a6f95-0914-4b75-a124-7b5b0dd5bc6d,1
bb5b07cd-94f5-47d6-a52d-a2c4a63e8c38,1
2cf4c389-853d-45cc-b3cc-79224ecf15aa,2
7ad9ded9-5dc1-4eea-a9f5-c261b027c6d5,3
66aa86d0-38d4-47c5-b9e1-9ad7bdd353d7,4
6296929b-80f3-4f07-9655-d28b75904333,5
4bb76922-9a2d-4680-9780-7edf09cadd78,1
197b8648-a68f-43b1-968f-50ad9432b793,9
e51bb87e-c2fb-49a6-9fdc-1aec4995122d,2
837acbb7-d0c0-440c-bcd6-932555e732e9,5
bde01e3f-0e68-4bf9-98de-f7ce61054e5e,2
7b4fffca-8f8c-40c0-b073-902701635b2b,1
bb85cab4-dde3-4532-b19d-312e2eb95c3d,6
d6f8ef65-18b4-429c-aa4e-57c7df300d5d,1
4768eea6-52b4-4926-b173-7fc7e6625751,1
becead54-c521-4bc7-bc7e-48a79c41d280,5
817aad0e-b5f8-4d9d-adb3-6710d5ffd18e,5
9b0f9208-c257-4643-9fd0-8cb9cfadab6a,5
989983cf-fe4a-49ea-a458-ae8f00c16f55,1
b7d57994-5aa3-4895-96e3-241b4958c69f,3
7aa1e261-5b7d-46d5-9445-30d6ba9ae130,1
9eade3aa-97d8-4936-a94c-64313a147693,1
7dda17fc-5036-4a4f-b724-cc2dbcdcabf3,1
41581d86-0bf0-401e-9b87-15dbb9e64d88,2
da06a000-3a03-41ae-9ece-ccda6f8d2521,4
45a7c8f5-aefe-4afc-b128-de8eee0b493a,1
8807b772-d36f-40e9-9f84-7bc67f405e73,1
3cb143a9-7f58-4023-ba8a-850f0ec08662,7
75dd5e09-bca8-4609-a5f1-d2a4af731ed4,1
122501d4-f4a0-4772-a405-ff65543fe7d7,1
ac2f27c6-f455-4b13-8e84-0c4b388f2721,3
61cd7e7f-ed4e-4465-9d34-ec151f8110ca,2
2f4faaf3-2adf-4654-9c57-9a8e7b71bc04,3
9d2dc57a-2b17-4a9a-9797-25ce63a9b3b3,1
d4ace16d-106c-4e4f-945c-4807c4123850,2
ced92054-50d8-4ee8-af6c-3d19a6123e00,1
a45b0ae2-ddcf-4f38-8425-d2f226c8c2e0,2
de04dd8a-de73-4788-869c-53f7d86e46b7,4
2295ed51-233c-411d-bdfa-2d1637b97648,2
36cbaee0-cabb-4314-9a14-e204116a48c8,1
b51cbfb7-dbc1-4f1e-a215-9dfb0a8e0451,1
8ac6faf3-fe11-4476-9aac-b95223c7835e,1
f7595efd-f1a6-436a-848f-b9310fcde3ac,9
209b698d-2461-401d-8bca-695fc087bf64,2
6585d225-d049-4288-a459-347b72be0f2f,2
9ee36b2b-b85e-4be9-b84a-35e49f9fe8f3,1
1a21b993-1016-4d15-8297-7a0285d1063c,2
ad7682bb-2939-4b95-814a-6c479d3d9b3c,2
a902811d-b000-46b1-bec8-6d05e316d187,2
39d212e5-993e-4f08-bfbe-6bd0f305cc41,1
089d5112-eb02-4638-8a8a-cc6e1c6f6565,1
3e0abf42-925d-4c17-8d6d-ac02e27dadd6,4
893d4486-77e7-4ef6-ab8a-d2ba65d6ca6e,5
2a1c71ee-eab5-4182-a2bb-d1e127aac9ba,1
88a6ab2e-8ec2-4361-9857-82cc55286231,2
5b2af72d-c722-4814-8220-6f5568653f7a,7
fad0d56e-b146-4a25-a5d5-444c3549479f,1
5da943e6-9f27-4dc9-a26d-9441329d2519,2
df62f2b3-b49d-4932-8299-8c57a94c08ee,1
3fc48466-d882-4f57-931a-a84596d0981d,1
1db15aad-8531-4c25-985d-e5a0837ae04f,2
1c382f61-5586-46ce-9d05-f0881a891930,1
83249809-0f40-4549-a3d7-dd617b8c136e,1
926e4fe6-e13d-49a1-90c6-9c32eaa0d504,1
d6e71982-914c-4869-9816-c5fcd8b0fa73,1
3dc24ae5-ebe6-42a2-bb33-4519ac821a36,2
ff227d57-13f3-42b4-bdbd-83e435cc5607,1
0b0f2f29-b5bc-4da3-b45d-1009ce8e5d03,8
d39e15d7-3386-4875-9d2f-0766594bc912,1
a570098a-071f-4e7e-83a1-1d0118368d41,1
2716a477-e96a-43f3-9b84-878f7ab79131,1
25d640d1-a7ef-4552-995e-d272c205a5bd,1
4e09e850-74ba-4515-8332-ba058b0fe5ac,1
60539617-33fd-4b07-bb42-061eb5d8bf42,1
95e12825-87c9-4e6f-b844-abe6991f2cd1,2
9999f16f-a013-4fb2-bec6-36dded8529ff,2
c3bd1abe-6613-4298-8ef2-d897b45ff02c,1
6ce1bbcd-9601-43f2-b4b1-aa693e9b8110,2
ce6e1d29-20ab-4fcc-91c7-2ab10bb94c13,1
3d5299c1-b68c-428a-b3b3-3be4daa27d87,3
51a2ad59-3327-4362-9fe1-dab076acc907,1
4aea1b07-8dfd-4da1-bcd8-75dd06b2f76d,4
8e160f7a-e030-4356-be25-bc650e6c0c31,4
1d3784b7-18ef-41e6-9109-7b306e665e3d,14
43b73b16-fd4d-4cc4-ab36-c1fc53ed975e,8
f882d8f9-df3e-4ce5-888b-cffbac62456f,1
e8d666bb-6400-4013-8c18-fb2bcbe22539,2
90f6126d-584b-4ac7-a1ee-9326dae71fce,5
0b1117a8-3b86-458f-9b58-d162513372ef,2
5b0d09b4-f9e0-4a10-9572-e7755874d78b,1
83cb88ef-fa9f-41bf-9e96-c3c1581dd019,5
fe34ea00-81ce-4cb2-89e6-6e0ee1676516,2
30ac4660-26ad-4599-8e3f-4e8ab02f5bc0,2
6c2a81be-204f-4fba-850d-822bd1120577,2
bbf1347e-0659-41cd-8d9b-1a331ae353eb,2
a45da1da-0e49-4cda-85c9-7f00751e25c4,1
4819984e-ab84-4935-9140-e884f1108bf5,2
dcede8a3-b199-4bfd-9ed5-e96904e89dd2,1
37943c20-e6c3-4698-bdc9-1ebe9de8e390,3
3af04474-3a3b-47a0-babb-ba3fd8019bfa,3
51f94f16-6038-4a7f-a366-857cc65f6982,4
6370c933-2d12-483b-a22c-dbc687078cf2,3
cb970094-dd84-4ed6-af04-3b0921aed401,3
0d788916-9203-498d-b6dd-5e55ace58a64,2
c3716cd7-1f0b-49cf-ad23-44a1ba2640f1,2
667b6850-f3c9-4252-a7a3-94d2b974394e,1
af0297bb-ee7c-4516-81c9-64b1c0619982,12
5aee5d81-0ac3-40cc-be88-010ef2a1f4de,2
b2bb2183-0da7-47a1-833a-03c19c16cd08,1
ea2a6e19-78a5-4715-83fd-d682fc897356,1
1c7c9001-e9b1-4b10-9bd1-916f2394cb9e,4
591f827b-08d2-4cb3-86e2-136642811d64,2
8c4f41bc-2c76-4a1c-aa65-8bc6c635a3e9,2
e23d5443-55da-4951-afe8-9c808d1420ea,4
89715e1a-98ad-4fc1-8b38-a48770063214,6
835a3b49-8f9c-4551-b331-da8fe08a29c7,4
04ac4484-a07f-456f-b7a4-defb38b2d1dc,2
d8805af2-7975-486a-b498-127741e0bb42,8
77627c65-405b-4bd0-a3da-5070b7e07e0a,1
0485b4e2-422d-49b9-a0c1-b70d9280e495,1
7031c455-3abc-44c2-92f4-0a673ef97cd4,6
cc7c9d65-f84a-4995-967b-7a8fe74b4fcf,1
1f80bc27-83fe-4a09-b58f-36b3a5efbb35,7
df356e48-5f81-4071-bd57-626411fe3c91,2
8f60e7d5-792f-4427-abfc-40e3e5a954d5,1
f16c7b35-8683-4c0f-a64f-d716e8bddce3,1
851f5dbe-5ca6-4716-8e0e-657cc6308567,1
08948596-bd75-46bb-ac80-268b5a40cfb7,2
59523b82-2624-4879-bea3-bf1220b88f53,1
82516f1d-ed9b-4e55-9f2e-9e3ced96cf33,1
d5361fd3-388a-4bb6-8f83-753fec44244d,2
9f6539fa-ff9c-40fa-ab00-13af2d4418b7,3
24eb9df8-69c8-4a35-bc94-89d03861f0a7,4
286d8f12-e2ba-46ae-9b77-f924bfb53585,1
d6a95e1c-fcab-45e0-8a09-3fdcf02e5f5d,1
5a1cee4b-bb38-4f86-89bb-4c023d5310fc,1
d5d1bf5f-76ff-4574-a849-10c7d7c8681a,8
0054f5f9-ae68-4005-acbc-e6afab74277b,6
2cd7b608-b439-41bc-b2bb-7a1921c07b9b,5
eb0d41fe-29f2-4e09-ac20-0a8b5f352b03,1
00aaafe8-f44a-496b-8d23-4030fd1306a3,2
8214cc45-9d00-4d27-bb52-2fb9ab146770,1
2a0fed15-fb49-4244-997c-981863fbbd32,5
7f3b1dcf-4fbf-49aa-aa43-610a02e41d60,2
dd061a06-5baa-43a4-8f0e-ea57b7c6ac14,1
6478e60a-6a63-435f-998d-bfd44c072fe6,2
2d9abfd1-e9d4-4b52-9f55-8efae6493947,4
35255f84-527c-464b-9c73-1a5a89301b78,1
dd5ce5f7-8f78-4290-a6a8-43280acb4420,1
c177d3ad-ea1c-4e45-82f5-6bbdf28f4d41,1
543207d6-0b73-40ca-a864-434ec8cb38bc,1
34f1bc9f-1417-4421-8a1d-e2e84af13038,7
5a0ee628-2dbc-4804-abb0-ba10fefb62fe,1
6cc959ee-d49b-4259-9f59-b2280603ea40,2
aac4de0d-b453-4650-979d-c1406c137273,2
66c32490-3522-4828-8a38-f5abd39eecca,4
d23dd8dd-9419-4b3a-8dc3-76eb1fc6427b,1
9a6d8eca-8349-49e7-8059-4134aca808c1,2
edcae0ac-7ebc-4825-b576-c737226142f3,2
e6551b27-1db8-4a96-83de-af904035458c,1
638a4c94-1575-49f6-95f7-0c741c4537c9,1
8cef9dcb-5bf5-41b4-8227-1bb671b300ce,3
20201dc8-5c13-4d2e-96ba-7483d7c713c2,2
f0d1e711-8719-4d45-a292-1f51559e3b0d,1
5e125030-dda1-4f73-a947-ad367df59768,1
993b7239-467c-40f7-b41a-e734ccd44135,3
ac885f85-29e6-4e7e-9d42-46f5aae90e51,1
cbfd45ae-2ec3-46fb-b1c0-4f57429d867a,9
e76d949d-7338-4502-b9e3-b6db0e0e9feb,6
28d1b21e-b643-421a-8323-685038886581,1
cb5a75eb-0d85-4b7e-8a74-d4fad516cf64,3
ac04bfcf-ebb2-41e9-a702-8203953d4c2f,2
da0af6d9-3bed-4d08-a158-136fed7c6d0b,3
184542c2-1fe8-41af-bb85-b5fe67ac9e13,7
59286c12-9dc5-401a-8440-b8a8bb287c09,2
eb875fba-91fc-4da6-83f9-43faeeecf390,2
2a72019e-89f3-477e-a4f0-829ad9d05160,3
dee62921-008c-459d-a60e-0fbe93d907aa,5
c4591b00-a4f4-46b1-8777-ff826715a880,8
6357b18d-4f33-4bd7-a474-d7f84f9254bb,9
6cf63735-9616-429b-9c25-6dc2a3defc06,1
262c6a06-e3b3-411e-925b-6f4fc0fb0bc3,2
0ec10b8d-690c-46e5-9a8a-3c2f77bb1faf,2
7720ef24-6ea8-4ff3-8b10-2fd2404c8bce,4
d91501d4-146c-4c25-bd68-6021ffbd3edc,16
b7afa0d6-d8e9-4d0b-8399-c9bb85880e45,3
e5359f91-9997-4cb3-a92a-9978b5e4060b,6
d9152546-ad2f-459d-a1e5-181ac7e199ab,1
ecfac9a3-7da1-48d3-913d-f6f81797fafc,1
77a0b942-316b-49f8-a6d9-c7007dd2d09f,5
672080c4-b38b-487a-a81a-0eb1bd08c03c,7
6321f3ad-3953-42b3-b75a-76bb282b99bb,12
800f4eb0-8634-4b66-af6a-04021a94d0e5,1
97d48417-8c77-48f1-939a-e4fd577a342c,5
be24685b-51b1-4224-a02c-f051dcc22ad0,1
38b1276e-e984-463e-ad19-6012e16c52f0,3
a2e442af-aab8-474a-86d5-76f5985c844d,1
43fea796-5e30-4347-a824-7488ee492871,1
6ea0c15a-98d7-4d24-a560-f76af98c0572,9
9c1ad38d-c065-44c9-a878-24ce0aba4feb,8
cce59861-56f1-4fd5-ad9c-cb91ecd1fed9,4
8aa3149c-d771-4994-8949-7aa70d880eda,1
c752f4e6-e525-49a7-87ea-4b2e2995aeec,2
e4262ab7-b572-4ba5-8654-4f680b1009ae,7
13889a41-1174-4949-8428-10a58e03af77,5
b29549d8-9b21-4264-95b5-a9c10c7adfa1,3
24db1e7a-d3c6-4dcb-b40d-d4861f0c3fab,2
2826df7d-3377-4f15-855a-aef6ee7ffc01,1
ffce4805-d19e-4c6b-b8d4-5ebe4ba99b13,1
6c06f23e-d211-4d74-81ff-48e4b528d5ff,2
c9450880-3043-4312-a0bd-f1a2fed7e386,1
c1964b3d-c6dc-43aa-8488-181716c805c4,1
7a8577f0-a1c7-4516-b69e-8acc05f52b60,11
ce42d690-ace1-46f1-984a-3f6a3337d4b0,1
888f83b0-42ee-4b45-b701-ab220bad7087,2
ff4b7ee3-7792-4051-93a9-aef4c0b871ad,2
e75f7967-e6bb-4ff7-9df1-450a9f67f9ab,1
912fc0dd-fe12-4dc0-b1f5-90f782599b53,16
0ac7d963-54ef-4506-85b0-59c6160af294,12
7f04fb35-a5e0-4988-be28-7fea582f14cd,2
1f44003b-5138-41fc-93de-3a44198c19a6,23
2acc2f2e-8114-4339-bb21-eae030eba8f1,1
ec9d4586-4e21-4fcb-8209-5a7da82342a2,1
660ef571-b802-42bb-8ea6-0fd20cd44019,10
fbd09110-2d7b-4457-9475-9329608a0a6c,5
af0f8490-4fd7-4aaa-9b77-a4894869d50c,4
4bdd85fd-b100-49a7-8b6e-1956bd093eb5,1
5c720b12-f5a0-4a66-a876-b70cecd76eb4,2
e8a76898-2bfe-4891-9c07-081a1269b188,17
0ff5f121-ebed-4b28-837c-946377a8e062,1
cfcee196-8560-4155-bd84-742d5ca76d06,7
106a9309-88a0-4cc5-9466-aea75e7d2f64,10
094349b9-4ed6-48dc-9532-d3ad5a6faa0a,1
7365b45f-654b-401a-bd0a-ab6b995ca79f,2
99dfeedf-6d16-4c4c-9def-0710c5f4c153,4
eaf5b3fb-ba06-4cc2-8d74-b7f115570fb6,1
768366b0-d97f-42a4-9abe-be64946e36b5,2
28ff29e1-e97b-40dc-bee9-1154e8229c92,1
33ff293a-09ec-44ef-8134-d4f8f0caa1e0,3
99908a4d-2569-497b-9a66-24a981c34979,1
8f9fe4ab-74b1-407d-a0f9-7e99bf6dec4f,1
35c01c48-36fa-4800-93ec-af7b4d192361,9
fa336ada-7060-4f28-8c72-6d81964e9031,1
24df7aaa-5e3f-4f4f-91f4-f9d1c680f007,3
238b31