id,currency,perpetual,callable,npv,rho,rho-to-call,rho-to-maturity
07e1fdb3-0836-4476-b3bb-2aa29919878f,EUR,true,true,0.453983,-0.510464,-0.510464,9.418662
762aabf9-5174-41f2-a757-c7ed3a51678a,EUR,true,true,0.515355,-0.171343,-0.171343,10.842744
63c772cb-6fd2-45a3-85c8-cd8b67bbcade,EUR,true,true,0.481925,-0.202741,-0.202741,8.834035
e34be82a-e137-45a4-89bc-b941e976bcc5,EUR,true,true,0.472192,-1.521803,-1.521803,8.461949
8759d8e4-f3b4-4f8a-86ac-6030607e9024,GBP,true,true,0.553567,-2.122231,-2.122231,7.006848
9de5a56d-edb8-4ebd-9c87-4824a1bd393c,USD,true,true,0.595330,-0.186010,-0.186010,5.757197
943b8e20-4563-4c95-9f8e-0801a94b8cfd,USD,true,true,0.713888,-0.080189,-0.080189,5.006313
ddaf246b-af45-4914-8973-e8428d35e113,USD,true,true,0.446642,-0.100959,-0.100959,3.600337
ad1b419a-43c9-41e1-99c3-52eb81eb2c0f,SGD,true,true,0.273336,-0.829419,-0.829419,0.648548
66ba64b5-1d4a-42a4-b558-3dc31ef007cd,USD,true,true,0.963460,-0.067588,-0.067588,2.308034
e287c70a-3b01-4053-8122-097b2f50948b,USD,true,true,0.929995,-0.112002,-0.112002,2.494161
34c8fd64-3b01-4118-abd8-b1e98f46f97e,USD,true,false,0.653398,3.140696,,3.140696
55fb47c3-f9f6-400c-a525-cda46f6d319a,USD,true,true,0.905084,-0.315777,-0.315777,2.284439
a2ccb24a-12e0-4ad2-9ebe-263212d28fe7,EUR,true,true,0.865324,-0.150942,-0.150942,2.056589
bfbedfd1-b4f8-4d63-9c1c-c7956edcd682,USD,true,true,1.005952,-0.080272,-0.080272,-0.243593
5a7044b8-f558-45dc-ba41-afc05d304eea,CHF,true,true,0.815049,-2.936922,-2.936922,1.267802
c1af1c90-560a-44b3-8969-1eae9c3f2888,EUR,true,true,0.938907,-0.087833,-0.087833,1.278664
61262116-bc95-4b38-80bd-d877a6bfedf4,USD,true,true,0.909816,-0.484944,-0.484944,1.069578
6edae7da-98a9-40c8-84f0-4d6800159eae,EUR,true,true,0.982054,-0.111284,-0.111284,1.189891
fde36ebb-55a3-4106-918c-db8da6588822,EUR,true,true,0.693147,-4.066267,-4.066267,1.723404
4cf8d2cf-ecc7-444c-8588-0b8da39e6990,USD,true,true,0.969225,-0.080161,-0.080161,1.684188
e9f88524-200a-431d-ad04-aa23872ac3ac,EUR,true,true,0.547434,-0.572820,-0.572820,1.150238
3cbb73a1-ba37-46a6-9a57-3b8258eba533,USD,true,true,0.894603,-0.433778,-0.433778,1.364908
702874e9-9994-41ac-b3bf-223f8ef7d815,EUR,true,true,0.864447,-1.854361,-1.854361,0.719174
eecc8206-3acf-441d-a7a9-5206edbe7eca,EUR,true,true,0.786181,-2.010400,-2.010400,1.053810
f3e5fc52-65de-4637-baee-9cea0095f1ca,USD,true,true,0.554461,-1.755684,-1.755684,1.178061
0cafe1d3-08df-4e66-8bf5-5c186387dd99,USD,true,true,0.936977,-0.719131,-0.719131,1.305087
2b1bf1ac-4f90-4f73-b6d5-cff67323d8a4,USD,true,true,0.813774,-2.183959,-2.183959,0.805840
5e34e30c-33d4-4802-b907-e8687642c9d9,EUR,true,true,0.971814,-0.166393,-0.166393,0.626323
8456da7e-9e74-4081-9d17-86d5ea470c78,EUR,true,true,0.897935,-0.513738,-0.513738,0.990489
343b6090-8b49-44ed-9d0d-80f883b04f32,USD,true,true,0.987255,-0.880914,-0.880914,0.596462
58eb7a6e-5871-4244-8151-92372d8cd92a,EUR,true,true,0.863014,-0.956170,-0.956170,1.022354
5e1a2d4b-60b6-4267-bfd5-44fc9f3fce94,USD,true,true,0.994097,-0.743318,-0.743318,0.095669
08132dce-fdea-496f-b4f9-b8e8a4361698,SGD,true,true,0.880780,-0.038482,-0.038482,0.761679
69dc9743-a419-4508-a581-106406cc6f57,USD,true,true,0.405090,-1.575425,-1.575425,0.593316
042d753a-fc41-4d2a-aecd-bd94485dc1e2,USD,true,true,0.808751,-2.146331,-2.146331,0.625063
46f32a8d-e56b-470b-a408-c268f0a397de,EUR,true,true,0.867848,-1.127547,-1.127547,0.908797
96f42388-515a-4967-aaaf-15a824afdaae,USD,true,true,0.969690,-0.178742,-0.178742,0.259944
7585857c-7b09-490a-a214-c31cb60d5203,USD,true,true,0.607230,-0.751687,-0.751687,1.434351
b069e747-dfe2-4e5a-84a1-e0cf2df9507b,EUR,true,true,0.985723,-0.801554,-0.801554,-0.000395
d8f10974-a9e5-4f0c-9d4e-30f5f8f314b5,USD,true,true,0.522945,-0.577041,-0.577041,1.302705
8a601d31-8197-40fd-b387-d0edf603a447,USD,true,true,0.933204,-0.968383,-0.968383,-0.686047
b750db85-813a-40ba-b155-23f9b7c12647,EUR,true,true,1.007437,-0.805304,-0.805304,0.259410
4d8d9f55-e347-4549-8781-e6bf2b3d2cdf,SEK,true,true,0.279031,-0.019884,-0.019884,0.041596
a006ac3f-b7e7-4187-b9c3-cbb0b60fc640,USD,true,true,0.863382,-2.418972,-2.418972,-0.010023
d000100a-2002-487c-9403-555ad9baa4a6,USD,true,true,1.003455,-0.745992,-0.745992,-0.745992
1daa7a59-0239-4d8b-a1cc-b3e1b65b99d8,EUR,true,true,0.999861,-0.148281,-0.148281,0.142992
7ceb3e91-a189-4322-9ada-986b072685ac,USD,true,true,0.936653,-1.948879,-1.948879,-0.221845
adc0afb5-47b0-45f8-816f-e465ca82ec25,EUR,true,true,0.957260,-0.976533,-0.976533,-0.197852
18c00dad-ff81-46be-8c88-c38ff89d408e,INR,true,true,0.979536,-0.003666,-0.003666,-0.003666
4c0b8f5b-f23b-4a0f-b5da-e71d83f1a805,USD,true,true,1.017527,-0.443755,-0.443755,-0.443755
49a99267-1662-4b14-8dad-05b58d7df8dd,CNY,true,true,1.051396,-0.016795,-0.016795,-0.016795
43bdcfdf-1ec2-432f-acad-bb930bae7bab,USD,true,true,0.895242,-2.427748,-2.427748,-0.339308
0d5d4103-8345-4b7b-9021-64d980a2d3dd,CNY,true,true,1.039758,-0.032756,-0.032756,-0.032756
2691cd39-2ed8-499c-82f0-4104016db848,CNY,true,true,1.027947,-0.040467,-0.040467,-0.040467
816e00b2-e69e-455a-9135-f00e70a69186,CNY,true,true,1.045613,-0.044986,-0.044986,-0.044986
8b1d4ca8-aad5-4017-9ce8-8163f3fc078e,CNY,true,true,1.062813,-0.047018,-0.047018,-0.047018
c572994e-dd18-441e-bd16-932b12dff677,CNY,true,true,1.025622,-0.046587,-0.046587,-0.046587
f4e0a147-f158-4ccd-a31e-b60522e0f387,USD,true,true,1.009132,-0.229858,-0.229858,-0.229858
695fc691-6855-4c4c-97bc-274f302f1390,EUR,true,true,0.854350,-2.640121,-2.640121,-0.531998
e883713a-e3f0-4f11-ba5f-0d4112399580,USD,true,true,1.010407,-0.080663,-0.080663,-0.244334
c3d6f8a3-0626-4972-a77c-65c00432e915,USD,true,true,1.006082,-0.081528,-0.081528,-0.244749
d0cdeb4a-3413-4085-92fe-fef018a14e0f,USD,true,true,1.049980,-0.086171,-0.086171,-0.486342
87f13dae-40aa-4978-86f5-3d98cc763b92,CNY,true,true,1.020134,-0.079546,-0.079546,-0.079546
196b29c8-61a5-40ac-98c2-7370cd3cd59d,USD,true,true,1.028818,-0.022412,-0.022412,-0.022412
58bf6400-2194-48f7-8075-548267d106e1,USD,true,true,1.037603,-0.022557,-0.022557,-0.022557
65b0ba26-604c-4725-9e92-0c0e6b40591c,CNY,true,true,1.024202,-0.087230,-0.087230,-0.087230
5a1398b2-6786-41b8-a790-75d9c6189729,USD,true,true,1.056312,-0.036977,-0.036977,-0.036977
9e086612-d314-4b68-a41c-16020f2d158f,CNY,true,true,1.032907,-0.117407,-0.117407,-0.117407
bf495230-755d-4477-97ab-cab95a30a280,USD,true,true,0.910084,-2.356005,-2.356005,-0.277459
fba47f75-b459-41f4-ba3b-de95255b816c,USD,true,true,0.992772,-0.082651,-0.082651,-0.047132
5295e78a-0735-45da-9940-5f478efb52f9,CNY,true,true,1.048234,-0.122718,-0.122718,-0.122718
944fa1bf-821c-4a11-b7e9-45bf53ed6621,USD,true,true,1.063697,-0.083644,-0.083644,-0.083644
52ca6a56-6297-43d4-8350-550e75148eba,USD,true,true,1.038637,-0.073910,-0.073910,-0.073910
49914036-0c3f-4995-8415-cd983bfa0196,USD,true,true,0.841001,-2.473686,-2.473686,0.121529
1ea1c631-3605-4c6f-938f-a0c813461964,EUR,true,true,1.073841,-0.067094,-0.067094,-0.067094
2fe370f0-c41c-4b8e-b63b-0cab7368e879,SGD,true,true,1.035074,-0.087965,-0.087965,-0.087965
8f7876f2-6fa2-40d5-9a1d-94ce05dc1313,USD,true,true,1.035729,-0.086693,-0.086693,-0.086693
5740ff6d-0d10-447a-8b9c-d7ac026d3aab,INR,true,true,1.038783,-0.036746,-0.036746,-0.151857
bc70b104-327a-4d74-a5c6-9f8c11f62f66,EUR,true,true,1.030985,-0.113931,-0.113931,0.238264
eefde568-bbcb-43a8-806a-01ed40fc1af9,EUR,true,true,1.011115,-0.115161,-0.115161,0.002434
07ece0d6-2ed8-400a-a79d-1138bd3e8653,SGD,true,true,0.962559,-0.109698,-0.109698,1.105551
09a02f23-b77a-4207-bfe3-0bb3901f6f6c,INR,true,true,1.014266,-0.029472,-0.029472,-0.165815
b7dca1c6-009b-4d10-9db9-8a6ed16373b0,USD,true,true,1.012994,-0.104113,-0.104113,-0.104113
76cf8519-9e42-43ce-a3f6-4d5e2852201a,USD,true,true,1.023831,-0.105934,-0.105934,-1.314343
7f7f4787-672c-4d30-9418-e70c142235a4,USD,true,true,1.034999,-0.115000,-0.115000,-0.115000
8a621321-ee93-4cfe-8ffe-cb52e5e03fde,EUR,true,true,1.037881,-0.108493,-0.108493,-0.108493
3a6d06f1-f029-48bf-9e1d-f9f509ad7e99,EUR,true,true,1.033826,-0.109335,-0.109335,-0.109335
1585db20-8f8e-4371-9c74-30d97d3e4f91,USD,true,true,1.014954,-0.118411,-0.118411,-0.118411
23834af1-61fe-40c7-9fcc-3bd5efbea8bf,SGD,true,true,1.016285,-0.143947,-0.143947,-0.143947
9145c1a5-8c0c-4169-9a5d-d09504170e97,USD,true,true,1.008540,-0.137274,-0.137274,-0.137274
810bd2d1-46ee-4680-a8b1-e27ce2981122,USD,true,true,1.011977,-0.137741,-0.137741,-0.137741
d6ad18f4-b8bd-4817-89e1-57a658159e27,CNY,true,true,1.021197,-0.205732,-0.205732,-0.205732
7c961869-8aac-4376-b1a6-1a1cc402890b,USD,true,true,1.011524,-0.148919,-0.148919,-0.148919
4ce18ebb-2c76-4549-a5c2-3acda277e0b7,USD,true,true,1.010302,-0.151625,-0.151625,-0.160463
5a3b2209-3382-47fd-8352-a263296a515d,EUR,true,true,1.011866,-0.157150,-0.157150,-0.157150
0571a40b-51ce-40df-a0b4-ee405486bd5a,EUR,true,true,0.911657,-2.966435,-2.966435,-3.105081
e8e763ea-2fc4-476d-9422-305b9bc38bd5,USD,true,true,1.011611,-0.171527,-0.171527,-0.372756
c4a26a11-f58e-4896-9218-abd3e4ca1788,USD,true,true,0.990653,-0.080184,-0.080184,-0.162357
7015dbc7-f0e0-4d70-b81a-50589bb9fba4,USD,true,true,1.004542,-0.178585,-0.178585,-0.178585
a55f4615-f0f1-483e-8480-909884aa1434,GBP,true,true,0.802421,-1.831548,-1.831548,0.637830
2c28629f-8005-4210-a279-14639c3755fb,EUR,true,true,0.480630,-2.773602,-2.773602,-0.233549
a4da4076-3f16-4599-83fc-9947aed990a0,USD,true,true,0.984591,-0.191448,-0.191448,-0.191448
a7ae0a1c-e080-40be-846a-481115d26127,USD,true,true,1.077355,-0.218464,-0.218464,-0.218464
289de496-fadc-454d-96cc-ac8894387d3c,USD,true,true,1.011812,-0.210794,-0.210794,-0.210794
1365cf8d-5102-4f58-b37a-bbe010c53c19,USD,true,true,0.917488,-2.858365,-2.858365,-0.423577
96988f15-1a56-4c9a-b4b5-09e6fabe43dd,USD,true,true,1.006331,-0.229220,-0.229220,-0.229220
e7581dcb-6493-402e-ad87-3035cbd744be,USD,true,true,1.026950,-0.236769,-0.236769,-0.236769
283700ca-d135-4bee-87c8-a079c649fe29,USD,true,true,1.002456,-0.231122,-0.231122,-0.231122
cde53ec0-9d7a-4cc4-a8a7-458229a97ed2,USD,true,true,1.012202,-0.233369,-0.233369,-0.233369
d242c286-cf07-4f42-9a08-9aeb24fc4bda,USD,true,true,1.002509,-0.242273,-0.242273,-0.242273
5df876a1-8bcc-4755-b0f5-da9448d66230,SGD,true,true,1.011005,-0.263895,-0.263895,-0.263895
417530c7-0b53-4830-a8d6-cdc5f8cdd97d,CNY,true,false,1.056052,-0.333850,,-0.333850
35523f25-7850-4675-9393-d65c529e0a84,CNY,true,true,1.063634,-0.336736,-0.336736,-0.336736
988cd1bb-ed47-4002-ab22-457274be9667,EUR,true,true,1.000384,-0.087175,-0.087175,-0.245001
037c10ca-f1e4-4100-9655-09e57d8fcadf,SGD,true,true,0.783534,-1.417043,-1.417043,-0.364580
4547147f-71e8-460b-a6e2-6c96a88c02f0,USD,true,true,1.007581,-0.118768,-0.118768,-0.281244
a839ccd6-5b03-4e76-8c99-824ffb67d331,SGD,true,true,1.003103,-0.300397,-0.300397,-0.300397
b0b5ec01-a209-43f6-8620-3bc22b5cceb0,USD,true,true,1.031693,-0.098118,-0.098118,-0.278117
7c16832d-2ae7-4e9b-910f-5c7d0584b742,EUR,true,true,1.003486,-0.910437,-0.910437,-0.910437
2913327f-8d85-49ff-88b7-89f9025c8054,SGD,true,true,0.999852,-0.327747,-0.327747,-0.327747
d3b9fd69-778b-4d3a-af6e-2a1bf5fcc14f,USD,true,true,0.997490,-0.318643,-0.318643,-0.318643
d3700802-9cbf-43e7-8193-4fda878374dc,USD,true,true,1.010503,-0.334027,-0.334027,-0.334027
f163c0ca-d7ee-4b90-b659-428ed6f88d74,USD,true,true,1.001235,-0.342089,-0.342089,-0.342089
1a62f1a7-7629-4611-b0c0-d1d019efb71b,USD,true,true,1.004154,-0.345875,-0.345875,-0.345875
78b06c8e-f154-483b-bdf3-e788dbe155a9,USD,true,true,1.002065,-0.347939,-0.347939,-0.347939
b796e2c5-6ef3-457d-8e48-c4e83d7b724d,USD,true,true,1.019637,-0.328550,-0.328550,-0.328550
ed09001f-0451-4516-a0a2-d9c833ea6c35,USD,true,true,1.004011,-0.356982,-0.356982,-0.356982
855de6b4-a2c3-4278-a9f4-760c6981cc1d,USD,true,true,1.005306,-0.360235,-0.360235,-0.360235
a3dedf16-e60f-463f-bf7a-15034a6b596a,USD,true,true,1.003003,-0.359410,-0.359410,-0.359410
d8680933-0d28-48e5-b3e5-b26bb43528ea,USD,true,true,0.970153,-1.879007,-1.879007,-1.221987
d0728257-b0d1-4556-8042-a1077584c9ad,CNY,true,true,1.044191,-0.455547,-0.455547,-0.455547
310e226c-ae9f-4a04-b7c4-0de9f07ee757,USD,true,true,1.007349,-0.377756,-0.377756,-0.377756
054b63ef-0ff1-4383-8ee0-6fff8fc68a33,USD,true,true,1.003930,-0.376474,-0.376474,-0.376474
fd9f3ac3-1c00-4733-b4fc-29590952d755,USD,true,true,0.989834,-0.296707,-0.296707,-0.408162
e5959953-2cff-4be7-861e-d277cd4b1b1c,USD,true,true,0.994861,-0.395181,-0.395181,-0.395181
c11adbef-07ee-492a-88a3-e851e5651c35,USD,true,true,1.008573,-0.400628,-0.400628,-0.400628
33b79166-272a-4c7a-b33c-91e15aa38091,EUR,true,true,1.016792,-0.394786,-0.394786,-0.394786
9ea951b2-15c8-4f35-b63f-362081cb9150,USD,true,true,1.097941,-0.432863,-0.432863,-0.432863
ea64cccf-9fe2-4210-9363-39423bd311f6,USD,true,true,1.005500,-0.404993,-0.404993,-0.404993
f7869b56-3090-440b-a25c-57ec25d14dbe,USD,true,true,0.991547,-0.415569,-0.415569,-0.415569
34df7a68-0eaa-4784-bbf2-0c95ee0aef82,CHF,true,true,1.013100,-0.424511,-0.424511,-0.424511
b9c780d5-673d-4663-a61c-166e9a37a4ef,USD,true,true,1.012711,-0.450094,-0.450094,-0.450094
55c48966-0eaa-4c67-a87c-1c67c92f088e,USD,true,true,0.993337,-0.460798,-0.460798,-0.460798
d5410fa8-37de-45dc-959e-584902f4ad95,USD,true,true,0.997067,-0.470837,-0.470837,-0.470837
68a6e9fc-8af1-45a0-970a-ea7a57a702e7,USD,true,true,0.942597,-2.092265,-2.092265,-1.318157
78104bb3-1029-4617-bc24-f0ad7b1d6e5f,USD,true,true,1.000048,-0.328306,-0.328306,-0.486593
9670bd2d-f3ae-432c-afe5-e0ba3245f678,USD,true,true,1.027521,-0.516525,-0.516525,-0.516525
e77bcb4f-99fd-4d86-9e57-221024d7bac8,USD,true,true,0.973377,-2.249157,-2.249157,-0.935747
ac82475e-71ab-48ec-8bde-e6d86aba331d,EUR,true,true,1.019041,-0.547836,-0.547836,-0.547836
976bfeec-0d4c-4474-b856-0fa7a1bbf3bf,USD,true,true,0.996250,-0.388826,-0.388826,-0.388826
47f26cb7-ba3e-47ce-8bd9-659333cd0176,USD,true,true,1.010035,-0.560159,-0.560159,-0.560159
4786be49-0405-49e1-ae5a-7847440b7da3,USD,true,true,1.006952,-0.563445,-0.563445,-0.563445
eaf3f5ac-d93c-41c7-9c37-36595efaa0af,USD,true,true,1.010389,-0.368366,-0.368366,-0.583930
0daf7155-64cf-4bfc-a682-e8f9cfeee417,USD,true,true,0.997565,-0.575368,-0.575368,-0.575368
d28c1b50-8235-4265-a454-2a4fb45276e3,EUR,true,true,1.015937,-0.578998,-0.578998,-0.578998
5faa569d-fdcc-4f2e-817a-3c9333d7497c,USD,true,true,1.011061,-0.597893,-0.597893,-0.597893
e97aa7b1-4ac5-4b82-a3ab-13cd964eaa42,USD,true,true,0.981103,-1.768717,-1.768717,-1.768717
4144d56f-e314-4bd5-8262-44660bf2d19e,USD,true,true,0.949218,-0.772215,-0.772215,-0.610985
2afd0d1e-ca99-4bd7-8ffc-7f04e9a3b6c7,EUR,true,true,0.946851,-1.184806,-1.184806,-0.423704
1bd39328-90ad-47b0-9fee-63b8e647a7a1,EUR,true,true,0.973883,-0.586930,-0.586930,-0.758372
f37cb004-8320-43a1-9edb-abe4a4ce2eb2,USD,true,true,0.993164,-0.459710,-0.459710,-0.615472
1eb21711-8251-404a-a5f3-b663b4daf4b6,USD,true,true,0.887655,-2.327611,-2.327611,-0.399999
37adf219-945c-43b0-8883-c61211e56166,USD,true,true,0.994842,-0.232958,-0.232958,-0.627674
93d629e4-52d4-420e-8ca6-1dae3a16eab5,USD,true,true,0.952048,-1.676880,-1.676880,-0.445139
3be766b9-8812-430a-82c6-eb9818bdde1a,EUR,true,true,1.010417,-0.660893,-0.660893,-0.660893
b2b0073c-c4d7-4dbd-a3d1-43a0d1b9c899,USD,true,true,0.377708,-2.152511,-2.152511,-0.016821
86036b1f-058f-40b4-b5d6-edc032fb9e37,EUR,true,true,0.976277,-0.399358,-0.399358,-0.653907
ab095a10-9a0a-4b04-97d6-a853f8059623,EUR,true,true,0.783991,-2.481609,-2.481609,-0.948392
c4d374ec-3ebf-4593-bb02-a5e837cff49b,USD,true,true,0.885461,-1.787336,-1.787336,-0.039926
183f2919-b9aa-4ba3-a712-a5eb1f9eb5c0,EUR,true,true,0.978145,-0.750763,-0.750763,-0.709016
78408115-16fc-41a3-bb4b-be8fc80d94fa,USD,true,true,0.995603,-0.695607,-0.695607,-0.695607
3a2378b8-a060-4337-9120-55a6fd404c48,USD,true,true,1.006810,-0.724175,-0.724175,-0.724175
9e2e09b2-bef3-48a2-9163-9ad1d159d35a,EUR,true,true,1.004044,-0.734693,-0.734693,-0.734693
16c22f67-9277-4a17-8d2e-585d6f52c796,EUR,true,true,0.980380,-1.047848,-1.047848,-0.664405
6fc081b9-55bf-4b69-9aae-c0159001ce36,USD,true,true,0.985031,-0.346292,-0.346292,-0.740000
d3a42023-15c2-4ee8-9e65-47cb9244d947,USD,true,true,0.961427,-2.319435,-2.319435,-1.596618
a7902279-f1d8-411d-b006-bce997d06a41,USD,true,true,0.972267,-0.524203,-0.524203,-0.753243
a3ca4ecc-3e25-4953-884f-27dc2922ded3,EUR,true,true,0.804900,-0.786001,-0.786001,1.156859
891d654d-1513-4cea-8160-1526f50c410f,USD,true,true,0.946591,-2.857657,-2.857657,-1.207151
439abcbb-3a2f-43d3-a417-3303df126354,USD,true,true,0.982496,-1.510132,-1.510132,0.117640
e2b2fc9f-f4ed-48f1-8ca7-ac0961fe8354,USD,true,true,1.014104,-0.791565,-0.791565,-0.791565
c4b157c7-2297-4336-91ba-4ecddd73cc0d,USD,true,true,0.984076,-0.781900,-0.781900,-0.781900
2a56c6e6-ed38-4484-83c1-84ac2373d079,USD,true,true,0.990560,-0.512941,-0.512941,-0.794299
a867537b-13c6-433a-ab54-bebf7976c1e8,USD,true,true,0.986783,-0.799487,-0.799487,-0.799487
e56c19a9-044b-48f1-8b82-7656f7990948,EUR,true,true,1.014307,-0.811879,-0.811879,-0.811879
d1db1cee-a751-4904-b990-0ac526ff5edd,USD,true,true,0.981326,-1.945936,-1.945936,-1.945936
9ada5d2d-e831-4192-b767-95fe4c024c07,EUR,true,true,0.967408,-0.539747,-0.539747,-0.793226
b9f4a6e9-b2aa-4d24-8597-84ed1cba62ba,USD,true,true,0.999430,-0.851260,-0.851260,-0.851260
8f38d4ce-996d-4861-a7bf-214cd75243c3,USD,true,true,0.988437,-0.709998,-0.709998,-0.861069
0e6fcb3d-efce-490e-97e7-1acc1cf08fa6,EUR,true,true,0.994959,-0.859780,-0.859780,-0.859780
37395529-dd21-4608-9545-c5870d7a515c,USD,true,true,0.999236,-0.878275,-0.878275,-0.878275
80c580d2-2e30-4dfe-bf4d-6c00baac35cf,EUR,true,true,0.980733,-0.840509,-0.840509,-0.840509
05a7e75b-38b5-47e4-a8ac-ddb30acf694a,SGD,true,true,1.028979,-0.933393,-0.933393,-0.933393
bba711cb-8380-47c6-b0b7-543e9bfaa8e8,USD,true,true,0.995095,-0.819433,-0.819433,-7.789794
f576d453-4e20-4f5d-87b9-1e27cbbd5d12,USD,true,true,0.910605,-2.767814,-2.767814,-0.641713
2a8f5f90-89f0-43c8-8a80-66172f90621f,USD,true,true,0.996891,-0.916586,-0.916586,-0.916586
5b8dec1e-ed35-423e-b87c-e7ed86c29fbb,USD,true,true,0.972731,-0.669834,-0.669834,-0.894226
53165bac-3c6f-45e0-b19b-9e29368f126c,EUR,true,true,0.962276,-0.628397,-0.628397,-0.874057
5300d3a8-a191-43df-a9fc-885dbe9f8aeb,USD,true,true,0.992734,-0.916363,-0.916363,-0.916363
5fdfb11b-544e-4960-875a-79b182894e04,EUR,true,true,0.846394,-2.737238,-2.737238,-1.906274
da334f90-dbd8-4b43-be19-664493557c88,EUR,true,true,0.701116,-4.529589,-4.529589,-0.063682
8f6bada2-1f0b-48d8-9360-ea5217ca7488,USD,true,true,0.997650,-0.974968,-0.974968,-0.974968
7cdf7ea0-e224-4633-9f49-d0138b8e7f20,SGD,true,true,1.003113,-0.976950,-0.976950,-0.976950
c37bba84-7c86-4e3a-9aa3-6ccaf84cfb01,USD,true,true,0.979959,-0.711270,-0.711270,-0.930925
30f5aeb5-e21c-4724-9115-35dc423f486c,USD,true,true,1.046264,-1.016497,-1.016497,-1.016497
50899f23-b8e9-47df-b3b1-869d584cde5c,SGD,true,true,0.992490,-0.981747,-0.981747,-0.981747
f090c2fe-547c-42b2-b6bb-9941f0e21e28,EUR,true,true,0.968687,-0.682661,-0.682661,-0.931243
5c303c4b-e8ba-4ec7-a580-c397a8f346f6,USD,true,true,1.029859,-1.005758,-1.005758,-1.005758
227a6d4b-b5ac-4ff7-996f-aa14ac8ddf03,USD,true,true,0.989143,-0.965701,-0.965701,-0.965701
0c7bc22c-0188-45b9-935b-e8e8beb911e6,USD,true,true,1.001683,-0.834157,-0.834157,-0.983647
00f9bad0-c82d-4c2b-a947-7d2388b1bf7c,USD,true,true,0.998036,-0.849504,-0.849504,-0.998319
a5c48a04-70c2-4cf1-a7ad-a637a7c743fb,CHF,true,true,1.044926,-1.047595,-1.047595,-1.047595
a0c07d76-d019-4946-a9c5-17f9e90780fc,EUR,true,true,0.963991,-0.720058,-0.720058,-0.966485
e74e9a05-2541-4bc9-b33b-8b44d1b03072,EUR,true,true,0.966662,-1.488624,-1.488624,-1.216328
4436f82f-040d-49d0-beb8-d769d719f3f9,USD,true,true,1.010969,-1.042536,-1.042536,-1.042536
e7fc2601-3310-4b0c-9cfb-4c0e865d8860,USD,true,true,0.987488,-1.028871,-1.028871,-1.028871
e4a89f33-4b41-43d9-80f8-e6d5d5445469,USD,true,true,1.020652,-1.105410,-1.105410,-1.105410
46876032-9d00-4402-b668-bc6cbaef1b3d,EUR,true,true,0.825201,-3.328688,-3.328688,-1.259994
7067a6c0-67a9-43f9-9197-2d8e22f10fbd,USD,true,true,0.992048,-1.091150,-1.091150,-1.091150
8182d05c-8055-4b44-99ba-21db60ce001e,EUR,true,true,0.986192,-0.826809,-0.826809,-1.064607
6118be3c-1c5c-4f42-a73d-80899b6fab6f,USD,true,true,0.987196,-1.147282,-1.147282,-1.147282
eb557077-7655-47e4-a669-7aa71634e6aa,EUR,true,true,1.030935,-1.178721,-1.178721,-1.178721
c25fb412-af44-4ef8-a017-785fed8f4548,EUR,true,true,0.833588,-3.211570,-3.211570,-0.851108
51022fbb-fa63-49bd-9c9a-61461aa3ba27,USD,true,true,0.980790,-1.161910,-1.161910,-1.161910
f51fe7cd-bb05-46ad-92f2-8793adc5990c,SGD,true,true,1.016913,-0.379722,-0.379722,-0.737608
a32950c7-3ac7-47e8-82b6-b117cc919606,USD,true,true,1.025766,-1.214812,-1.214812,-1.214812
984a6427-c60b-48bf-a8a7-d25542bb1bdd,USD,true,true,0.996586,-1.181540,-1.181540,-1.181540
76124428-b4a5-40ee-9b50-765ec28cab12,USD,true,true,1.041264,-1.249469,-1.249469,-1.249469
b1e1ec2f-0d4f-49b2-98f1-50939bbaa3de,USD,true,true,0.983303,-1.175573,-1.175573,-1.175573
299cd1aa-96ee-4310-be95-4e42eeae6536,USD,true,true,0.952676,-1.009945,-1.009945,-1.151325
63431a44-753a-403c-a1fb-4709a869b9ef,EUR,true,true,0.859722,-2.100500,-2.100500,-0.674806
8dfe5c5d-b755-4ad9-8711-ac0e605544fc,EUR,true,true,0.965472,-0.848881,-0.848881,-1.845891
1334fcaf-793a-4361-8a39-44143c09b242,USD,true,true,0.996573,-1.251347,-1.251347,-1.251347
49c8002d-4d6a-4bb9-8855-d0da02fe7d4c,USD,true,true,1.004603,-1.265298,-1.265298,-1.265298
e92a0a6c-aa0d-4a61-98b9-74d1f4da2a40,USD,true,true,0.976661,-1.083161,-1.083161,-1.230491
281c4a7e-206b-4ad2-9dbd-5ab51a9fa14e,EUR,true,true,0.960306,-1.471152,-1.471152,-1.433980
9e7c5ef6-4b42-41e2-99bb-db1d6b0eb1e1,USD,true,true,1.008382,-1.314351,-1.314351,-1.314351
be5f6db3-3324-46a4-ad7f-42182b2a882d,EUR,true,true,0.992237,-1.117084,-1.117084,-1.282856
c23132c4-535f-4b2d-8767-25da0adec562,USD,true,true,0.975294,-1.291471,-1.291471,-1.291471
94b2b7cf-245a-40c5-aa07-25de5f13a8bf,USD,true,true,1.003522,-1.323288,-1.323288,-1.323288
645e35c7-6fbb-4798-b81f-54e9622b6f9a,USD,true,true,0.973907,-1.298830,-1.298830,-1.298830
0c8cd8d9-45fb-427e-928c-15faddaafe6f,USD,true,true,1.000085,-1.332534,-1.332534,-1.332534
4cb09303-9b26-49d5-877d-1a3a5c9cbe03,USD,true,true,0.977639,-1.308226,-1.308226,-1.308226
5bd9c7ac-b9c5-4fe6-8c82-693629b21117,USD,true,true,0.989983,-1.326266,-1.326266,-1.326266
4ff7c783-a5f1-4b90-90ee-55544747c279,GBP,true,true,1.001915,-1.326882,-1.326882,-1.326882
ea2a32c9-99bf-42e5-aa1a-54d4a2cf6d78,USD,true,true,1.002388,-0.996866,-0.996866,-1.364783
5ccbb5bd-bec8-4512-a116-eebdaa6e9b75,USD,true,true,0.981729,-1.341147,-1.341147,-1.341147
b0ab3cc3-0817-400d-b582-21daf27f7c88,USD,true,true,0.952979,-1.298601,-1.298601,-1.298601
72182848-5f8c-4c52-ac1f-94805a5e2e9f,GBP,true,true,1.006335,-0.775112,-0.775112,-1.346850
67b0200e-ef53-45f0-8a04-7440fe2be302,USD,true,true,0.985518,-1.370733,-1.370733,-1.370733
470c99aa-81cc-4e85-b8ad-8c24b2a9d101,USD,true,true,0.977283,-1.362933,-1.362933,-1.362933
2647fefd-ff17-48fe-96b3-c43828c68fa4,GBP,true,true,0.993816,-0.789797,-0.789797,-1.370299
a8f968e7-ee23-43de-a8cc-fe5adf45f2be,EUR,true,true,1.003344,-1.389836,-1.389836,-1.389836
51fae061-d34f-4484-bdae-d3e62b8fd340,USD,true,true,1.016743,-1.426810,-1.426810,-1.426810
3a02604f-23e5-4be8-b7f5-8f85bc8c05e8,USD,true,true,0.967782,-1.364543,-1.364543,-1.364543
9b28cb6b-e8ab-40b4-9b19-87f7fb1f84a3,EUR,true,true,0.783556,-3.551778,-3.551778,-1.523775
f70762e6-2fae-4f91-9eb7-42abb9c9d37e,USD,true,true,0.978462,-1.402322,-1.402322,-1.402322
7687a8ef-3054-4fd9-8f32-57f4bdf80274,EUR,true,true,0.983427,-1.418189,-1.418189,-1.418189
76bd3be6-2976-4e87-b36a-6b98b5f0db07,EUR,true,true,1.053746,-1.120839,-1.120839,-1.530974
65e4cfe9-e5ed-41ea-ac4e-2d3de1a0fd90,EUR,true,true,0.973104,-1.867464,-1.867464,-1.867464
a198d08e-c912-4f70-8661-e62e4719cbed,USD,true,true,0.990408,-1.330716,-1.330716,-1.469130
c9264ed6-a2c1-472b-9dd2-756b52417831,EUR,true,true,0.775656,-3.721002,-3.721002,-1.037060
a827f3f8-78a5-43b9-a4c2-15b5bd085080,USD,true,true,0.988186,-1.472946,-1.472946,-1.472946
331a13b0-f074-4092-8da7-358493c18f01,EUR,true,true,0.903527,-1.601654,-1.601654,-0.874253
d1edab6c-c279-4cf6-a512-3269f89db533,SGD,true,true,1.044842,-1.597236,-1.597236,-1.597236
47f57887-4ae9-42bc-b6e2-e2409c39230d,EUR,true,true,1.014707,-1.517221,-1.517221,-1.517221
18b735eb-3a95-4750-bfbc-428750cc36e0,EUR,true,true,0.993497,-1.494755,-1.494755,-1.494755
b7edcd6b-b039-46a5-b29e-883705f5480f,SGD,true,true,0.999685,-1.554117,-1.554117,-1.554117
fb63c7f3-179f-41ae-87a0-e68c33a2b622,USD,true,true,0.999471,-1.195467,-1.195467,-1.552530
2fc320e2-e993-4809-8f8c-fdd7c88d0295,USD,true,true,1.003607,-1.563181,-1.563181,-1.563181
4670f338-a006-45eb-a5b8-4da34639ac3c,EUR,true,true,0.759323,-3.482343,-3.482343,-0.816785
7a03f641-89b7-43d5-93a9-513fb0d3c6d1,EUR,true,true,0.637486,-1.935919,-1.935919,-0.887790
efe4730a-bd65-4d1f-af6e-0394429a16b2,EUR,true,true,1.023966,-1.207112,-1.207112,-1.608705
14c2709f-fc51-4d9e-8799-1878934fed91,SGD,true,true,1.033159,-1.675261,-1.675261,-1.675261
36000422-4760-4a47-8c48-d2b260722443,EUR,true,true,0.953661,-1.362470,-1.362470,-1.518929
8143fe42-435e-4d8d-b667-96d6e868c7f1,EUR,true,true,1.011656,-1.612456,-1.612456,-1.612456
f0f3b1ac-29ff-400c-a087-593b90e1f650,EUR,true,true,1.019827,-1.636363,-1.636363,-1.636363
23f5046e-65f8-4207-a64a-36535d4cc578,USD,true,true,1.013182,-1.642806,-1.642806,-1.642806
bfda6919-8cbc-472f-b0a6-5c9ffaac141b,EUR,true,true,1.021187,-1.656490,-1.656490,-1.656490
493ce7ad-7a3e-4f4a-8572-dc6a55c77d66,EUR,true,true,0.983590,-1.378286,-1.378286,-1.610235
467a407e-573d-4eeb-bead-1ebd41001513,EUR,true,true,0.933817,-1.749230,-1.749230,-2.966437
da995056-5308-4567-a7c4-b59484700978,EUR,true,true,1.010337,-1.695888,-1.695888,-1.695888
711ca866-0b15-4085-a615-1644ea70ccba,USD,true,true,0.895309,-3.164197,-3.164197,-1.063537
11be258f-adf3-4f00-90d0-357b1bc05d06,EUR,true,true,0.974629,-0.733268,-0.733268,-1.644389
c164ca4c-0dbf-45fa-92eb-939d2f3c7b59,EUR,true,true,0.998704,-1.690765,-1.690765,-1.690765
11e52c70-4435-41cb-867b-3b600e1867ea,EUR,true,true,0.964383,-1.472068,-1.472068,-1.632153
09967a27-e3a1-4cf8-81e6-9467126ea2db,CHF,true,true,0.964777,-1.618723,-1.618723,-1.737416
b46fd0ae-b06e-4b57-a347-7663ba7c9ab4,EUR,true,true,1.027265,-1.767965,-1.767965,-1.767965
a91e3b2c-dac1-461d-b150-b35a08b38fe2,USD,true,true,0.986331,-1.734626,-1.734626,-1.734626
aad7f975-424d-4997-b017-411216570f98,EUR,true,true,0.795732,-2.737284,-2.737284,-1.002699
e5321902-4089-4577-8796-d971c7116c4a,USD,true,true,0.974975,-1.740609,-1.740609,-1.740609
03126972-eaf7-4163-bdc8-dd7860c8dbee,USD,true,true,0.991490,-1.773294,-1.773294,-1.773294
99a055a0-3128-4c9e-97bb-ebbca0c70d57,USD,true,true,0.969800,-1.648855,-1.648855,-1.785482
6960db65-f3f5-4536-813f-c81d7f905b08,EUR,true,true,0.908130,-1.750547,-1.750547,-1.180036
56b8d824-1825-44bd-9d72-b6575be001ae,USD,true,true,0.952817,-1.729324,-1.729324,-1.729324
2c5ea5a6-47c5-4c01-997c-00fd284b89db,USD,true,true,0.973825,-1.803027,-1.803027,-1.803027
2425baa9-804f-4db4-bf1b-7a5993ade708,USD,true,true,0.946726,-3.179595,-3.179595,-1.763684
d42789c7-bf39-4840-8fdd-e1bf2c592980,USD,true,true,1.010142,-1.882029,-1.882029,-1.882029
e580da20-6696-4cfa-b56f-c0e558082670,USD,true,true,0.928855,-1.853395,-1.853395,-1.832960
d7414ecf-a3c3-4f5e-b6c0-ab4a6ba43f42,USD,true,true,1.008780,-1.779158,-1.779158,-1.912998
7723212a-913d-4828-8b36-0da9485d985a,SGD,true,true,0.712765,-4.379546,-4.379546,-1.033558
94427391-256d-4ff5-867d-cdece6f9de50,USD,true,true,0.958694,-1.835508,-1.835508,-1.835508
7fe57256-4fb3-4065-ab7b-1ffd1290ce18,EUR,true,true,1.000966,-1.749205,-1.749205,-1.892243
00819f28-34df-4454-842c-5708fd273bb6,SGD,true,true,0.902866,-3.383628,-3.383628,-1.362031
40c721f0-cc7a-4629-af02-1c49049259a5,GBP,true,true,0.981657,-1.868195,-1.868195,-1.868195
577f5ce3-ae4d-425a-b423-1dee9a44d1f6,USD,true,true,1.028059,-1.999866,-1.999866,-1.999866
86592d76-2429-4f4c-8ca6-cbb6b1edbf0f,USD,true,true,0.923969,-1.816126,-1.816126,-1.790413
edce08c8-f81c-4661-bb1f-447c9c97121e,USD,true,true,0.940398,-1.821900,-1.821900,-1.821900
6158a76a-45f9-43c5-9dbd-ebd2ea25e4fc,USD,true,true,0.975458,-1.950036,-1.950036,-1.950036
e4f322cb-ac2a-4106-801e-d0cbcce824c6,USD,true,true,0.985259,-1.557522,-1.557522,-1.870956
6578a901-72b9-4743-a3f5-9ca7a80f8b1a,EUR,true,true,1.000446,-1.925118,-1.925118,-1.925118
8a011408-9a1f-4e24-acc8-3bad95ba579b,EUR,true,true,0.798552,-3.466642,-3.466642,-1.528503
1ea93e81-2479-4690-8c56-0bb2df08a82e,EUR,true,true,0.967990,-1.620829,-1.620829,-1.784790
1b555817-340a-4154-847a-b2760d49ba40,USD,true,true,0.919580,-1.419278,-1.419278,-1.783417
8d099a8b-b798-40eb-9f95-123f2fc09069,USD,true,true,0.507476,-4.280089,-4.280089,-1.677428
1ff9f296-70ea-4640-b401-686ff1d1e33d,USD,true,true,0.997695,-1.987269,-1.987269,-1.987269
8a80f33d-597e-4d4e-b9bd-832b898df9a1,USD,true,true,0.990204,-1.773153,-1.773153,-1.972805
38b8fe0b-b07a-4f28-a908-94ea7651eafa,USD,true,true,0.857840,-5.190385,-5.190385,-1.867649
3841407f-5350-4746-8fb1-89c76d5d478a,EUR,true,true,0.992238,-1.505800,-1.505800,-1.980941
0c0d1e4f-8666-4b74-b195-2f2e3cc26f86,USD,true,true,1.021454,-1.859707,-1.859707,-2.065395
ebaf56d9-2060-4001-b050-4d8df970268d,EUR,true,true,1.064776,-2.174635,-2.174635,-2.174635
52c6feb9-bfc5-4321-b44e-af7ec05966fd,EUR,true,true,1.008215,-1.903781,-1.903781,-2.062715
0d7d4ae7-d308-4988-b34d-729928be3a24,USD,true,true,0.987070,-2.053400,-2.053400,-2.053400
144bae8b-8f1e-45fb-b0ad-24ed2ef36782,USD,true,true,0.991023,-2.057677,-2.057677,-2.057677
99e5b919-a5b2-4a4b-94d6-c3645a2f0150,SGD,true,true,1.002574,-0.080059,-0.080059,-2.153954
20f66e19-18d8-41ac-a49b-e483297eb346,USD,true,true,0.983108,-2.077783,-2.077783,-2.077783
590f38c9-b6fd-4930-a936-9b74f5e084b6,USD,true,true,0.940676,-1.689414,-1.689414,-2.004358
0dc595f6-0f15-4ce1-b717-9f4396d9905a,USD,true,true,1.028684,-2.185166,-2.185166,-2.185166
711ca866-0b15-4085-a615-1644ea70ccba,USD,true,true,0.895309,-3.164197,-3.164197,-1.063537
09c1cd11-e768-46fa-a35f-cc642e80ab33,USD,true,true,0.978421,-1.956179,-1.956179,-2.087724
bf2c15c0-9a6e-4117-a150-6cc533a5005b,USD,true,true,0.929043,-1.641109,-1.641109,-2.016659
e48fdaa3-8e49-4daf-9ceb-c96bd03e8aeb,SGD,true,true,1.018210,-2.217026,-2.217026,-2.217026
34e7a348-37eb-4e05-87e7-698c4cf7211b,SGD,true,true,0.954572,-0.143385,-0.143385,-2.366416
8e68c572-4c7b-4605-86b3-fe3fef2c0edf,USD,true,true,0.947849,-1.720402,-1.720402,-2.046701
5863ef94-d131-4374-990e-ca43a578eb53,SGD,true,true,1.075670,-2.359047,-2.359047,-2.439404
95224af9-fc49-450b-b447-58014a1cb00c,GBP,true,true,0.899508,-5.440820,-5.440820,-2.347770
daa0bff1-9d5c-4db7-83e9-77615f90ef22,USD,true,true,0.916629,-1.739340,-1.739340,-2.033320
7726c727-6d87-4ef7-940e-02a4e11428f9,USD,true,true,0.996556,-1.894187,-1.894187,-2.228376
c42d2e18-e746-4944-9ddb-bcf5820be286,USD,true,true,0.460757,-0.998814,-0.998814,-1.021910
0a27902c-58c8-4b99-8240-778b746dcc4a,USD,true,true,0.991019,-1.930437,-1.930437,-2.234889
9c39028d-f8b2-4f23-a1c7-c311f505e198,USD,true,true,0.994027,-3.776073,-3.776073,-2.081101
abd2ef47-d684-4480-ba60-16a5f732d8d7,SGD,true,true,0.997728,-0.219925,-0.219925,-2.270726
5741ae2d-f0bd-4d9b-ac22-3f0bf278e913,USD,true,true,0.996028,-0.348450,-0.348450,-6.160512
d6e82d53-70b7-4606-b1e1-ccda32577862,GBP,true,true,1.015859,-2.249366,-2.249366,-2.249366
6441ee1f-c14a-4909-bc26-9f86e7ac9743,USD,true,true,0.948214,-1.863296,-1.863296,-2.170146
570f123a-c423-40e0-88d1-b05433cd15fa,USD,true,true,0.974802,-2.229773,-2.229773,-2.229773
30b4691c-bea6-4ac1-85e1-24d60988c5ae,USD,true,true,0.982980,-1.921357,-1.921357,-2.248100
37485bc6-9856-4094-8a3a-fee76902b836,USD,true,true,0.950215,-2.183453,-2.183453,-2.183453
55982821-eb0e-45db-8195-828dafd54370,USD,true,true,0.988759,-2.289191,-2.289191,-2.289191
ebaf3aa7-50bc-480c-9734-aaccc4fb61a1,SGD,true,true,1.024093,-2.393706,-2.393706,-2.393706
efabe866-a593-4e44-9739-64aa486e8d6a,EUR,true,true,0.973856,-2.106806,-2.106806,-2.261954
2363abb0-fc94-4818-9a65-401e5808d989,USD,true,true,0.935661,-2.207660,-2.207660,-2.207660
589fa701-826a-40f1-9e7f-f15de977a78a,USD,true,true,0.975345,-2.299852,-2.299852,-2.299852
e38ef8d3-53c4-4f2b-8a76-1411b608f911,USD,true,true,0.962568,-1.722409,-1.722409,-2.291653
64a06d81-af01-46d0-8227-e4440dcd6efc,USD,true,true,1.016243,-2.433659,-2.433659,-2.433659
852ecb23-11d7-4632-b1d3-bbb811e6ccd2,EUR,true,true,0.936931,-2.537327,-2.537327,-2.537327
23b3b397-fa84-4fdf-8395-bb1dcfa819e4,EUR,true,true,0.876973,-2.401831,-2.401831,-2.361194
62860800-2668-4d31-94de-950c5ec29f32,GBP,true,true,0.947864,-1.986638,-1.986638,-2.242721
339a1aef-86f4-40d3-b0dc-68b8b7e1edf0,USD,true,true,0.937564,-1.709247,-1.709247,-2.272285
6ab5ac43-ffb2-4cb5-9cf8-2d75221cb8b2,USD,true,true,0.944100,-1.979786,-1.979786,-2.296565
400b08b9-7fd8-406d-b87a-57cd8e332ee8,USD,true,true,0.810286,-0.081104,-0.081104,0.264122
766d3db3-eedf-4d30-8c49-fb4d4bf4ac98,USD,true,true,1.010281,-2.359178,-2.359178,-2.484145
6e9b8bde-5aea-4947-8df0-9074e6c4fb01,EUR,true,true,0.983693,-2.161401,-2.161401,-2.386873
a8a20ab5-f65e-494b-8f90-743e019a6796,SGD,true,true,1.061424,-2.642457,-2.642457,-2.642457
af3e9974-2765-4e6d-9cd7-57bf9449db5c,USD,true,true,0.916224,-2.329461,-2.329461,-2.294257
5fb602ca-faa0-4620-b484-8b0f345ee311,GBP,true,true,1.059951,-2.562066,-2.562066,-2.562066
0e25c8b1-3695-42da-b515-f81796206098,EUR,true,true,1.062681,-2.583576,-2.583576,-2.583576
3e231fbf-252a-4f1b-ab6c-72a680360274,GBP,true,true,1.004677,-2.469074,-2.469074,-2.469074
7587ea84-5a1b-4725-b056-eb30a8ae2a68,USD,true,true,0.989360,-2.479485,-2.479485,-2.479485
50ee3fb7-9361-4bde-abfa-bf84302fb72a,EUR,true,true,0.950373,-2.212386,-2.212386,-2.354289
7430a331-0b84-46b2-bc54-d3eafa93c1c9,EUR,true,true,1.017833,-2.533942,-2.533942,-2.533942
bc50bde9-179a-4ebc-9a10-7dc1412ab1b5,GBP,true,true,1.080547,-2.675980,-2.675980,-2.675980
2a22df4c-2950-477f-aab0-a511316e3e85,USD,true,true,0.982702,-2.948553,-2.948553,-2.407723
5f7a830c-8edd-4d91-a130-b13951cdd89f,USD,true,true,0.906429,-2.166003,-2.166003,-2.560705
c113b5d6-c27f-4df2-8c4a-1d3c681b9044,USD,true,true,0.951921,-2.330385,-2.330385,-2.520093
ffbcc76a-96d4-4ae1-b2a7-5c65d49752c4,USD,true,true,0.968405,-2.491890,-2.491890,-2.491890
bbd8d8d8-e00d-47f4-b47a-7644b7816301,CHF,true,true,0.972724,-2.263485,-2.263485,-2.505244
91a720f9-f761-4a54-a693-55fdd8a497f1,EUR,true,true,0.914586,-2.877697,-2.877697,-2.339263
e44ca3a8-c9f6-4004-98da-20dbfe7ec8db,USD,true,true,0.933592,-2.432314,-2.432314,-2.432314
6dd01764-47d3-4648-88bc-c813042894a6,EUR,true,true,0.942180,-2.005462,-2.005462,-2.341485
88303df1-8232-4363-9cce-a14a964622f7,USD,true,true,0.981477,-2.567657,-2.567657,-2.567657
4ee387b4-48b6-4e81-a596-bc2d8245ad2f,EUR,true,true,0.955583,-2.074507,-2.074507,-2.445246
d37ab3a9-34a7-4953-a200-341253b41e85,USD,true,true,1.044036,-2.439625,-2.439625,-2.754501
38fa1cda-16cd-4110-885b-c15d7c191a3e,EUR,true,true,1.058502,-2.751826,-2.751826,-2.751826
0d43fe79-0973-436a-8f3a-22f2726becb2,EUR,true,true,0.986365,-4.819526,-4.819526,-4.955247
43d41113-2f7b-4e88-a9bd-cae71d83fc48,USD,true,true,0.931300,-2.104653,-2.104653,-2.472194
3f3df85f-b01c-4b95-9fec-cdb2cc72bcf8,USD,true,true,1.004872,-4.225147,-4.225147,-2.499624
138d20a7-5f8d-4c28-b593-435ab20919c2,USD,true,true,0.940619,-2.150592,-2.150592,-2.518335
1ba3dcb6-d951-4afa-99cc-9c028536df8f,EUR,true,true,0.922064,-2.309789,-2.309789,-2.446675
fcee4668-a909-4b18-89a5-be24a9647661,USD,true,true,0.926732,-4.054895,-4.054895,-2.012288
638c6a9a-677c-4b06-b228-45f5412ed5b8,USD,true,true,1.001922,-2.218647,-2.218647,-2.218647
fc671cda-de92-46d1-b779-ccd7b2b90a4f,USD,true,true,0.960845,-2.471844,-2.471844,-2.596186
85ef32c5-abda-434a-85f8-d5c6658aa89b,USD,true,true,0.929454,-2.495219,-2.495219,-2.495219
3b3c3492-3d0f-4fcb-9cff-2f5ab21dd129,USD,true,true,0.987702,-2.706721,-2.706721,-2.706721
1db4bd45-a08d-4e10-94c2-122650788ba4,USD,true,true,1.014539,-2.775794,-2.775794,-2.775794
c70b5ec6-ac9d-4a3c-a9c6-4336991d5c59,USD,true,true,1.001797,-2.751837,-2.751837,-2.751837
fdf2fabd-ca31-40ff-8ec4-2f4c995030bd,USD,true,true,0.940305,-2.477272,-2.477272,-2.591900
23206a94-e93f-49ee-b8e4-cb1a814b64f3,USD,true,true,0.933485,-2.036968,-2.036968,-2.570481
cc207974-df41-4234-b837-324100a0d920,USD,true,true,0.993611,-0.484295,-0.484295,-1.058792
6dd94bff-3057-4b89-a169-f1d825589d4d,EUR,true,true,0.761157,-3.961807,-3.961807,-1.882977
96ce1513-e4f6-4236-8d6c-ca75a7b4d40b,USD,true,true,0.861087,-2.560135,-2.560135,-2.446133
76cf8519-9e42-43ce-a3f6-4d5e2852201a,USD,true,true,1.023831,-0.105934,-0.105934,-1.314343
99705b9a-e636-4024-90bd-ec3e324ed81c,EUR,true,true,0.965247,-1.813411,-1.813411,-2.718155
faeca3eb-3b2e-468d-9abd-8422b069a897,SGD,true,true,0.947958,-2.727892,-2.727892,-2.727892
66f5c252-fd5f-4f87-a218-10dd17dbc654,USD,true,true,0.956121,-0.474991,-0.474991,-16.192681
e71b375d-fca8-4a0d-9a1d-d3a0ba0dc3df,GBP,true,true,0.969277,-2.724938,-2.724938,-2.724938
79800376-b030-4f2a-9ca5-e256d4786fd9,USD,true,true,1.065727,-4.447853,-4.447853,-3.964429
32f72d7e-47de-4c14-9fac-05d66dfda7fe,USD,true,true,0.917170,-2.999365,-2.999365,-2.711028
4baa8ac5-a1d8-4898-a8f9-ba4e8b3f389c,EUR,true,true,0.863273,-3.255344,-3.255344,-2.506716
0efe40e2-9dac-435f-bfe9-c6ce573e340b,USD,true,true,0.908098,-2.182873,-2.182873,-2.638874
fee30e0b-03fc-4f69-b416-08bc3487bb42,USD,true,true,0.558971,-1.151982,-1.151982,-1.608579
4c5a1a65-567e-4a63-8e9d-09195fb6cae6,USD,true,true,1.016950,-2.950951,-2.950951,-3.074379
a5751df3-c52d-406a-b55c-5fadacc1a65a,EUR,true,true,0.939896,-2.725465,-2.725465,-2.866809
b43620ff-b686-4aa0-aaf5-da717fab02e0,EUR,true,true,0.947090,-2.876868,-2.876868,-3.199124
3cb38914-caa2-4dda-9aed-9aad5f5c94a1,EUR,true,true,0.930908,-2.550655,-2.550655,-2.697536
18510d09-8183-4f44-acdc-d31ccc52a0f9,EUR,true,true,1.078240,-3.230479,-3.230479,-3.230479
e620396c-1e25-4f8f-bea0-755dff51db66,EUR,true,true,0.960025,-2.659929,-2.659929,-2.882146
e06709a4-51a5-4f2a-9505-797bf647a120,EUR,true,true,0.947872,-2.706516,-2.706516,-2.852465
e9959d44-37b5-414b-9b77-c31e82a1c826,USD,true,true,0.926491,-2.943410,-2.943410,-2.795391
c5cb6205-bb7e-488f-8a2b-ae00a78d7d40,EUR,true,true,0.941396,-2.619195,-2.619195,-2.839630
904116ae-68dd-490d-964e-2425c751fa7e,USD,true,true,0.965976,-2.721227,-2.721227,-2.961238
3c986f33-2a17-46fd-bc2f-f8257ec5804f,USD,true,true,1.106481,-3.418400,-3.418400,-3.418400
6a179cd2-751c-495f-afa6-b94bc575f3ed,USD,true,true,1.005683,-2.889559,-2.889559,-3.156761
9a3b29e3-4f33-4c52-b266-8322c7fdaa01,USD,true,true,0.808269,-2.873877,-2.873877,-2.499302
753fae00-2308-40a8-aa55-2757ce5c9401,EUR,true,true,0.995005,-2.980622,-2.980622,-3.128262
781b3412-3724-4b61-8c40-3d3224688081,EUR,true,true,0.947407,-3.206836,-3.206836,-2.940011
49f0c33f-30ac-4e38-a32e-22bedc2d572c,EUR,true,true,0.933368,-3.266175,-3.266175,-2.828604
d40e962e-e442-49b2-887c-1f97da135415,USD,true,true,0.918521,-3.263949,-3.263949,-3.130182
67df0dbc-e149-41a3-a86d-ccd4017f128d,EUR,true,true,0.912770,-3.224809,-3.224809,-3.524167
75fd3e82-aca2-4a12-9b6c-16c219dc3378,USD,true,true,0.804809,-5.340759,-5.340759,-3.045713
61e47840-c9e3-4382-99f0-058b85eef4b1,USD,true,true,0.848043,-3.912864,-3.912864,-2.750764
02ad1a1c-4877-4a47-be88-8acc1d6fdfd7,SGD,true,true,1.029608,-3.427959,-3.427959,-3.427959
5bed95f5-fa88-45be-a82c-a94d153dba9d,EUR,true,true,0.693751,-5.605317,-5.605317,-2.113288
4d5b60d4-8433-4f1b-a6b3-46a359aad94c,EUR,true,true,0.810120,-4.017667,-4.017667,-2.444879
29d00e34-efee-48e7-b18e-3fa34c6b9a46,USD,true,true,1.019763,-3.035944,-3.035944,-3.345080
e6d10f70-7d8e-4499-a72e-d6f282239360,USD,true,true,0.890776,-2.716638,-2.716638,-2.951872
b4e58227-b3a2-4396-9cbe-42976bb38a10,USD,true,true,0.839004,-3.084866,-3.084866,-3.016858
6dbe7eab-0eb8-4889-99ff-493b54441948,USD,true,true,1.086644,-3.586822,-3.586822,-3.586822
93fad9a6-1707-4184-9940-d2eba9586f46,EUR,true,true,0.912666,-4.268563,-4.268563,-2.903684
9e0b3584-3190-4f59-adc1-8cac388fce2e,USD,true,true,1.139838,-3.731528,-3.731528,-3.842639
5f4688a5-2440-4b7f-af0c-9b6865f8e547,USD,true,true,1.110490,-4.496217,-4.496217,-3.682023
b447c511-3281-4832-82a5-27e077083fd3,SGD,true,true,0.883061,-4.533638,-4.533638,-4.345170
3f4f28c3-fe7d-40ae-9e9d-75b4c7f25a4d,USD,true,true,1.083156,-3.734115,-3.734115,-3.734115
856dfb7d-fcae-452f-bdba-204658305365,EUR,true,true,0.827870,-4.204962,-4.204962,-3.230734
9f19d957-db55-494d-b329-75c958cf77bb,EUR,true,true,0.960331,-3.098916,-3.098916,-3.309511
12490540-6ba1-4a4c-805e-0abdcd49706c,USD,true,true,1.058107,-3.580781,-3.580781,-3.691477
5abfba96-f342-409f-aeef-ea8acc425a90,USD,true,true,0.975633,-3.370847,-3.370847,-3.370847
80fc8918-a574-4ccb-a9cb-59a0cce26402,EUR,true,true,1.061424,-3.540409,-3.540409,-3.682607
ac7ff44c-8b05-47c6-acfd-dd6fc48958f2,EUR,true,true,0.975223,-3.114754,-3.114754,-3.435562
0e5d2108-9c40-4901-99cb-c013eab085fc,USD,true,true,0.969714,-3.417643,-3.417643,-3.428985
1d66e78d-12d8-41d6-a7d9-2509df609cdb,GBP,true,true,0.985435,-3.290474,-3.290474,-3.448047
b73b2083-87df-4a64-bc5e-6ee141874fc0,USD,true,true,1.063928,-3.851249,-3.851249,-3.851249
46010ecf-7f3c-4fc9-8335-a3a24e4f3f12,USD,true,true,0.930250,-3.377873,-3.377873,-3.377873
08b24d1f-53e8-4397-b033-ce6693ea926e,USD,true,true,1.010817,-3.541658,-3.541658,-3.649256
3d9430d2-7103-4bb2-9595-0842b64622aa,USD,true,true,1.054754,-3.595828,-3.595828,-3.848709
1acdce40-be20-498a-9660-7b8c672899be,USD,true,true,0.601533,-3.492575,-3.492575,-0.957924
ede59779-2227-4cd1-b16e-34d22936ff4f,EUR,true,true,0.885032,-3.156773,-3.156773,-3.482979
d32ad4b5-d77d-41e7-ac51-f9455f74ecdd,EUR,true,true,0.936585,-3.767797,-3.767797,-3.396495
2fe903db-85be-4f73-ac88-eaf455cdd1cc,USD,true,true,1.003424,-3.720921,-3.720921,-3.720921
e8c163e2-613b-48cd-967d-b9c16f772eb6,EUR,true,true,0.988325,-3.329083,-3.329083,-3.445802
c16b1357-291e-40f9-b065-a5f394f48640,EUR,true,true,0.971216,-3.604659,-3.604659,-3.604659
2e87656e-f779-49e6-9a7b-14fb2f625d53,USD,true,true,1.092246,-4.082959,-4.082959,-4.082959
71e16a3c-e37b-4897-a944-b340f18ed4f0,EUR,true,true,0.718533,-4.048499,-4.048499,-2.363146
661dd135-29bb-4a99-875a-17d3bee0ade8,EUR,true,true,1.085804,-3.752420,-3.752420,-4.052363
7ae7bc4a-142b-4623-b7aa-6bdcb07b6d33,EUR,true,true,0.880692,-5.433308,-5.433308,-5.541201
1cc033cd-076f-4b34-b477-0a9faf89d932,EUR,true,true,0.866672,-3.126486,-3.126486,-3.518059
ca9d47f7-63dd-4660-a23e-63073ff57c5c,EUR,true,true,0.934997,-3.411721,-3.411721,-3.554869
50bda133-4967-4921-8bf3-929cb8c3777a,USD,true,true,1.184479,-4.455766,-4.455766,-4.557005
f7ce2b38-3bfb-48c9-a577-46e1ab2e5d88,SGD,true,true,1.100068,-4.289850,-4.289850,-4.289850
a141bf86-1533-433a-b124-cc72228b2da1,SGD,true,true,0.988267,-0.195583,-0.195583,-7.367809
e64f511b-4572-4da2-8993-db5dfcc489d2,EUR,true,true,1.121598,-4.173682,-4.173682,-4.305394
7508e361-8148-4672-9dbc-e4453c2cfb3b,USD,true,true,1.196906,-4.445210,-4.445210,-4.688813
047c0d95-8cc9-4d6e-8d54-78a425bc4bb3,EUR,true,true,0.912683,-3.236716,-3.236716,-3.570340
a57e9813-aefd-49a6-a95b-2e120b516fe4,USD,true,true,0.827297,-3.394475,-3.394475,-3.215651
d91a04d5-02db-4aa1-9e9d-5c789148c731,GBP,true,true,0.938547,-3.286799,-3.286799,-3.653302
35236a71-8faa-429f-a217-cb142b4a6afb,EUR,true,true,0.888506,-3.787620,-3.787620,-3.605329
0cfc9376-e608-4337-98b9-c65669d50d17,EUR,true,true,0.988090,-3.709423,-3.709423,-3.917676
990f622d-2897-4f91-8eec-b04f887d34c1,EUR,true,true,0.970358,-3.713387,-3.713387,-3.846780
4df5ada4-3256-48e7-8aed-6055f4e9cb19,EUR,true,true,1.081798,-4.019776,-4.019776,-4.149405
53122144-e285-45d6-8532-819ced63feec,EUR,true,true,0.942117,-3.444824,-3.444824,-3.768848
cc1ecfcc-9127-463d-a1af-dfa9eca9dcab,EUR,true,true,1.066546,-4.110969,-4.110969,-4.249727
0c03dfbc-8f3b-4684-a04b-4ef29a627abf,GBP,true,true,0.961017,-3.475436,-3.475436,-3.802309
0b5f1f57-ada3-4b3c-a930-03a542f5ca48,EUR,true,true,0.549482,-1.250924,-1.250924,-2.286257
fc2803c7-c7ed-448c-97ae-c47a30f90bda,EUR,true,true,0.978382,-3.926518,-3.926518,-3.926518
a98d6d5d-f91e-45fd-91e2-e3276dfb057d,USD,true,true,1.075220,-4.286003,-4.286003,-4.361130
4ca0e2b5-2cfd-40bf-86e8-42f79a4cca61,USD,true,true,1.128469,-4.374106,-4.374106,-4.632047
eb7b3677-d93e-4e50-a29e-308a27746c3e,USD,true,true,1.010518,-4.106693,-4.106693,-4.180136
c3f8c1f7-1ed6-4ede-bb89-72a008ff2fd5,EUR,true,true,0.751076,-4.869777,-4.869777,-3.869997
b59d5ac8-9629-485f-b988-18a52ada25cc,EUR,true,true,1.062482,-4.347658,-4.347658,-4.454499
9911d01a-abb5-497a-98a1-ea96ccf9c56c,EUR,true,true,1.131642,-4.608575,-4.608575,-4.734493
b041b91b-708b-441a-adf3-7ab724d1cc68,USD,true,true,0.912387,-3.370645,-3.370645,-3.862051
5010bce2-b953-4c7d-8f94-94c7f47ff343,EUR,true,true,1.218795,-4.972130,-4.972130,-5.229499
1800bb07-0973-4c8e-9d6e-308ad14baa17,EUR,true,true,1.107276,-4.497018,-4.497018,-4.690490
0eee1250-0a6d-41eb-aabf-5f7f3798eafa,USD,true,true,0.973552,-4.147717,-4.147717,-4.147717
055734b9-b71b-41b1-862b-8a78d3d84d58,USD,true,true,1.035518,-4.524328,-4.524328,-4.524328
679ad3e5-8fb2-494f-98b0-7bec0853b31c,EUR,true,true,1.091249,-4.769830,-4.769830,-4.535126
6a6e5d69-76ab-4ef4-864c-d7476484b251,GBP,true,true,0.651172,-6.681998,-6.681998,-2.933489
2df4016c-b57c-49ee-88fe-8781058cd64a,USD,true,true,0.818222,-3.770976,-3.770976,-3.653876
066c3b77-d617-49b4-b883-cb2d08bb9f31,EUR,true,true,1.029420,-4.438205,-4.438205,-4.574505
cb77c3f2-51a0-40de-96a9-9981047e9e3b,GBP,true,true,0.886924,-4.070042,-4.070042,-3.831838
c23caf20-2187-46de-8f8e-5b1a13e98be7,USD,true,true,0.824536,-3.771713,-3.771713,-3.696235
5073f18d-926c-4195-8f73-0e87cec67c59,EUR,true,true,1.158484,-4.845556,-4.845556,-5.196684
4992a482-7a0d-4d09-9a53-3b16c008ac00,USD,true,true,1.009100,-4.475808,-4.475808,-4.541460
ffeb32f9-a4a0-4b17-a690-2ffc59aa4a99,USD,true,true,1.179214,-5.291964,-5.291964,-5.373576
d21d12b1-99e8-474b-a27b-5ae676ef3ce5,USD,true,true,0.884605,-4.969904,-4.969904,-3.889336
6b997b36-b88c-4805-9673-c9da45cd66d4,EUR,true,true,1.013102,-4.738592,-4.738592,-4.218427
75a10715-41d1-4a24-8240-56e319033efb,USD,true,true,0.985703,-4.325297,-4.325297,-4.570087
13704ac7-0bf0-463e-b3a6-b9668ec0615f,GBP,true,true,1.052758,-4.768644,-4.768644,-4.869179
30429815-7556-4e0b-a6a6-604f59258aac,USD,true,true,0.870981,-3.851413,-3.851413,-3.968460
02286438-afb5-4c38-8a90-6632432e2051,EUR,true,true,0.965857,-4.239834,-4.239834,-4.527570
eb3a0c69-808d-49c2-8e91-979b5fad7033,USD,true,true,1.241416,-5.882822,-5.882822,-5.882822
da0ca1d0-a0a5-429d-9fe0-ccaafa65338d,USD,true,true,1.241416,-5.882822,-5.882822,-5.882822
a34c7305-370e-455b-8f58-5e941e816acd,USD,true,true,0.874590,-3.920401,-3.920401,-4.122829
7832ed75-c176-43e3-8b61-3529ca647433,EUR,true,true,0.879808,-5.050443,-5.050443,-3.964980
dd90b7a2-1ac1-4d5a-9cf3-701d883e5581,EUR,true,true,0.956548,-4.668667,-4.668667,-4.668667
8138e07a-ab2e-4f89-919a-26b114ea929b,GBP,true,true,0.943220,-4.446303,-4.446303,-4.446303
7aaa2683-1257-485d-b7f8-f4ad14bdd40e,USD,true,true,1.127924,-5.526933,-5.526933,-5.526933
9c19a4fc-c05f-4bb8-9ad8-bf5f586989e7,USD,true,true,1.492270,-7.508516,-7.508516,-7.508516
12431f45-fe27-4652-a552-2b47a36f8845,EUR,true,true,1.012148,-4.816189,-4.816189,-4.941195
f5163888-f7e4-4d30-a1ce-b60d427485d6,EUR,true,true,1.074428,-5.344611,-5.344611,-5.344611
e74a4446-f51f-4ac3-8fc0-dca22e435a0d,EUR,true,true,0.944533,-4.528857,-4.528857,-4.651240
e4388e33-411b-45ae-b4ae-b7a1827b1238,EUR,true,true,0.927442,-5.372830,-5.372830,-6.761892
fa5c6fe8-97f6-4bc9-ab6d-c2aaff4edc7a,EUR,true,true,0.967275,-4.616838,-4.616838,-4.851844
42c2b04a-d471-4da5-a8cf-f4331ca206c8,USD,true,true,0.999558,-5.071879,-5.071879,-5.071879
611d135b-68b7-49c1-bdaf-d66a1958dd08,EUR,true,true,0.918772,-4.608376,-4.608376,-4.709435
1060121e-1a1c-4e1f-a05d-873f41e579cc,EUR,true,true,0.902798,-4.332874,-4.332874,-4.553544
ad64934a-5c1c-4483-a1a0-a23332c5b549,EUR,true,true,0.848941,-4.564059,-4.564059,-3.918878
5113afe4-54ff-443e-9c89-aa8faace8f91,EUR,true,true,1.079669,-5.864982,-5.864982,-5.978346
c8609d9c-8045-45f5-a93a-b65aaad45dfa,EUR,true,true,0.956995,-4.730522,-4.730522,-4.964325
43dcc1db-19c9-43f4-b855-ea780ac2c9a1,EUR,true,true,0.968622,-4.901675,-4.901675,-5.023145
87fcb7bc-6544-42b9-83c5-f21c15d7c90f,EUR,true,true,0.858005,-5.752308,-5.752308,-5.044634
f2c5ac45-88bc-41e9-bb4a-eaaab34cb763,EUR,true,true,1.101481,-5.836747,-5.836747,-5.836747
61d7414b-8304-4f21-b3f7-b330470bdaac,EUR,true,true,0.726263,-6.101413,-6.101413,-3.567698
b1fdf8cf-5d4b-49eb-893a-ecf7a3a8f20e,EUR,true,true,0.971897,-4.977816,-4.977816,-5.096163
54da2c0e-213f-4b52-99c1-1fcce7754757,GBP,true,true,1.004572,-5.325345,-5.325345,-5.325345
2174acb0-bc54-43f0-932b-3ff34ebee6b4,EUR,true,true,0.929807,-4.510792,-4.510792,-4.885355
9add442c-9715-40b3-9097-afdb4dc86122,EUR,true,true,0.873976,-4.880280,-4.880280,-4.614470
87ad0bbf-5ab8-47e0-8832-4eca10f0ed5a,USD,true,true,0.851686,-4.533132,-4.533132,-4.533132
9bc54564-8f5e-48d8-a6d7-722242e0dc34,EUR,true,true,0.981306,-5.067477,-5.067477,-5.329003
72ba77a5-87e0-4f2d-8191-928f954a6b2a,USD,true,true,0.774100,-4.867265,-4.867265,-4.265345
90c47b1b-b2ec-464e-85ef-40e55650edac,EUR,true,true,0.498700,-3.135745,-3.135745,-2.925484
67a97930-b5ee-4d6e-a629-da58fa9b64fe,GBP,true,true,0.986385,-5.327845,-5.327845,-5.327845
72fe374b-f7f8-4294-b314-1fe3c107f8b6,EUR,true,true,0.879220,-4.759487,-4.759487,-4.725331
88f0daef-aa5e-4e69-a0d8-94a34f956cf4,USD,true,true,0.828618,-4.748886,-4.748886,-4.520320
de964b91-2185-4167-a8d6-b9895cdc8cc2,EUR,true,true,0.786657,-6.563115,-6.563115,-4.148356
f8fcbd63-26c9-4ac7-ac9e-fb030e79d936,USD,true,true,0.800152,-4.960094,-4.960094,-4.763619
5fa5dd46-1987-438f-9053-380451750f2d,USD,true,true,0.826922,-4.817130,-4.817130,-4.737637
debf63c1-8a73-45fc-b7d8-387fc0aa1a78,EUR,true,true,1.071657,-5.867194,-5.867194,-6.046638
acf9fba3-3129-4646-8962-8edbab50d090,EUR,true,true,0.774315,-5.385038,-5.385038,-4.306155
b77140c9-2bb9-4a50-8ec6-ff2eb511e160,USD,true,true,0.850130,-4.967542,-4.967542,-4.967542
806e58a2-3f0a-4ba2-b09f-aa016ab3ff49,USD,true,true,0.825743,-4.782069,-4.782069,-4.812532
a1c8b782-e897-4c5f-a79b-748fb426f515,USD,true,true,0.976241,-5.726348,-5.726348,-5.726348
f0ef9ab2-a81d-4c11-9b92-37efa3007da1,USD,true,true,0.830085,-4.760713,-4.760713,-4.876904
c3bff0d4-cb6b-4ac4-8719-21bdc9befd99,USD,true,true,0.855564,-4.765136,-4.765136,-5.082781
54debe01-e895-4413-95e6-3ef4c1f52dd0,USD,true,true,0.837741,-4.952239,-4.952239,-5.275533
a93b99fd-947a-4baa-97d8-6457c871834f,EUR,true,true,1.185527,-7.324113,-7.324113,-7.427950
8c4568b4-3fe5-4c74-a854-1bbfc88bd7e6,EUR,true,true,0.926570,-5.688550,-5.688550,-5.804225
c2a12954-a899-4465-a908-42a671f6c618,USD,true,true,1.251483,-7.951270,-7.951270,-7.993302
59f36b19-f979-47de-a851-25d6d47d6d99,EUR,true,true,1.160025,-6.989442,-6.989442,-7.089178
9554ee36-4146-47ec-9233-fa6904467922,EUR,true,true,0.751996,-6.037971,-6.037971,-4.577024
7df061bd-03fc-4925-9b34-4152a28cba5c,EUR,true,true,0.951620,-6.084237,-6.084237,-6.084237
7cc7f282-62d8-4687-b4d6-f4b7b860783a,USD,true,true,1.322311,-8.581356,-8.581356,-8.635968
61b254e3-d6fd-4e13-8697-e8e878c73e46,USD,true,true,0.987182,0.000000,0.000000,-8.630817
9402a3bf-8cce-4b9d-b4f8-e56929ed3c51,USD,true,true,1.191144,-8.348544,-8.348544,-7.441424
a47d84d3-7482-41a1-a963-21ef1050841e,USD,true,true,1.120089,-7.938818,-7.938818,-7.938818
be97af48-79bb-4cc5-a07d-dc4a5ca237fb,GBP,true,true,0.762194,-6.258610,-6.258610,-5.518231
0d4742cf-bcc7-41d3-8a4b-92df94d800a2,EUR,true,true,1.161569,-8.732195,-8.732195,-8.474465
3469a217-4dd0-4ff1-b24f-485e77229198,GBP,true,true,0.964208,-7.179415,-7.179415,-7.303715
8d1ccffb-603e-4d39-b67b-a5aec8d0bb1f,GBP,true,true,1.056831,-8.112696,-8.112696,-8.112696
b1e33963-4007-4f96-9308-8eadaff5b42b,USD,true,true,1.167444,-9.347957,-9.347957,-9.432246
de5de72b-6d10-460c-90d6-edcbc11f2f9c,EUR,true,true,0.898191,-7.371683,-7.371683,-7.607226
b8894b07-ba9d-44ab-b58d-836f483c97f1,USD,true,true,1.104670,-9.744431,-9.744431,-9.744431
d08c71f3-9091-43cc-b1e5-ab54a121bbf3,USD,true,true,0.559762,-0.079957,-0.079957,-4.991991
ca56dc48-bbfb-4357-b9aa-ea6590f6740e,USD,true,true,0.356352,-0.079965,-0.079965,-2.937206
2404b5c7-4a83-4ae4-b34e-5e4032d690fd,EUR,true,true,0.966541,-10.312258,-10.312258,-10.488093
f8a15eec-599d-4ffd-80e6-ec4cfcf3fcb6,USD,true,true,0.068851,-0.106471,-0.106471,-0.609956
17a19d03-2336-42b9-be2d-380bbe5c7557,USD,true,true,0.940414,-0.080094,-0.080094,-15.083231
bba711cb-8380-47c6-b0b7-543e9bfaa8e8,USD,true,true,0.995095,-0.819433,-0.819433,-7.789794
b2959e9e-36ae-4ac2-b344-f3835fcb188d,USD,true,true,0.686898,-1.502485,-1.502485,-8.808980
f7869b56-3090-440b-a25c-57ec25d14dbe,USD,true,true,0.991547,-0.415569,-0.415569,-0.415569
9a798021-b6af-4876-abc8-ed3aca8f4afc,USD,true,true,0.663313,-0.353654,-0.353654,-9.308171
53135cce-8e67-4558-83b0-e2d5b67a7785,USD,true,true,0.874028,-0.105144,-0.105144,-11.923173
56552973-41bb-4967-ae96-d23b906be616,USD,true,true,0.869941,-1.084497,-1.084497,-11.882573
ef127053-7215-44c7-860a-91585e89629c,USD,true,true,0.625997,-0.080110,-0.080110,-8.566164
752f81c4-3220-4505-a614-5589ca01e793,USD,true,true,0.152480,-1.120224,-1.120224,-0.846196
a8b0d219-72c5-4d2e-9812-447b6f172142,USD,true,true,0.699110,-0.199691,-0.199691,-10.265983
bb4c2087-df50-4e83-b713-44b9ecbc8745,USD,true,true,0.706810,-0.294005,-0.294005,-9.557677
ecc37675-e033-4ad3-a5fe-c55ce0386f2d,USD,true,true,0.828881,0.000000,0.000000,-20.952246
ecc37675-e033-4ad3-a5fe-c55ce0386f2d,USD,true,true,0.828881,0.000000,0.000000,-20.952246
ac7bf925-01a7-48e7-8152-cff563ddb0b7,USD,true,true,0.906449,-0.080184,-0.080184,-26.460243
ac7bf925-01a7-48e7-8152-cff563ddb0b7,USD,true,true,0.906449,-0.080184,-0.080184,-26.460243
25653659-0aab-47f6-87c1-2d87d7d016f0,USD,true,true,0.624657,-0.080155,-0.080155,-10.251161
0372c9a6-1d5b-4fec-bbd3-92e3a261abff,USD,true,false,0.400706,-7.435856,,-7.435856
763e582c-2f77-43bc-a1e7-d49483300ded,USD,true,true,0.781751,-1.927824,-1.927824,-15.639613
6da1c2a0-57d8-4f17-a26b-3e1d90642758,USD,true,true,0.737298,-2.055774,-2.055774,-14.811366
03a8767e-04c3-4937-ba7f-1271743dbfdf,EUR,true,true,0.897774,-4.466577,-4.466577,-5.966071
116ddccc-d7b3-4c7e-8343-328ae1ed9b60,USD,true,true,0.060719,-0.273696,-0.273696,-1.412405
89b35378-cf62-4b38-9e14-cfeae7155463,USD,true,true,0.744628,-2.203488,-2.203488,-16.047875
bb23bb2b-7eac-47b2-bedf-1555e62214d1,USD,true,true,0.044841,-0.103864,-0.103864,-1.440313
11a9e024-c8b1-4da0-bc64-da0655401e7f,USD,true,true,0.036246,-0.184404,-0.184404,-1.441337
0550d488-e800-4139-b1f6-392b1dddecc0,USD,true,true,1.012088,-0.817443,-0.817443,-0.969036
0550d488-e800-4139-b1f6-392b1dddecc0,USD,true,true,1.012088,-0.817443,-0.817443,-0.969036
