id,currency,rho,rho-to-call,rho-to-maturity
67b0200e-ef53-45f0-8a04-7440fe2be302,USD,-1.441205,-1.441205,-1.441205
153958e8-f56c-401f-a518-3048e399dd43,SGD,-1.816676,-1.816676,-1.816676
b9aaa91c-834e-43c5-90cc-0b8114df8e02,USD,-0.216387,-0.216387,-0.216387
60331430-c837-4ff8-b59b-32f095933cc6,EUR,-1.159622,-1.159622,-1.159622
4bf55a8e-c5b9-48ad-8992-11db6d486457,USD,-2.968573,-3.178712,-3.178712
69dc9743-a419-4508-a581-106406cc6f57,USD,-1.553035,0.275042,0.275042
c6c07f82-2e3c-4a9a-bbc1-7ed5220de3da,EUR,-2.083632,-2.083632,-2.083632
d0cdeb4a-3413-4085-92fe-fef018a14e0f,USD,-0.082835,-0.082835,-0.082835
40c721f0-cc7a-4629-af02-1c49049259a5,GBP,-1.951205,-1.951205,-1.951205
e7fc2601-3310-4b0c-9cfb-4c0e865d8860,USD,-1.098712,-1.098712,-1.098712
e5321902-4089-4577-8796-d971c7116c4a,USD,-1.804250,-1.804250,-1.804250
61b95f14-8d2b-4336-aa59-f5f68b40e65a,EUR,-0.209131,-0.209131,-0.209131
6158a76a-45f9-43c5-9dbd-ebd2ea25e4fc,USD,-1.957077,-1.957077,-1.957077
3e2807dd-e55f-4f85-a8cf-70ac551654db,CAD,-0.310587,0.323458,0.323458
de825514-9771-486f-99f8-8c7ea396a659,USD,-0.878124,-1.024464,-1.024464
1b555817-340a-4154-847a-b2760d49ba40,USD,-1.496498,-1.863723,-1.863723
f8a15eec-599d-4ffd-80e6-ec4cfcf3fcb6,USD,-0.105532,-0.861526,-0.861526
2fe370f0-c41c-4b8e-b63b-0cab7368e879,SGD,-0.144098,-0.144098,-0.144098
b23f6ea8-126f-4e10-8b1c-84a1c1d9d5aa,USD,-1.436958,-1.436958,-1.436958
726a9190-ff34-4c3c-8799-5a19b7f1149a,USD,-2.348738,-2.348738,-2.348738
23834af1-61fe-40c7-9fcc-3bd5efbea8bf,SGD,-0.199107,-0.199107,-0.199107
7f7f4787-672c-4d30-9418-e70c142235a4,USD,-0.191283,-0.191283,-0.191283
26d176bf-f70d-4c3e-820b-436a85aa9fab,EUR,-0.189467,-0.189467,-0.189467
1db4bd45-a08d-4e10-94c2-122650788ba4,USD,-2.815751,-2.815751,-2.815751
0c7bc22c-0188-45b9-935b-e8e8beb911e6,USD,-0.905810,-1.054541,-1.054541
87eadb1e-1df5-4893-815b-3175b729e505,SGD,-1.367473,-1.367473,-1.367473
3a02604f-23e5-4be8-b7f5-8f85bc8c05e8,USD,-1.431588,-1.431588,-1.431588
e97aa7b1-4ac5-4b82-a3ab-13cd964eaa42,USD,-1.837580,-0.651394,-0.651394
5113afe4-54ff-443e-9c89-aa8faace8f91,EUR,-6.010056,-6.124054,-6.124054
e64f511b-4572-4da2-8993-db5dfcc489d2,EUR,-4.298550,-4.433705,-4.433705
78408115-16fc-41a3-bb4b-be8fc80d94fa,USD,-0.767189,-0.767189,-0.767189
c4d374ec-3ebf-4593-bb02-a5e837cff49b,USD,-1.852713,-0.676666,-0.676666
f7609764-9555-4b93-b03c-c36c346c27df,USD,-1.159887,-1.159887,-1.159887
086fb7b4-4115-4551-a5eb-01e748f4fa65,USD,-0.083246,-0.246991,-0.246991
1eb55d90-51b3-4f77-b125-7edb4c406358,SGD,-1.889865,-0.828359,-0.828359
abd2ef47-d684-4480-ba60-16a5f732d8d7,SGD,-0.274293,-2.320188,-2.320188
4c5a1a65-567e-4a63-8e9d-09195fb6cae6,USD,-2.992023,-3.116172,-3.116172
05a7e75b-38b5-47e4-a8ac-ddb30acf694a,SGD,-0.985780,-0.985780,-0.985780
50899f23-b8e9-47df-b3b1-869d584cde5c,SGD,-1.039085,-1.039085,-1.039085
55982821-eb0e-45db-8195-828dafd54370,USD,-2.309538,-2.309538,-2.309538
00bfe33b-b3ca-453e-8829-fe885e7e4cfc,AUD,-0.054055,-0.107725,-0.107725
d6767589-7082-4b05-9814-801657696f47,USD,-2.546898,-2.670743,-2.670743
1eb21711-8251-404a-a5f3-b663b4daf4b6,USD,-2.380290,-0.619543,-0.619543
ff9f4ff4-9437-4283-a15e-209b4c6d165e,USD,-0.059564,-0.059564,-0.059564
3be766b9-8812-430a-82c6-eb9818bdde1a,EUR,-0.745304,-0.745304,-0.745304
86036b1f-058f-40b4-b5d6-edc032fb9e37,EUR,-0.480389,-0.735787,-0.735787
cca5d1f4-4db3-4e71-989e-5e46605cce38,NOK,-0.001495,-0.001495,-0.001495
2fe3d3b2-fc21-4a13-88ac-694f8f90a5d0,SGD,-1.110007,-1.110007,-1.110007
7015dbc7-f0e0-4d70-b81a-50589bb9fba4,USD,-0.252733,-0.252733,-0.252733
d3a42023-15c2-4ee8-9e65-47cb9244d947,USD,-2.381389,-0.792439,-0.792439
2363abb0-fc94-4818-9a65-401e5808d989,USD,-2.269528,-2.269528,-2.269528
23206a94-e93f-49ee-b8e4-cb1a814b64f3,USD,-2.108270,-2.631757,-2.631757
9fde7b5a-0081-471a-b33c-bdc05ca777c4,SEK,-0.018663,-0.018663,-0.018663
589fa701-826a-40f1-9e7f-f15de977a78a,USD,-2.370343,-2.370343,-2.370343
0784d561-f50b-48af-b7dd-95f48d69ac73,NOK,-0.011458,-0.011458,-0.011458
e6d10f70-7d8e-4499-a72e-d6f282239360,USD,-2.746484,-2.984102,-2.984102
b7dca1c6-009b-4d10-9db9-8a6ed16373b0,USD,-0.178584,-0.178584,-0.178584
5bd9c7ac-b9c5-4fe6-8c82-693629b21117,USD,-1.401753,-1.401753,-1.401753
76bd3be6-2976-4e87-b36a-6b98b5f0db07,EUR,-1.204871,-1.610582,-1.610582
c164ca4c-0dbf-45fa-92eb-939d2f3c7b59,EUR,-1.772607,-1.772607,-1.772607
8d288c5a-9e25-467f-b3fe-e4e5f341fc7e,USD,-0.085534,-0.085534,-0.085534
24f24420-9cd9-48e2-986b-99b3e12e040c,USD,-1.365482,-1.506959,-1.506959
e74e9a05-2541-4bc9-b33b-8b44d1b03072,EUR,-1.572412,-1.042422,-1.042422
9c39028d-f8b2-4f23-a1c7-c311f505e198,USD,-3.834807,-2.320054,-2.320054
1365cf8d-5102-4f58-b37a-bbe010c53c19,USD,-2.907275,-0.267820,-0.267820
e8e763ea-2fc4-476d-9422-305b9bc38bd5,USD,-0.246154,-0.246154,-0.246154
30b4691c-bea6-4ac1-85e1-24d60988c5ae,USD,-1.983944,-2.300901,-2.300901
d0728257-b0d1-4556-8042-a1077584c9ad,CNY,-0.462390,-0.462390,-0.462390
1e65fdab-516b-410c-bb3f-f1bce661a065,USD,-0.442400,-0.442400,-0.442400
75823dc3-3575-4dc0-b600-130d4a6f8744,USD,-3.073722,-3.073722,-3.073722
fc671cda-de92-46d1-b779-ccd7b2b90a4f,USD,-2.527545,-2.647151,-2.647151
c70b5ec6-ac9d-4a3c-a9c6-4336991d5c59,USD,-2.806748,-2.806748,-2.806748
f0c86de8-c1f3-4e2f-99ad-07d3f3782fd6,USD,-2.017039,-2.017039,-2.017039
9ea951b2-15c8-4f35-b63f-362081cb9150,USD,-0.519598,-0.519598,-0.519598
e7581dcb-6493-402e-ad87-3035cbd744be,USD,-0.312074,-0.312074,-0.312074
9b6e17a2-8086-4344-91e8-8ed7232f2293,EUR,-1.287584,-1.287584,-1.287584
c2363945-92f5-4c04-8152-4d59f45f9d74,USD,-0.263041,-0.263041,-0.263041
d8f10974-a9e5-4f0c-9d4e-30f5f8f314b5,USD,-0.627747,0.272355,0.272355
a5add6f3-1335-49a7-8217-368d41599e32,USD,-0.218539,4.161215,4.161215
2a56c6e6-ed38-4484-83c1-84ac2373d079,USD,-0.584555,-0.869977,-0.869977
4e618311-3c31-4bf7-9d59-75e3984c5c29,USD,-1.055537,-1.055537,-1.055537
7cdf7ea0-e224-4633-9f49-d0138b8e7f20,SGD,-1.029930,-1.029930,-1.029930
dd42d514-2a5c-46c6-93fb-22d01af648c4,SGD,-0.286154,-0.286154,-0.286154
4547147f-71e8-460b-a6e2-6c96a88c02f0,USD,-0.194113,-0.354909,-0.354909
c3d6f8a3-0626-4972-a77c-65c00432e915,USD,-0.082878,-0.082878,-0.082878
3a67edc6-2919-4aa4-b75a-080b246a3f51,AUD,-0.120962,-0.120962,-0.120962
66ba64b5-1d4a-42a4-b558-3dc31ef007cd,USD,-0.140782,2.433253,2.433253
58bf6400-2194-48f7-8075-548267d106e1,USD,-0.096854,-0.096854,-0.096854
f163c0ca-d7ee-4b90-b659-428ed6f88d74,USD,-0.415568,-0.415568,-0.415568
bf2c15c0-9a6e-4117-a150-6cc533a5005b,USD,-1.701159,-2.067303,-2.067303
339a1aef-86f4-40d3-b0dc-68b8b7e1edf0,USD,-1.780215,-2.335988,-2.335988
1585db20-8f8e-4371-9c74-30d97d3e4f91,USD,-0.193667,-0.193667,-0.193667
7edfddf0-9564-4a9e-94bc-582e6d88139b,EUR,-0.536936,-0.536936,-0.536936
f576d453-4e20-4f5d-87b9-1e27cbbd5d12,USD,-2.804937,-0.891796,-0.891796
16512017-3d1d-44fa-aead-3957f6dd3b68,USD,-0.095947,0.570251,0.570251
93a4274b-5ef0-4747-8e3b-d1ed1b4a74c2,EUR,-0.341048,-0.341048,-0.341048
fb66825a-a0fd-4705-9c31-3df253690f4c,EUR,-10.885309,-5.938425,-5.938425
ad41d6f5-930f-412c-a6ce-851d9248a988,USD,-0.059253,-0.059253,-0.059253
f51fe7cd-bb05-46ad-92f2-8793adc5990c,SGD,-0.063789,-1.279975,-1.279975
f193f6d8-b4ec-4d88-b2e2-2eac03be2e28,SEK,-0.003910,-0.011687,-0.011687
af59b47f-63f7-4a1f-afa0-6b00fb7f7b46,USD,-0.237213,1.112271,1.112271
d7414ecf-a3c3-4f5e-b6c0-ab4a6ba43f42,USD,-1.844658,-1.976163,-1.976163
50489c1f-8ccb-4338-94f3-3ceb9ca94c54,SGD,-0.346876,-0.346876,-0.346876
c4a26a11-f58e-4896-9218-abd3e4ca1788,USD,-0.084281,-0.247744,-0.247744
2b8a3c4a-ec95-4dab-ad04-6edb144f04ff,USD,-2.224544,0.760580,0.760580
5c303c4b-e8ba-4ec7-a580-c397a8f346f6,USD,-1.077451,-1.077451,-1.077451
8a601d31-8197-40fd-b387-d0edf603a447,USD,-0.116950,0.236501,0.236501
617ab82b-d246-49da-be54-dc9a596a4fcd,USD,-2.432380,-2.310005,-2.310005
2be364fa-5ce0-4871-a68e-61370383edd0,USD,-1.427853,-1.495723,-1.495723
0d1f6ce3-1073-48ec-80d8-0f580d7dfbb9,USD,-1.092217,-1.092217,-1.092217
80fc8918-a574-4ccb-a9cb-59a0cce26402,EUR,-3.658590,-3.799932,-3.799932
43d41113-2f7b-4e88-a9bd-cae71d83fc48,USD,-2.164641,-2.519913,-2.519913
b1e1ec2f-0d4f-49b2-98f1-50939bbaa3de,USD,-1.248823,-1.248823,-1.248823
bb42c70f-ae2f-43b0-919c-45ce361d8cf3,SGD,-0.296570,0.246189,0.246189
4e76f1d3-afee-411b-8818-5eaf0594d58e,MYR,-0.113580,-0.113580,-0.113580
5da9ca37-5dd4-4f25-b2ca-12b81fc6162a,EUR,-1.473676,2.430407,2.430407
5e209cc8-b8dd-4475-98cb-b72ced139c32,USD,-0.099177,-0.099177,-0.099177
670641c2-ff6d-45e2-9326-e425c37b2a9d,EUR,-2.450961,-2.591686,-2.591686
da0a905b-74e9-4d28-b0e0-8bf41f058ac5,INR,-0.147875,,-0.147875
afc67483-fee1-484e-98f6-7d73f649c1da,GBP,-8.598765,-8.059234,-8.059234
747a0b54-f9bf-4a2b-9d20-53fefc651136,INR,-0.010991,-0.010991,-0.010991
633b3e0a-1661-49b0-b88d-65830f85354a,USD,-0.767411,-0.767411,-0.767411
6118be3c-1c5c-4f42-a73d-80899b6fab6f,USD,-1.216328,-1.216328,-1.216328
6a6e5d69-76ab-4ef4-864c-d7476484b251,GBP,-6.840202,-3.005154,-3.005154
2dabf19f-b584-4f5e-9e26-33b5851a6685,USD,-0.083856,-0.246436,-0.246436
e2b2fc9f-f4ed-48f1-8ca7-ac0961fe8354,USD,-0.863662,-0.863662,-0.863662
bb8ffbd7-c951-427f-87e0-91b1300ea6b3,CNY,-0.121003,-0.121003,-0.121003
ecde09c8-c0a1-451b-a4e2-a5167fa3dac7,EUR,-6.032674,-6.032674,-6.032674
99f4d50d-9aee-462c-b36e-a6f9053ddc04,EUR,-0.083284,0.415557,0.415557
a4480e56-b66e-4659-a310-5dad515f82b0,GBP,-3.750197,-3.750197,-3.750197
ad921fd6-d4dc-4f5b-bc5d-70ea1e824e08,EUR,-4.764220,-4.628362,-4.628362
c7f573a2-7576-4f98-a920-b20364753881,USD,-0.221084,-0.221084,-0.221084
227a6d4b-b5ac-4ff7-996f-aa14ac8ddf03,USD,-1.028448,-1.028448,-1.028448
f37cb004-8320-43a1-9edb-abe4a4ce2eb2,USD,-0.533103,-0.686864,-0.686864
d13bf702-593c-4b36-972c-11c076c9f4d6,CNY,-0.011452,-0.011452,-0.011452
a2ccb24a-12e0-4ad2-9ebe-263212d28fe7,EUR,-0.233922,1.913586,1.913586
67a97930-b5ee-4d6e-a629-da58fa9b64fe,GBP,-5.509400,-5.509400,-5.509400
94b2b7cf-245a-40c5-aa07-25de5f13a8bf,USD,-1.390582,-1.390582,-1.390582
109db098-77a7-4b03-a9c9-69b3d3407e22,GBP,-1.993075,-1.069737,-1.069737
74a542f5-dd3f-43e2-a07c-cf0ae1fc67a4,USD,-0.083847,-0.246254,-0.246254
f0b359f3-c56f-4e30-9c05-348c9e1354c6,EUR,-0.780648,7.105891,7.105891
31a3fd3d-f968-4e54-95a9-ba4904f79335,USD,-0.361940,-0.454686,-0.454686
a8b0d219-72c5-4d2e-9812-447b6f172142,USD,-0.273409,-10.821170,-10.821170
5e34e30c-33d4-4802-b907-e8687642c9d9,EUR,-0.246788,1.077994,1.077994
155aa9aa-ec9f-4c55-a069-0c5551012b6a,CNY,-0.157900,-0.157900,-0.157900
3b3c3492-3d0f-4fcb-9cff-2f5ab21dd129,USD,-2.738653,-2.738653,-2.738653
a9553ee9-9bff-4479-a9a8-caa82a46274c,USD,-0.082934,-0.165072,-0.165072
976bfeec-0d4c-4474-b856-0fa7a1bbf3bf,USD,-0.468230,-0.624524,-0.624524
f8382a5c-d4f2-4e7a-97b2-ce95e84ebdb7,USD,5.216501,,5.216501
82d00ab5-c931-46b5-80db-7a548caa4adf,USD,-2.255254,-2.255254,-2.255254
9956fd1a-bd60-4fd2-8e45-db4bcc77bae1,USD,-1.090401,-1.090401,-1.090401
d786cd65-bde5-4c23-be3f-f1ab4efbe795,CNY,-0.094519,-0.094519,-0.094519
a05fc58a-f38c-4199-8935-d47247f9cf59,CNY,-0.081108,-0.081108,-0.081108
ac82475e-71ab-48ec-8bde-e6d86aba331d,EUR,-0.632648,-0.632648,-0.632648
76124428-b4a5-40ee-9b50-765ec28cab12,USD,-1.307489,-1.307489,-1.307489
52238e18-4cf8-4099-a21a-c97fa6938a5d,EUR,-0.505232,9.778111,9.778111
8dd79901-d256-4c4a-815a-261e1ba35d62,GBP,-4.993937,-5.944373,-5.944373
2cfc0fc8-c8c6-472b-b4f5-ddd965a65c56,USD,-0.082966,-0.165200,-0.165200
c4cb2db4-1231-4fe7-9648-6c9b99021208,EUR,-0.195572,-0.123746,-0.123746
7556573a-61c7-4544-a7c7-c3549c7cc00c,USD,-0.084810,-0.250792,-0.250792
469f1a39-d50d-48f5-8a88-4ecd546ce248,GBP,-0.269038,-1.351765,-1.351765
9eff5cb2-72bb-45a4-a3ac-2e520ae99fa6,EUR,0.000000,-0.179747,-0.179747
61b254e3-d6fd-4e13-8697-e8e878c73e46,USD,0.000000,-6.605206,-6.605206
33eddce1-a811-45a1-b3df-8344eec627ec,USD,-5.951726,-6.164032,-6.164032
190184c6-0a3e-4934-a45a-b9f026d52433,CAD,-0.093472,4.436439,4.436439
b29fd5bf-a896-418c-b100-df218655fa74,CHF,-0.915280,-47.962448,-47.962448
6e4180e0-1924-4724-b660-d419a166813e,USD,-0.174769,-0.308858,-0.308858
0265c7fc-2f21-4e11-8301-10cba396cdf0,CNY,-0.118786,-0.118786,-0.118786
fe20d024-c76b-4962-87ab-806a5a345f96,EUR,-0.073236,-0.073236,-0.073236
07f3cfd0-7f0c-4f12-a3eb-abf60d8866a3,USD,-0.082812,-8.239351,-8.239351
4f2ff722-dee9-4896-9534-d7074482d75b,EUR,-0.065565,-0.065565,-0.065565
85ab3b39-e9ea-4e19-91b0-f83e46663ff5,SGD,-0.348681,-0.348681,-0.348681
f0ef9ab2-a81d-4c11-9b92-37efa3007da1,USD,-4.796073,-4.904803,-4.904803
c95ff2af-f36b-43e1-b188-f80e1035fa7a,INR,-0.064357,-0.067067,-0.067067
189370e3-f19e-4fc5-94ab-ad343226cdb0,USD,-3.127681,-3.024212,-3.024212
5300d3a8-a191-43df-a9fc-885dbe9f8aeb,USD,-0.981157,-0.981157,-0.981157
b7edcd6b-b039-46a5-b29e-883705f5480f,SGD,-1.605471,-1.605471,-1.605471
d6e82d53-70b7-4606-b1e1-ccda32577862,GBP,-2.371169,-2.371169,-2.371169
67df0dbc-e149-41a3-a86d-ccd4017f128d,EUR,-3.291078,-2.974437,-2.974437
b4dd1379-513f-4df7-974e-46f5e0893e1f,EUR,-1.069769,-1.236481,-1.236481
925f8fa4-61ca-427e-9d20-fd75dc4cf5e9,USD,-0.690505,-0.690505,-0.690505
b447c511-3281-4832-82a5-27e077083fd3,SGD,-4.523376,-2.926006,-2.926006
74266343-b199-4ecd-a869-e2fcef239655,CNY,-0.187395,-0.187395,-0.187395
14d9f334-19c0-4462-82eb-6e5908900a73,USD,-2.180757,-2.184942,-2.184942
c3e85d9b-0a55-41b6-afb5-6b7aed5480e8,USD,-4.166692,-2.620545,-2.620545
da717c00-54e7-4da0-b794-0d824eeb512f,USD,-0.083061,-10.372146,-10.372146
50534558-4603-4e1a-9918-12eb14a40e17,EUR,-1.476312,-1.859450,-1.859450
66f56151-fe6c-4158-ae98-9440db287600,GBP,-2.971947,2.643893,2.643893
1256cbb0-635d-4944-bbb8-bc64376ac7b7,USD,-0.425396,-0.425396,-0.425396
deff391e-3b31-4400-8782-c543bc25398b,SGD,-0.802689,-0.802689,-0.802689
84515080-2e87-4122-bbc4-079adda451aa,EUR,0.000000,-0.270003,-0.270003
e38ef8d3-53c4-4f2b-8a76-1411b608f911,USD,-1.783559,-2.338150,-2.338150
3495ea1e-1cc0-48ea-a26d-1cf1d7714c30,EUR,-0.040314,8.061593,8.061593
4df5ada4-3256-48e7-8aed-6055f4e9cb19,EUR,-4.273957,-4.412655,-4.412655
c1af1c90-560a-44b3-8969-1eae9c3f2888,EUR,-0.088674,1.527174,1.527174
370be9c8-1047-4e3a-aa43-b69c8a19cb5e,SEK,-0.014879,-0.014879,-0.014879
44f4275b-4d51-48fc-afe5-c320311b3c03,USD,-3.384621,-1.142459,-1.142459
9a798021-b6af-4876-abc8-ed3aca8f4afc,USD,-0.427105,-9.750307,-9.750307
524550fd-f15c-4143-bebc-09608eb601dc,KRW,0.000093,0.000093,0.000093
eb496529-3017-4f22-9881-740e0245ea11,CNY,-0.138082,-0.138082,-0.138082
52c2aed3-d25c-4176-835c-0f6f0b522e09,EUR,-0.254871,1.445196,1.445196
e56c19a9-044b-48f1-8b82-7656f7990948,EUR,-0.899778,-0.899778,-0.899778
5d0e5532-8986-4f08-8478-7a98cb4e52e6,CNY,-0.084270,-0.084270,-0.084270
25ba8da0-19de-48e6-b4ba-afef2262be34,USD,-0.053775,6.486529,6.486529
c0892490-7a6c-447e-a4a1-fc9546ced830,EUR,-0.053858,8.551077,8.551077
20f5b0b6-34aa-4b08-97d6-d87e67e614cd,USD,-0.183100,-0.183100,-0.183100
84ff2d91-3131-4bb2-b7b8-fe18fded0425,CHF,-1.176938,0.187963,0.187963
763e582c-2f77-43bc-a1e7-d49483300ded,USD,-1.996710,-17.417717,-17.417717
657b5a82-22b8-4642-b0d2-c9ed36aaa656,EUR,-2.509276,-2.647113,-2.647113
64648ee2-41f7-4db2-8445-0bfe6c10d500,NOK,-0.020170,-0.020170,-0.020170
8569f093-4ea7-4314-a389-63e142a1339e,SGD,-1.867854,-1.867854,-1.867854
723fbff6-e6e1-4426-9027-1aa04262bd24,EUR,-0.890337,2.552667,2.552667
c11adbef-07ee-492a-88a3-e851e5651c35,USD,-0.474436,-0.474436,-0.474436
6a1dcf3c-3404-4ea8-98fd-2ba7b7da2ce8,EUR,-0.058616,-0.058616,-0.058616
a9b9104f-d4a9-4a6c-90af-65e24fbe993a,EUR,-0.088685,-0.088685,-0.088685
ec5eb348-c798-4934-943f-a73e83b21887,EUR,-0.112616,-0.112616,-0.112616
18c00dad-ff81-46be-8c88-c38ff89d408e,INR,-0.004522,-0.004522,-0.004522
5073f18d-926c-4195-8f73-0e87cec67c59,EUR,-4.962622,-5.323860,-5.323860
7e02cb97-f43d-4531-855d-59b4b69f0a17,SGD,-1.238569,-1.238569,-1.238569
0d4742cf-bcc7-41d3-8a4b-92df94d800a2,EUR,-8.947024,-8.849332,-8.849332
3a6d06f1-f029-48bf-9e1d-f9f509ad7e99,EUR,-0.192508,-0.192508,-0.192508
de5de72b-6d10-460c-90d6-edcbc11f2f9c,EUR,-7.496631,-7.745349,-7.745349
1ea1c631-3605-4c6f-938f-a0c813461964,EUR,-0.147437,-0.147437,-0.147437
081751eb-8bae-4232-90f6-9ec6ce90b923,EUR,-0.627662,1.294598,1.294598
aad7f975-424d-4997-b017-411216570f98,EUR,-2.843890,-1.446983,-1.446983
4baa8ac5-a1d8-4898-a8f9-ba4e8b3f389c,EUR,-3.359678,-2.528390,-2.528390
43dcc1db-19c9-43f4-b855-ea780ac2c9a1,EUR,-5.027068,-5.149437,-5.149437
e52c1c62-bee2-41f9-9cec-f0116fe12a89,USD,-0.181814,0.196219,0.196219
e0cef249-9396-4f84-9d37-06c21d5725ce,USD,-0.083261,-0.246839,-0.246839
3cbb73a1-ba37-46a6-9a57-3b8258eba533,USD,-0.251027,1.324755,1.324755
67852078-afe8-4038-939b-fad8066fa723,AUD,-0.177063,-0.177063,-0.177063
75a10715-41d1-4a24-8240-56e319033efb,USD,-4.404111,-4.649911,-4.649911
debf63c1-8a73-45fc-b7d8-387fc0aa1a78,EUR,-6.021720,-6.202796,-6.202796
ef00b73f-d761-42be-be57-fda6cb3b3491,EUR,-0.058877,-7.342996,-7.342996
ed306479-8bc2-43fc-aaa8-443d1824f3c4,INR,-0.061923,-0.064995,-0.064995
bdca6584-2e60-427f-acac-7e67ef2b86c5,EUR,-1.580986,-1.580986,-1.580986
7692b4a9-b8c1-4060-bf84-40e001870cbd,CHF,-3.100236,-3.148617,-3.148617
83ad93c8-c305-4700-ba04-785b394a24a7,CHF,-1.093454,-1.093454,-1.093454
7103c7e9-f035-473c-85fd-e76ae7719dfe,CNY,-0.038311,-0.038311,-0.038311
8e68c572-4c7b-4605-86b3-fe3fef2c0edf,USD,-1.770761,-2.084281,-2.084281
2f418c4b-91bc-437d-b90d-db5f7ee46a1f,USD,-1.380002,-1.419696,-1.419696
12431f45-fe27-4652-a552-2b47a36f8845,EUR,-4.942008,-5.068065,-5.068065
d2b6dce8-1f60-469e-89ff-31bc5b8d178f,USD,-4.171148,-1.734465,-1.734465
2174acb0-bc54-43f0-932b-3ff34ebee6b4,EUR,-4.654725,-5.037665,-5.037665
9f19d957-db55-494d-b329-75c958cf77bb,EUR,-3.201322,-3.410372,-3.410372
faeca3eb-3b2e-468d-9abd-8422b069a897,SGD,-2.764744,-2.764744,-2.764744
50ee3fb7-9361-4bde-abfa-bf84302fb72a,EUR,-2.307736,-2.451316,-2.451316
5e1a2d4b-60b6-4267-bfd5-44fc9f3fce94,USD,-0.814909,0.866804,0.866804
bc50bde9-179a-4ebc-9a10-7dc1412ab1b5,GBP,-2.808512,-2.808512,-2.808512
7c36020b-56f6-47f1-92b0-3a0d6cf78fdd,USD,-0.314773,-0.314773,-0.314773
9ada5d2d-e831-4192-b767-95fe4c024c07,EUR,-0.621043,-0.875543,-0.875543
ddaf246b-af45-4914-8973-e8428d35e113,USD,-0.173218,1.435537,1.435537
7c961869-8aac-4376-b1a6-1a1cc402890b,USD,-0.223742,-0.223742,-0.223742
72182848-5f8c-4c52-ac1f-94805a5e2e9f,GBP,-0.878647,-1.455473,-1.455473
ca6098aa-44b4-4413-b37c-16b370940301,USD,-0.596793,-0.596793,-0.596793
b1e33963-4007-4f96-9308-8eadaff5b42b,USD,-9.349592,-9.445671,-9.445671
1ff9f296-70ea-4640-b401-686ff1d1e33d,USD,-2.037498,-2.037498,-2.037498
ce76c996-d148-4c6b-87c6-b29fd5ab2791,EUR,-1.705156,0.122806,0.122806
63c772cb-6fd2-45a3-85c8-cd8b67bbcade,EUR,-0.012487,9.120487,9.120487
6446e8c3-174d-43bd-8a72-5828ffd9b323,EUR,-0.190562,5.130573,5.130573
2afd0d1e-ca99-4bd7-8ffc-7f04e9a3b6c7,EUR,-1.275350,-0.632198,-0.632198
1d66e78d-12d8-41d6-a7d9-2509df609cdb,GBP,-3.427257,-3.586408,-3.586408
78104bb3-1029-4617-bc24-f0ad7b1d6e5f,USD,-0.401904,-0.558493,-0.558493
bb3845aa-3bd2-478a-8465-fa60359c804c,MYR,-0.490909,-1.672756,-1.672756
2a447643-c10e-426a-a954-2c785416dc3c,USD,-0.482756,-0.967670,-0.967670
b7769cfd-4085-4cd8-aac6-eba10368b1bd,USD,-0.196322,3.149397,3.149397
11e52c70-4435-41cb-867b-3b600e1867ea,EUR,-1.564456,-1.725947,-1.725947
43bdcfdf-1ec2-432f-acad-bb930bae7bab,USD,-2.483783,-0.030762,-0.030762
d37ab3a9-34a7-4953-a200-341253b41e85,USD,-2.499018,-2.800727,-2.800727
ed09001f-0451-4516-a0a2-d9c833ea6c35,USD,-0.430299,-0.430299,-0.430299
e4f322cb-ac2a-4106-801e-d0cbcce824c6,USD,-1.623093,-1.975044,-1.975044
cde53ec0-9d7a-4cc4-a8a7-458229a97ed2,USD,-0.308018,-0.308018,-0.308018
40b70c1c-ec83-414f-9bbb-75d0129b10f5,NOK,-0.009243,-0.009243,-0.009243
343b6090-8b49-44ed-9d0d-80f883b04f32,USD,-0.951955,1.037357,1.037357
b2b0073c-c4d7-4dbd-a3d1-43a0d1b9c899,USD,-2.045083,-0.274265,-0.274265
daa0bff1-9d5c-4db7-83e9-77615f90ef22,USD,-1.795923,-2.080193,-2.080193
cfacdbd3-25cb-4f7b-8142-089d0cf9b6ac,EUR,-4.309963,-4.459506,-4.459506
cf78a953-d16d-4e5d-b4ac-5ab8d494b4fd,USD,-1.404881,-1.404881,-1.404881
49914036-0c3f-4995-8415-cd983bfa0196,USD,-2.516921,-0.114289,-0.114289
c3c7fb44-ef3a-4021-b2a9-f36748f1755f,SEK,-0.009925,0.022461,0.022461
83cd9632-38c6-4225-a9fe-e1a1a2404fba,USD,-2.488356,-0.920792,-0.920792
fc81adc8-1057-400e-8287-b0407b19a742,SGD,-4.582031,-4.582031,-4.582031
7aaa2683-1257-485d-b7f8-f4ad14bdd40e,USD,-5.568387,-5.568387,-5.568387
138d20a7-5f8d-4c28-b593-435ab20919c2,USD,-2.196822,-2.546488,-2.546488
c98815d6-b239-4bd6-add3-d098f6af4344,USD,-3.282979,-3.282979,-3.282979
5f7a830c-8edd-4d91-a130-b13951cdd89f,USD,-2.207976,-2.259267,-2.259267
0d7d4ae7-d308-4988-b34d-729928be3a24,USD,-2.106385,-2.106385,-2.106385
470c99aa-81cc-4e85-b8ad-8c24b2a9d101,USD,-1.429430,-1.429430,-1.429430
8f6bada2-1f0b-48d8-9360-ea5217ca7488,USD,-1.049469,-1.049469,-1.049469
b43bdd7a-4794-4b08-afdf-93186740ca1f,NOK,-0.019392,-0.019392,-0.019392
89a32c18-a07f-4262-aefa-a4f086878c6e,USD,-1.626743,-1.764803,-1.764803
bfbedfd1-b4f8-4d63-9c1c-c7956edcd682,USD,-0.084600,1.707209,1.707209
0eee1250-0a6d-41eb-aabf-5f7f3798eafa,USD,-4.306697,-4.306697,-4.306697
f3e5fc52-65de-4637-baee-9cea0095f1ca,USD,-1.818926,1.026750,1.026750
2df4016c-b57c-49ee-88fe-8781058cd64a,USD,-3.828254,-3.673820,-3.673820
943b8e20-4563-4c95-9f8e-0801a94b8cfd,USD,-0.083108,4.837500,4.837500
8d099a8b-b798-40eb-9f95-123f2fc09069,USD,-4.171148,-1.734465,-1.734465
c26cbff3-29e1-4048-8917-a3b1feefd64c,SGD,-0.384476,1.489029,1.489029
d000100a-2002-487c-9403-555ad9baa4a6,USD,-0.817969,0.214725,0.214725
9fef5913-923d-4ed4-bf2e-b796676c9f29,USD,-0.191499,-0.191499,-0.191499
ed61692a-499b-4ac7-aef5-dcaa908c2d9a,USD,-0.082945,-0.082945,-0.082945
d1cc73c7-7116-40c2-9a78-72fea89d90b4,SGD,-0.051498,-0.051498,-0.051498
e4a89f33-4b41-43d9-80f8-e6d5d5445469,USD,-1.167979,-1.167979,-1.167979
5da8421e-382b-4188-be01-50f6d17d4ef7,NOK,-0.016773,-0.016773,-0.016773
335082c9-76e4-4677-b3ac-96e5655298d4,NOK,-0.018369,-0.018369,-0.018369
590f38c9-b6fd-4930-a936-9b74f5e084b6,USD,-1.751886,-2.059773,-2.059773
3c12efef-13f6-48ee-a266-07fb1eb33938,NOK,-0.019613,-0.019613,-0.019613
2c5ea5a6-47c5-4c01-997c-00fd284b89db,USD,-1.872788,-1.872788,-1.872788
8143fe42-435e-4d8d-b667-96d6e868c7f1,EUR,-1.707293,-1.707293,-1.707293
eb3a0c69-808d-49c2-8e91-979b5fad7033,USD,-5.958396,-5.958396,-5.958396
762af6e6-4604-40f2-9976-1f8cdcccaf7d,SEK,-0.023515,-0.025075,-0.025075
38b8fe0b-b07a-4f28-a908-94ea7651eafa,USD,-5.234222,-1.770561,-1.770561
eb557077-7655-47e4-a669-7aa71634e6aa,EUR,-1.273112,-1.273112,-1.273112
1a62f1a7-7629-4611-b0c0-d1d019efb71b,USD,-0.419125,-0.419125,-0.419125
c113b5d6-c27f-4df2-8c4a-1d3c681b9044,USD,-2.304114,-2.472802,-2.472802
904116ae-68dd-490d-964e-2425c751fa7e,USD,-2.767136,-3.011054,-3.011054
017f4cf6-f9e9-4f97-8867-27566210f601,USD,-1.577515,-0.832128,-0.832128
66259b14-6b32-4e40-a858-405a1aa73b74,SGD,-2.266632,-2.266632,-2.266632
8471e2a7-e301-4a80-95d6-693910acca7e,EUR,-0.088661,-0.179620,-0.179620
7395f03d-b63f-4c47-b4ae-111ece7b18a7,USD,-2.998887,-2.998887,-2.998887
fc62f05b-675a-48d3-8646-55f3aef78568,USD,-1.394974,-1.394974,-1.394974
3a2378b8-a060-4337-9120-55a6fd404c48,USD,-0.796361,-0.796361,-0.796361
a627e72e-c79e-432a-b6f1-2fb15f667791,EUR,-0.261935,-0.261935,-0.261935
984a6427-c60b-48bf-a8a7-d25542bb1bdd,USD,-1.252371,-1.252371,-1.252371
30429815-7556-4e0b-a6a6-604f59258aac,USD,-3.918225,-4.086111,-4.086111
7587ea84-5a1b-4725-b056-eb30a8ae2a68,USD,-2.539213,-2.539213,-2.539213
039a6d5b-293f-45e4-b9ab-589ad0deeb1e,EUR,-8.249911,-53.342777,-53.342777
f0a76830-e167-4c8d-bf6e-56ac9c3ff0da,SGD,-0.347235,-0.347235,-0.347235
f11f1143-502d-4341-96a2-5b94e32151f2,USD,-0.197535,-0.197535,-0.197535
13fb9ad1-0c1f-4e57-9016-3e4cda37626e,USD,-0.197535,-0.197535,-0.197535
29eeceb1-67ef-4e66-a254-251146cbdf87,USD,-0.082901,-0.164941,-0.164941
cf701efc-b513-4343-801a-6219156f7607,CAD,-0.060258,-4.494236,-4.494236
2b675322-8df5-4b8c-adc1-4d2e17116e35,CAD,-0.060290,-10.682446,-10.682446
c8f9045c-ba64-4f14-a36a-f0c772fb6743,USD,-0.082925,-0.165036,-0.165036
074da82f-8d37-4ed8-bc36-e735251b268e,GBP,-1.202616,-17.732461,-17.732461
39dff293-699a-4035-aac8-826daab45883,USD,-0.082948,-13.447635,-13.447635
33b79166-272a-4c7a-b33c-91e15aa38091,EUR,-0.479579,-0.479579,-0.479579
bc70b104-327a-4d74-a5c6-9f8c11f62f66,EUR,-0.159291,-0.159291,-0.159291
196d3bf6-2cff-4b9b-ab46-e6ad27bf1e8b,GBP,3.473547,,3.473547
973a39d1-7487-46cf-a7b1-3c66957b592b,USD,-0.082955,-18.198401,-18.198401
34e7a348-37eb-4e05-87e7-698c4cf7211b,SGD,-0.198236,-2.247928,-2.247928
08b24d1f-53e8-4397-b033-ce6693ea926e,USD,-3.590452,-3.698264,-3.698264
4ff7c783-a5f1-4b90-90ee-55544747c279,GBP,-1.413884,-1.413884,-1.413884
c012a259-fc3b-4877-b5b5-3b07a45926c9,USD,-1.380002,-1.380002,-1.380002
0d5d4103-8345-4b7b-9021-64d980a2d3dd,CNY,-0.043214,-0.043214,-0.043214
27617342-d3cf-4bf5-ba52-56916e4e5a98,USD,-0.082906,-11.582051,-11.582051
c42d2e18-e746-4944-9ddb-bcf5820be286,USD,-1.059048,-1.087751,-1.087751
8f2f053b-ab72-4e6f-a920-433b457b7354,EUR,-2.136593,-5.994080,-5.994080
30f7e2fc-65df-4af9-895d-a455ec3d086c,USD,-3.650886,-2.496799,-2.496799
227e0b3d-06cb-4569-b3be-bfa2d860a5b2,USD,-0.082931,-59.845939,-59.845939
d7b42b04-c28b-4851-9dde-00130c97b9a6,EUR,-0.146176,-0.146176,-0.146176
358695c7-bce3-43e0-820a-409f270f8778,USD,-0.010508,-0.010508,-0.010508
c48145d9-7b83-426a-8049-3ef90ea8684a,USD,-0.389576,1.591943,1.591943
810bdc25-7a1c-48b0-84d3-0f6db4f824b1,USD,-0.442451,-0.442451,-0.442451
b0b5ec01-a209-43f6-8620-3bc22b5cceb0,USD,-0.174788,-0.377912,-0.377912
ef127053-7215-44c7-860a-91585e89629c,USD,-0.082852,-9.294971,-9.294971
6b997b36-b88c-4805-9673-c9da45cd66d4,EUR,-4.859134,-4.780254,-4.780254
e1f1ea01-c30b-48a3-8a08-6eb383d28f13,SGD,-0.403374,-0.403374,-0.403374
6e316461-2a33-4dc5-9b78-6d366fd9210c,RUB,-0.011019,-0.011019,-0.011019
07e1fdb3-0836-4476-b3bb-2aa29919878f,EUR,-0.055233,9.924235,9.924235
c489591b-4cf8-4aa6-8650-6237f1494118,EUR,-1.341972,-1.590891,-1.590891
f89797e3-d339-4d14-afb7-64d9d63fb32f,SGD,-2.233081,-2.233081,-2.233081
4a582182-8a0f-4e77-9419-3f90ca27b687,USD,-2.554515,-0.954863,-0.954863
9e7c5ef6-4b42-41e2-99bb-db1d6b0eb1e1,USD,-1.376647,-1.376647,-1.376647
becaa4c4-adfe-48a1-9d2b-2fe83d0246a4,SGD,-1.723434,-1.723434,-1.723434
6a179cd2-751c-495f-afa6-b94bc575f3ed,USD,-2.941067,-3.213613,-3.213613
86b55c59-3549-4825-aba0-035f0b3d5a68,CHF,-2.216337,-0.531180,-0.531180
fba47f75-b459-41f4-ba3b-de95255b816c,USD,-0.143545,-0.124390,-0.124390
366b255f-b15b-4133-b5f7-9a6a90a5e74e,EUR,-1.844639,-1.976165,-1.976165
f27f1893-0a78-4326-b019-cdc46727d334,USD,-7.925812,-7.803681,-7.803681
0e598f27-a196-4527-aad1-056e5945bd0a,EUR,-0.108097,8.819144,8.819144
03126972-eaf7-4163-bdc8-dd7860c8dbee,USD,-1.840616,-1.840616,-1.840616
bb23bb2b-7eac-47b2-bedf-1555e62214d1,USD,-0.148120,-1.892955,-1.892955
4cb09303-9b26-49d5-877d-1a3a5c9cbe03,USD,-1.374649,-1.374649,-1.374649
f2c5ac45-88bc-41e9-bb4a-eaaab34cb763,EUR,-5.903877,-5.903877,-5.903877
b10a738a-1c80-4f5f-8374-abc4aa0e4d70,EUR,-0.112787,8.951537,8.951537
577f5ce3-ae4d-425a-b423-1dee9a44d1f6,USD,-2.066201,-2.066201,-2.066201
c5fa335f-cb40-448a-88b5-158e107bcb83,CNY,-0.059268,-0.059268,-0.059268
576ac1cf-8098-4b6f-a634-f7ea93ff1e5d,USD,-4.224781,-4.511586,-4.511586
6856e616-4248-448a-9832-7df88f780e34,CNY,-0.141558,-0.141558,-0.141558
7e29f6ab-864b-4574-aa10-b64fa1f820ca,EUR,-1.849320,-1.849320,-1.849320
5b217d8c-be76-46cd-be5a-59bdd4bec1ab,EUR,-0.267761,-0.267761,-0.267761
380ad54b-8eb7-4c05-94fb-6e9da9e7d151,CNY,-0.151273,-0.151273,-0.151273
030bbe32-a87d-46ca-81bf-a7dbe7143565,USD,-0.184070,-0.184070,-0.184070
17a19d03-2336-42b9-be2d-380bbe5c7557,USD,-0.082842,-9.828693,-9.828693
54debe01-e895-4413-95e6-3ef4c1f52dd0,USD,-4.994975,-5.129384,-5.129384
22834f93-5433-4f1b-bef1-33b2546cb3dd,CNY,-0.089940,-0.089940,-0.089940
6dd01764-47d3-4648-88bc-c813042894a6,EUR,-2.077014,-2.482760,-2.482760
744a1a7a-629e-4e9c-a4d1-240c2c865284,USD,-0.082919,-4.019565,-4.019565
e6859b6d-339d-41f2-b44d-7cdb498bdd45,GBP,-2.720043,-2.720043,-2.720043
2769fa65-a1ad-4038-928b-38c2e261c493,USD,-0.476488,0.983687,0.983687
7303aed9-046f-4e27-bbc5-c0a8b66556f9,EUR,-1.366007,-1.366007,-1.366007
c87cdc50-db13-4619-adbf-eb145339ed29,SGD,-2.204755,-2.204755,-2.204755
8163973e-7232-4de7-aedf-3910c78a27fb,USD,-2.920046,-2.920046,-2.920046
57aa21c8-bfc2-4200-a346-f15dab827794,EUR,-0.974539,-0.974539,-0.974539
7c16832d-2ae7-4e9b-910f-5c7d0584b742,EUR,-0.973735,-0.356120,-0.356120
5dd73075-b907-4133-9472-012da99d99aa,EUR,-0.534560,-0.534560,-0.534560
d1db1cee-a751-4904-b990-0ac526ff5edd,USD,-2.013326,-0.885232,-0.885232
102d3340-cf8c-4dca-9d48-57dbb8f6d8bd,EUR,-1.833595,-2.284912,-2.284912
2601613e-5e4e-4ba8-8914-14a986087f65,EUR,-2.063644,-0.175885,-0.175885
d32ad4b5-d77d-41e7-ac51-f9455f74ecdd,EUR,-3.875994,-3.516063,-3.516063
32f72d7e-47de-4c14-9fac-05d66dfda7fe,USD,-3.051908,-2.688851,-2.688851
d2a84a14-6641-46e8-8ef8-ccd9ba9fb61d,EUR,-3.633349,-3.640405,-3.640405
91d89b4f-b7a4-4a9b-a411-478d668544ed,NOK,-0.010744,-0.010744,-0.010744
50843809-9d1c-4362-86fd-6fab62a64ba9,EUR,-0.143600,7.685294,7.685294
2cd50786-8e79-41e4-b465-1acc65a0fb6f,INR,-0.019494,-0.129326,-0.129326
76cf8519-9e42-43ce-a3f6-4d5e2852201a,USD,-0.181698,-2.954779,-2.954779
690986df-4855-424e-86ee-da10d384f420,USD,-2.995302,-3.119788,-3.119788
7ab11ee2-89de-4c0e-8098-ed1290aca80c,CNY,-0.146878,-0.146878,-0.146878
674528d9-5a9f-4418-929d-b2e73fcfb2d9,EUR,-0.175992,9.678549,9.678549
f3b42280-12e4-4bb7-9dc1-776786cf0409,EUR,-0.166588,2.781315,2.781315
a5c0de95-18f5-460a-afb8-e4b83c9bbff0,USD,-8.400576,-8.461997,-8.461997
8182d05c-8055-4b44-99ba-21db60ce001e,EUR,-0.921210,-1.165925,-1.165925
3133ebc6-ebfe-4f98-bfdb-7fad8757524f,USD,-2.200391,-0.907678,-0.907678
bf81544f-2345-4497-923b-fc2824272628,USD,-5.330077,-0.594022,-0.594022
764a4178-266a-4c08-bf42-bdb02d48fb37,SGD,-1.612789,1.335169,1.335169
c52383ec-c6d2-4b42-a9e7-ad16434f4ff6,SGD,-2.787256,0.645223,0.645223
f0f3b1ac-29ff-400c-a087-593b90e1f650,EUR,-1.731432,-1.731432,-1.731432
9c51c5f0-44f6-46fb-a490-e042644fa625,OMR,-0.012723,-0.012557,-0.012557
da0ca1d0-a0a5-429d-9fe0-ccaafa65338d,USD,-5.958396,-5.958396,-5.958396
570f123a-c423-40e0-88d1-b05433cd15fa,USD,-2.283906,-2.283906,-2.283906
16c22f67-9277-4a17-8d2e-585d6f52c796,EUR,-1.131579,-0.797850,-0.797850
0372c9a6-1d5b-4fec-bbd3-92e3a261abff,USD,-7.599986,,-7.599986
7ae7bc4a-142b-4623-b7aa-6bdcb07b6d33,EUR,-5.758786,-3.365150,-3.365150
9b3a77fb-89e2-4366-8535-59e93f82064c,EUR,-5.642286,-5.830435,-5.830435
739e6ac4-2a74-4a20-83d4-be6d33c3cd1e,CNY,-0.123334,-0.123334,-0.123334
bfda6919-8cbc-472f-b0a6-5c9ffaac141b,EUR,-1.749889,-1.749889,-1.749889
ead7b1d0-00e3-4d5f-8574-d04707fa6eb7,USD,-2.275686,-2.275686,-2.275686
4357dd7e-0fa3-41e7-9af7-ad2a379750a1,USD,-5.311086,-5.443720,-5.443720
df903a7e-f793-411c-b8df-b65a2f93be33,USD,-2.773187,-2.773187,-2.773187
e5e97581-55b6-45b0-b735-737364533a48,USD,-0.552791,-1.180905,-1.180905
796c82ed-bfa6-4287-b99c-e171cdb6caf6,USD,-0.169428,-0.169428,-0.169428
a141bf86-1533-433a-b124-cc72228b2da1,SGD,-0.249982,-3.959993,-3.959993
11ab8ad2-e175-4910-a2d6-20d3d145c96b,USD,-0.777086,5.613968,5.613968
bd44bd82-2f32-40b0-a172-91be95cd2cf1,EUR,-0.044933,10.336284,10.336284
1ee732d0-33cc-44dc-bcd5-ab34405462b9,EUR,-4.045891,-4.045891,-4.045891
2bba78af-4793-49f0-804b-c972728d9936,EUR,-0.162504,-0.162504,-0.162504
b73b2083-87df-4a64-bc5e-6ee141874fc0,USD,-3.880039,-3.880039,-3.880039
d4abc072-f297-4760-ba25-bdc12c09bfe0,USD,-4.481020,-4.481020,-4.481020
c2283d16-b6de-4456-9685-9f42a148d2ee,USD,-1.989519,-1.989519,-1.989519
9db63222-6c39-4fe9-9098-0e4e89e4809d,USD,-0.082948,-14.468793,-14.468793
c873ae81-3606-40dd-8537-ce722915aab6,EUR,-0.894726,4.339124,4.339124
fea94e49-c663-4e75-85fc-d971dfffb5a0,EUR,-0.052577,7.270630,7.270630
b069e747-dfe2-4e5a-84a1-e0cf2df9507b,EUR,-0.888692,0.489315,0.489315
a003083b-8d7e-484a-8daa-57fd05881833,GBP,-6.413050,-5.260305,-5.260305
1cc033cd-076f-4b34-b477-0a9faf89d932,EUR,-3.198906,-3.279794,-3.279794
4d5b60d4-8433-4f1b-a6b3-46a359aad94c,EUR,-4.120352,-2.655545,-2.655545
13979e77-862f-4f37-8261-6bb4a039c549,USD,-0.182799,-0.182799,-0.182799
9d69093f-481f-4e2f-b597-b6a08b7ef847,USD,-2.871184,-2.994962,-2.994962
1bd39328-90ad-47b0-9fee-63b8e647a7a1,EUR,-0.669034,-0.669034,-0.669034
49a99267-1662-4b14-8dad-05b58d7df8dd,CNY,-0.027443,-0.027443,-0.027443
4bb9dd68-df96-4e6c-bbcc-0d484b3190da,CNY,-0.089892,-0.089892,-0.089892
20438e73-c3dd-467b-92e5-79d2c510206a,CHF,-0.628185,-0.628185,-0.628185
b4174aa2-ebdc-47d8-a9ce-38ceaa0ebc42,USD,-0.024688,1.695441,1.695441
94035b96-a1be-4b5e-84b6-9427f2d07942,USD,-7.547780,-6.564555,-6.564555
f76006ee-c564-4877-a061-2efff5ad8398,EUR,-0.049064,-0.049064,-0.049064
6992844e-7e10-4b44-811a-de33d663b7cf,USD,-1.862122,-2.395008,-2.395008
ac3f17b0-383b-4ab4-bc91-e9a22cfcdb90,USD,-0.441275,-0.635578,-0.635578
734f08c8-bf2d-40f1-8f43-c770d3f30100,USD,-2.555228,-2.739747,-2.739747
48b58ede-d25e-4c82-b11e-7f86b6976b15,EUR,-0.037424,-0.037424,-0.037424
ab095a10-9a0a-4b04-97d6-a853f8059623,EUR,-2.577648,-0.624941,-0.624941
4022bff1-08e8-4330-a0b8-0351ffcfe13a,GBP,-0.672568,-0.672568,-0.672568
787e13e0-f573-4cf6-8b72-ab656949cd0f,USD,-0.470652,6.655728,6.655728
6931a6ce-9c40-47b3-bcbc-93618d868453,EUR,-0.848529,-1.876631,-1.876631
7430a331-0b84-46b2-bc54-d3eafa93c1c9,EUR,-2.637485,-2.637485,-2.637485
88303df1-8232-4363-9cce-a14a964622f7,USD,-2.613976,-2.613976,-2.613976
8928e92e-1828-440a-bd85-e43d5ef3f9b2,EUR,-4.132266,-4.272578,-4.272578
da334f90-dbd8-4b43-be19-664493557c88,EUR,-4.652016,-0.730351,-0.730351
a93b99fd-947a-4baa-97d8-6457c871834f,EUR,-7.450264,-7.555964,-7.555964
d6efe949-c71b-4e88-980e-0d59227aa548,USD,-5.561093,-5.561093,-5.561093
37395529-dd21-4608-9545-c5870d7a515c,USD,-0.947307,-0.947307,-0.947307
b041b91b-708b-441a-adf3-7ab724d1cc68,USD,-3.444992,-3.941231,-3.941231
fa5c6fe8-97f6-4bc9-ab6d-c2aaff4edc7a,EUR,-4.728639,-4.963403,-4.963403
d5410fa8-37de-45dc-959e-584902f4ad95,USD,-0.543695,-0.543695,-0.543695
2f4febb2-e80a-416c-9e78-a5aa1ecdfb16,EUR,-8.999004,-106.905081,-106.905081
66133d8d-bbd5-4c05-bcbc-fbe9eba06f5a,GBP,-2.872887,-2.562553,-2.562553
62860800-2668-4d31-94de-950c5ec29f32,GBP,-2.098540,-2.359707,-2.359707
38fa1cda-16cd-4110-885b-c15d7c191a3e,EUR,-2.843341,-2.843341,-2.843341
856dfb7d-fcae-452f-bdba-204658305365,EUR,-4.256000,-2.779085,-2.779085
39f45d92-ccdb-4080-819d-472137d395c8,GBP,-5.457684,-5.457684,-5.457684
041d22a2-c584-4084-8c84-8e2904635198,USD,-0.306300,0.889506,0.889506
2f4bf475-d5fb-442a-8d5d-83da7f319d43,USD,-2.715848,-2.715848,-2.715848
a198fada-1cad-40ac-996c-a6f114ff9913,CAD,-1.743890,-0.629100,-0.629100
24e62dd1-179c-4f81-b752-b770c63736b6,EUR,-1.934837,-2.299533,-2.299533
6578a901-72b9-4743-a3f5-9ca7a80f8b1a,EUR,-2.021215,-2.021215,-2.021215
efabe866-a593-4e44-9739-64aa486e8d6a,EUR,-2.200941,-2.357445,-2.357445
ede59779-2227-4cd1-b16e-34d22936ff4f,EUR,-3.198481,-3.253054,-3.253054
5295e78a-0735-45da-9940-5f478efb52f9,CNY,-0.131726,-0.131726,-0.131726
6bf3412f-6fbe-4013-9a6e-18023d18ffa3,INR,-0.062566,-0.065288,-0.065288
ffeb32f9-a4a0-4b17-a690-2ffc59aa4a99,USD,-5.346572,-5.428023,-5.428023
895101d4-e501-4f16-9e52-69f478fa067c,USD,-1.036570,-1.036570,-1.036570
774d83f5-3b00-4418-9b07-1dbd531f4b51,USD,-2.267887,-27.267175,-27.267175
708daa0d-e142-4084-aa91-8a5c8a9a333d,CNY,-0.029884,-0.029884,-0.029884
764709e8-4fe2-48d6-b83a-1dfd290eebd5,SGD,-0.734263,-0.734263,-0.734263
d1edab6c-c279-4cf6-a512-3269f89db533,SGD,-1.655961,-1.655961,-1.655961
50c1c70e-b52e-47f7-b531-250143b91b64,USD,-3.403195,-3.403195,-3.403195
353816f8-70b9-4b9c-86ba-fe83e8317b5d,EUR,-2.400665,-2.043400,-2.043400
d08c71f3-9091-43cc-b1e5-ab54a121bbf3,USD,-0.082680,-5.220994,-5.220994
066c3b77-d617-49b4-b883-cb2d08bb9f31,EUR,-4.541923,-4.681730,-4.681730
7ba85109-305d-466d-ae33-2c9b88dced8c,USD,-1.928614,1.687104,1.687104
31010271-ab4f-4f8a-b748-18a9d6573dd2,USD,-3.413321,-3.531047,-3.531047
9c4c7efb-d96e-4ad5-8cf7-8a394e475e10,USD,-2.132387,-2.132387,-2.132387
96f42388-515a-4967-aaaf-15a824afdaae,USD,-0.004612,0.585450,0.585450
f8ed1df1-a79e-49f3-a3a4-0e306db273e8,EUR,-0.197240,-0.460743,-0.460743
c8f1859c-1e17-4053-b012-0211fb90995d,USD,-2.099424,-2.410926,-2.410926
76136063-2925-4285-9fa0-c9a6bbe439a4,USD,-0.066273,-0.274235,-0.274235
7503ac00-f525-49d5-ad52-e2203f9e4b5e,EUR,-0.466280,-0.466280,-0.466280
c3bff0d4-cb6b-4ac4-8719-21bdc9befd99,USD,-4.807667,-5.110036,-5.110036
bc6adada-19eb-4aa4-a82f-69e3e1e23548,EUR,-0.754548,-0.359205,-0.359205
18b735eb-3a95-4750-bfbc-428750cc36e0,EUR,-1.552868,-1.552868,-1.552868
d8a78c0e-7e39-49cc-887f-3e03a8cc3690,NOK,-0.016547,-0.016547,-0.016547
fa6e779c-c511-42af-b846-2949b2be2e98,USD,-2.016607,-2.016607,-2.016607
5dcb755b-f093-4ace-965e-7f22f5cabf51,GBP,-0.218333,-0.086534,-0.086534
4ee387b4-48b6-4e81-a596-bc2d8245ad2f,EUR,-2.157577,-2.527633,-2.527633
7c48bf4e-0ad3-4b9b-afb4-99cb611dd71c,EUR,-3.599261,-3.991974,-3.991974
80c580d2-2e30-4dfe-bf4d-6c00baac35cf,EUR,-0.919814,-0.928271,-0.928271
33560314-94d2-4194-9e52-887f9cb2d080,GBP,-0.207365,-0.207365,-0.207365
7bdb8031-b55e-454e-b080-d5e5edc352a4,CHF,-1.766725,-31.964282,-31.964282
762aabf9-5174-41f2-a757-c7ed3a51678a,EUR,-0.252597,10.714885,10.714885
97ad9b67-2f83-4c26-88c7-0032b2b85bcd,USD,-2.022425,-2.151116,-2.151116
f3bd3665-2fe6-4add-86ab-6f401f752456,EUR,-1.812633,-1.812633,-1.812633
7cc7f282-62d8-4687-b4d6-f4b7b860783a,USD,-8.631613,-8.668136,-8.668136
87e26e47-4655-40d1-aac2-d5cc751096ce,EUR,-1.207927,-1.392002,-1.392002
35669431-fd53-41f7-9242-1325e577f9fc,USD,-2.656862,-2.656862,-2.656862
400b08b9-7fd8-406d-b87a-57cd8e332ee8,USD,-0.082830,-2.005223,-2.005223
fdf2fabd-ca31-40ff-8ec4-2f4c995030bd,USD,-2.534439,-2.646063,-2.646063
fd9f3ac3-1c00-4733-b4fc-29590952d755,USD,-0.369222,-0.445681,-0.445681
b71b47a5-2efa-40e4-93f4-cb86376ee542,NOK,-0.013724,-0.013724,-0.013724
5df876a1-8bcc-4755-b0f5-da9448d66230,SGD,-0.318164,-0.318164,-0.318164
59cdf25b-f142-476d-9b2d-36d414d96233,CNY,-0.213898,-0.213898,-0.213898
59df385b-765e-406d-8a32-42d746f35446,EUR,-0.859005,-10.498126,-10.498126
13704ac7-0bf0-463e-b3a6-b9668ec0615f,GBP,-4.853998,-4.947967,-4.947967
e883713a-e3f0-4f11-ba5f-0d4112399580,USD,-0.082949,-0.082949,-0.082949
c3f8c1f7-1ed6-4ede-bb89-72a008ff2fd5,EUR,-4.986652,-3.528139,-3.528139
71e16a3c-e37b-4897-a944-b340f18ed4f0,EUR,-4.145083,-2.770649,-2.770649
7460be2b-f17e-4a44-a42a-7a6bab5fba02,USD,0.000000,-10.824690,-10.824690
9be6c210-2e30-4e82-b925-f53c09d2db8f,TWD,-0.005752,-0.005752,-0.005752
ce8cdbc4-b4aa-4b2e-960a-60fec2b960b0,USD,-2.729245,-3.023140,-3.023140
e34be82a-e137-45a4-89bc-b941e976bcc5,EUR,-1.614966,8.416108,8.416108
8138e07a-ab2e-4f89-919a-26b114ea929b,GBP,-4.590498,-4.590498,-4.590498
e74a4446-f51f-4ac3-8fc0-dca22e435a0d,EUR,-4.643463,-4.770574,-4.770574
ad64934a-5c1c-4483-a1a0-a23332c5b549,EUR,-4.677417,-4.458803,-4.458803
28c918d2-ec89-47d3-9462-b5366cabcfcd,EUR,-2.859963,-0.236796,-0.236796
a950cc4a-055c-42ff-9163-8368909b5f90,TWD,-0.019699,-0.984443,-0.984443
90434cab-1fb5-4a99-9d0d-2b131aa025ba,CHF,-1.549783,-0.055883,-0.055883
a98d6d5d-f91e-45fd-91e2-e3276dfb057d,USD,-4.338971,-4.412671,-4.412671
ebaf56d9-2060-4001-b050-4d8df970268d,EUR,-2.262608,-2.262608,-2.262608
93d15ebc-f924-43cd-954a-611c9b456de1,USD,-1.430999,-11.668666,-11.668666
daeedfd0-d2b0-41bf-9f2f-7a1f6f12d7f3,USD,-2.001342,-2.001342,-2.001342
891d654d-1513-4cea-8160-1526f50c410f,USD,-2.904203,-0.798306,-0.798306
e4ab9c10-96aa-44ae-84a3-f8e61add48f7,USD,-0.307709,-0.307709,-0.307709
36000422-4760-4a47-8c48-d2b260722443,EUR,-1.447722,-1.604707,-1.604707
310e226c-ae9f-4a04-b7c4-0de9f07ee757,USD,-0.449891,-0.449891,-0.449891
a32c5f5f-aa6a-4bbe-ae1c-1f55b282dd6c,USD,-0.084185,-0.247473,-0.247473
183f2919-b9aa-4ba3-a712-a5eb1f9eb5c0,EUR,-0.774205,-0.740322,-0.740322
c7f72c8f-0288-4c0b-ae54-681804480caf,USD,-2.068324,0.338433,0.338433
34df7a68-0eaa-4784-bbf2-0c95ee0aef82,CHF,-0.506368,-0.506368,-0.506368
df53c8be-6711-4d21-90a3-a95613ccfdc0,USD,-4.029064,-1.948123,-1.948123
a1812325-3c05-4533-b7d2-8f2ecc179d08,EUR,-2.173539,0.027014,0.027014
0e6fcb3d-efce-490e-97e7-1acc1cf08fa6,EUR,-0.945015,-0.945015,-0.945015
21b93f93-f56f-478c-8b6c-b38d1ca8db11,USD,-1.757994,-11.564379,-11.564379
f3e0f917-8090-48f2-846d-0e84ceb3e8ce,USD,-0.757792,-0.195603,-0.195603
c99df56c-87a9-4641-b5d4-cda6ecd6e027,MYR,-0.182536,0.654781,0.654781
ebaf3aa7-50bc-480c-9734-aaccc4fb61a1,SGD,-2.441684,-2.441684,-2.441684
695fc691-6855-4c4c-97bc-274f302f1390,EUR,-2.737142,-0.060837,-0.060837
edb4ac6e-bc93-4ea9-997c-10324465f374,USD,-0.082877,-10.456693,-10.456693
b9468266-7beb-47af-a32f-9674bf9720e4,GBP,-6.635446,-6.635446,-6.635446
401ba404-02d4-40b4-bbb7-3bb2c13ac0a2,USD,-0.082950,1.531931,1.531931
71ca8d85-2f7a-4bb3-b3e3-516661d01a8f,USD,-3.202690,-2.012112,-2.012112
85ef32c5-abda-434a-85f8-d5c6658aa89b,USD,-2.561875,-2.561875,-2.561875
8d7f4dd6-9071-42b3-a99c-7130cd6f9860,MYR,-0.404461,-0.404461,-0.404461
3ba206a0-9b37-46bc-a985-57791c764ff6,EUR,-2.063262,-2.297253,-2.297253
3841407f-5350-4746-8fb1-89c76d5d478a,EUR,-1.585285,-2.054518,-2.054518
6d22e3a7-399b-46d0-9e19-59b17dce1c4b,USD,-0.425974,-9.469644,-9.469644
20f66e19-18d8-41ac-a49b-e483297eb346,USD,-2.132387,-2.132387,-2.132387
dc532818-4e75-4447-9b9e-2a10c319776a,USD,-2.592766,-2.592766,-2.592766
0b68de89-2b9c-4a3f-8244-c167ce01d050,EUR,-0.194727,-0.194727,-0.194727
82caa2de-3102-4079-ab73-c20c5889d80b,NOK,-0.014943,-0.014943,-0.014943
ef3f1881-7447-401d-9526-197bb59e776b,EUR,-0.237082,-10.600579,-10.600579
26af19cf-69b9-484a-89de-e7e2ae037f96,USD,-0.083847,-0.246254,-0.246254
5740ff6d-0d10-447a-8b9c-d7ac026d3aab,INR,-0.037483,-0.161550,-0.161550
cc207974-df41-4234-b837-324100a0d920,USD,-0.557794,-2.894382,-2.894382
86b1d25a-7703-4415-bc13-5d35f30e75bc,GBP,-1.216352,-16.425848,-16.425848
7257f740-bc3f-4e06-95fb-e1f27b9185e7,EUR,-1.505041,-1.972396,-1.972396
5a2f15d1-0025-4068-b3f4-74e187d30282,EUR,-5.168425,-5.299375,-5.299375
8a621321-ee93-4cfe-8ffe-cb52e5e03fde,EUR,-0.193100,-0.193100,-0.193100
fa9951e9-9f1c-4a54-bd79-d022b38ef85f,EUR,-3.681767,-3.886543,-3.886543
95094895-30ed-4218-99df-8324b512f042,SGD,-1.482163,-1.482163,-1.482163
49f0c33f-30ac-4e38-a32e-22bedc2d572c,EUR,-3.365473,-3.054522,-3.054522
09967a27-e3a1-4cf8-81e6-9467126ea2db,CHF,-1.692808,-1.736488,-1.736488
235c87ce-4fe9-4b44-94fd-ffcc201c68c9,EUR,-0.242888,-0.242888,-0.242888
01eefd93-5750-4936-b3ca-3a629ee2e344,USD,-1.836341,0.681935,0.681935
0d43fe79-0973-436a-8f3a-22f2726becb2,EUR,-4.727335,-1.877352,-1.877352
343c2203-21cb-4fc3-b07b-4e0a553e8782,USD,-0.082605,4.857723,4.857723
f7869b56-3090-440b-a25c-57ec25d14dbe,USD,-0.488064,-0.488064,-0.488064
0550d488-e800-4139-b1f6-392b1dddecc0,USD,-0.889011,-1.039358,-1.039358
ecc37675-e033-4ad3-a5fe-c55ce0386f2d,USD,0.000000,-10.824714,-10.824714
2c28629f-8005-4210-a279-14639c3755fb,EUR,-2.859963,-0.236796,-0.236796
53122144-e285-45d6-8532-819ced63feec,EUR,-3.515502,-3.831903,-3.831903
20151937-521b-415e-93ec-d5b6d7993b9c,EUR,-1.794642,-2.157682,-2.157682
ef6aef34-5583-4dba-96a8-44abcd95c2c2,USD,-2.330704,-1.447784,-1.447784
ec915318-7883-4680-b6c2-e6cc8c34d761,USD,-3.352250,-0.132006,-0.132006
7df061bd-03fc-4925-9b34-4152a28cba5c,EUR,-6.156909,-6.156909,-6.156909
2691cd39-2ed8-499c-82f0-4104016db848,CNY,-0.050789,-0.050789,-0.050789
3cb38914-caa2-4dda-9aed-9aad5f5c94a1,EUR,-2.721198,-2.877293,-2.877293
5a8a1ee3-00cf-4a72-865e-124b8ab0c17e,EUR,-0.187965,-0.187965,-0.187965
63431a44-753a-403c-a1fb-4709a869b9ef,EUR,-2.192247,-1.127616,-1.127616
47f26cb7-ba3e-47ce-8bd9-659333cd0176,USD,-0.633208,-0.633208,-0.633208
0c03dfbc-8f3b-4684-a04b-4ef29a627abf,GBP,-3.605273,-3.936498,-3.936498
8d81b7ab-1296-4fef-b178-56199a584ba0,EUR,-1.773340,-1.889122,-1.889122
5863ef94-d131-4374-990e-ca43a578eb53,SGD,-2.342238,-2.416931,-2.416931
11be258f-adf3-4f00-90d0-357b1bc05d06,EUR,-0.817736,-1.732949,-1.732949
89b35378-cf62-4b38-9e14-cfeae7155463,USD,-2.278283,-33.960305,-33.960305
dccad277-6c97-46e8-85f5-95a37ab858d6,CHF,-4.399435,-4.622426,-4.622426
9685ba30-c2e8-4775-8f72-aa9e591f7042,USD,-2.220059,-2.754310,-2.754310
4ea32040-dc85-4f53-b704-ce8b7db60811,EUR,-0.836588,-0.836588,-0.836588
b46f9cb9-9f19-4c78-b4ee-54f3dad4f1fa,EUR,-0.612153,0.516439,0.516439
b45d0b8c-e2fa-4bfb-adb0-f6696233a1ae,USD,-0.078340,-1.011393,-1.011393
711ca866-0b15-4085-a615-1644ea70ccba,USD,-3.202690,-1.622575,-1.622575
aabea595-7be5-49b2-b4a4-0adbe672894e,EUR,-0.709401,-0.709401,-0.709401
00819f28-34df-4454-842c-5708fd273bb6,SGD,-3.414861,-1.815433,-1.815433
1a20db0c-3075-4f67-8573-7e855e9419c1,USD,-0.082906,-10.824714,-10.824714
080c5385-3798-4c4d-834d-7b939c02d6d0,EUR,-0.234699,5.420411,5.420411
a006ac3f-b7e7-4187-b9c3-cbb0b60fc640,USD,-2.473859,0.188565,0.188565
53135cce-8e67-4558-83b0-e2d5b67a7785,USD,-0.180979,-12.641516,-12.641516
9a73f47f-1cba-4cfe-b829-276295a878f9,EUR,-0.872133,1.977512,1.977512
837b1c1a-18b5-4470-a181-f1ed0345db5c,USD,-2.524835,-2.820647,-2.820647
447b27d2-a617-44e9-8a5e-44e71fe6718c,EUR,-1.116742,-0.814358,-0.814358
61d7414b-8304-4f21-b3f7-b330470bdaac,EUR,-6.223717,-3.836909,-3.836909
6b4e57bf-cbe7-46ed-b787-a4fb5aac17a5,CNY,-0.089585,-0.089585,-0.089585
f359651f-a06c-4692-9b8c-f78acbdfa6c5,BHD,-0.466029,-0.466029,-0.466029
055734b9-b71b-41b1-862b-8a78d3d84d58,USD,-4.559489,-4.559489,-4.559489
25c19652-a202-46f5-9300-2abf69eaf6ae,CAD,-0.060286,-9.290813,-9.290813
0c0d1e4f-8666-4b74-b195-2f2e3cc26f86,USD,-1.932415,-2.134537,-2.134537
ae5ea42c-d5ba-4092-8153-5d9e3d2316fb,EUR,-0.119402,-0.119402,-0.119402
1314cb94-8319-4f5c-bbed-248702c9a0e8,USD,-0.082878,4.278570,4.278570
72fe374b-f7f8-4294-b314-1fe3c107f8b6,EUR,-4.878825,-4.940250,-4.940250
1d0975e2-8bdc-4d91-85ea-ae2d636eae66,USD,-0.083498,-0.247244,-0.247244
7687a8ef-3054-4fd9-8f32-57f4bdf80274,EUR,-1.491139,-1.491139,-1.491139
23b3b397-fa84-4fdf-8395-bb1dcfa819e4,EUR,-2.480267,-2.127428,-2.127428
33876e02-5ab6-4844-aae9-6ec73cbf7091,GBP,-2.242559,-2.242559,-2.242559
a9c6c1b5-c141-4073-b01e-4f673a69e81b,USD,-0.082898,-13.428728,-13.428728
9c19a4fc-c05f-4bb8-9ad8-bf5f586989e7,USD,-7.355420,-7.355420,-7.355420
6f37fbeb-168e-48e7-a6ba-fcf6dc3f8394,USD,-3.091897,-3.392501,-3.392501
acf9fba3-3129-4646-8962-8edbab50d090,EUR,-5.493791,-4.511890,-4.511890
8dc5b7ea-77c3-413a-a617-f959f88d1b5a,EUR,-1.928993,1.759716,1.759716
d13db5c1-776e-4532-99bd-0119a709d915,SGD,-0.225540,-0.225540,-0.225540
fcee4668-a909-4b18-89a5-be24a9647661,USD,-4.102014,-2.593996,-2.593996
da995056-5308-4567-a7c4-b59484700978,EUR,-1.777277,-1.777277,-1.777277
64a06d81-af01-46d0-8227-e4440dcd6efc,USD,-2.505919,-2.505919,-2.505919
eb7b3677-d93e-4e50-a29e-308a27746c3e,USD,-4.124390,-4.194866,-4.194866
7fe57256-4fb3-4065-ab7b-1ffd1290ce18,EUR,-1.830445,-1.972323,-1.972323
d3b9fd69-778b-4d3a-af6e-2a1bf5fcc14f,USD,-0.391531,-0.391531,-0.391531
2f2a2be0-8d66-4e82-b911-8a75f94c8cbe,EUR,-0.128878,10.228663,10.228663
b4e58227-b3a2-4396-9cbe-42976bb38a10,USD,-3.120388,-2.767164,-2.767164
5abfba96-f342-409f-aeef-ea8acc425a90,USD,-3.444148,-3.444148,-3.444148
4eb13811-cfb0-46e9-843f-cd371364e593,USD,-0.301893,-0.457232,-0.457232
adc0afb5-47b0-45f8-816f-e465ca82ec25,EUR,-1.058301,0.085535,0.085535
c8609d9c-8045-45f5-a93a-b65aaad45dfa,EUR,-4.828010,-5.060178,-5.060178
e4388e33-411b-45ae-b4ae-b7a1827b1238,EUR,-5.517722,-4.705634,-4.705634
a047696c-b9be-4caf-989a-f9a3ad236d92,USD,-0.479998,-14.645371,-14.645371
2647fefd-ff17-48fe-96b3-c43828c68fa4,GBP,-0.885060,-1.460285,-1.460285
e77bcb4f-99fd-4d86-9e57-221024d7bac8,USD,-2.312273,-0.587826,-0.587826
4cf8d2cf-ecc7-444c-8588-0b8da39e6990,USD,-0.082901,1.493857,1.493857
d557eb1c-c81f-4be6-ba51-1507ba8ccdb6,GBP,-0.483164,2.562632,2.562632
c4cdd953-9bd0-413e-ba63-f17106f15f3e,USD,-0.082932,-0.165065,-0.165065
fc79043f-f787-4b33-b8c5-f16fdcb8796d,EUR,-0.702123,-0.702123,-0.702123
639d6d65-671f-495b-b893-6c901b95e0ba,CHF,-0.796762,-4.271933,-4.271933
efe4730a-bd65-4d1f-af6e-0394429a16b2,EUR,-1.287827,-1.684051,-1.684051
ff85c057-d1c8-4071-b9d4-6d1506e5f0fa,USD,-0.082839,-11.875029,-11.875029
19880c0a-745e-4469-9085-3c7259e559a8,EUR,-1.587346,0.387250,0.387250
dc8f2b8a-deaa-4a5c-8f45-e4256abd026d,TWD,-0.080481,-0.889604,-0.889604
9670bd2d-f3ae-432c-afe5-e0ba3245f678,USD,-0.590748,-0.590748,-0.590748
ad6a0b3c-e58f-48a0-956d-dcbe6d372b66,INR,-0.008604,-0.018070,-0.018070
acaca662-9dcf-4cdc-92b6-bd92fc03004c,USD,-0.260040,-16.143624,-16.143624
990f622d-2897-4f91-8eec-b04f887d34c1,EUR,-3.812299,-3.944057,-3.944057
d91a04d5-02db-4aa1-9e9d-5c789148c731,GBP,-3.367894,-3.728993,-3.728993
116ddccc-d7b3-4c7e-8343-328ae1ed9b60,USD,-0.297787,-1.871651,-1.871651
bec98b36-d69c-4377-b0a8-01bd992ed9e7,EUR,-1.292070,2.315758,2.315758
9402a3bf-8cce-4b9d-b4f8-e56929ed3c51,USD,-8.452286,-8.452286,-8.452286
0e5d2108-9c40-4901-99cb-c013eab085fc,USD,-3.480835,-3.492640,-3.492640
146b129f-9eea-4de7-8dd3-232adebc58d7,CHF,-0.662422,5.761742,5.761742
700b711e-8e03-429d-bb5e-823f6909544f,USD,-0.027922,-0.192195,-0.192195
847027d9-0026-4cba-a17e-06af8bef989d,CAD,-0.290959,1.289240,1.289240
62083f19-336d-4c88-8fe8-8fa43e1973e8,EUR,-13.427918,-13.427918,-13.427918
8da986b6-50dc-4db7-93f9-4792ba73b970,AUD,-18.093910,,-18.093910
9456fac6-9b54-4d37-b2af-df1c7b0e65b4,USD,-0.082932,-0.082932,-0.082932
a839ccd6-5b03-4e76-8c99-824ffb67d331,SGD,-0.353439,-0.353439,-0.353439
b52cf64d-d406-4016-98a8-cb36aa2b8926,CAD,-0.347960,-0.347960,-0.347960
b77bea09-70ca-4865-84d5-43971b97c158,CAD,-0.060198,4.611254,4.611254
f33a80c3-6432-4869-a08b-e7435bf1881d,USD,0.000000,-1.792381,-1.792381
a55f4615-f0f1-483e-8480-909884aa1434,GBP,-1.929200,-0.203215,-0.203215
5675e6ca-b60f-4bd9-963e-d3361da9ed13,CHF,-2.491320,-2.491320,-2.491320
c0175d67-de1f-4e90-b54a-3c082eb5fa99,EUR,7.433566,,7.433566
d9966548-5e1e-475f-a23b-0c2bc7f0bf61,USD,-0.082840,-7.158583,-7.158583
4c0b8f5b-f23b-4a0f-b5da-e71d83f1a805,USD,-0.022683,-0.022683,-0.022683
a869ec12-9b83-459f-80bc-df91f43ecd67,USD,-0.082680,-5.220994,-5.220994
68a6e9fc-8af1-45a0-970a-ea7a57a702e7,USD,-2.157403,-0.524374,-0.524374
21350b18-5fa9-472a-86d1-36a2fcbebb69,CAD,-0.060325,-2.046197,-2.046197
93fad9a6-1707-4184-9940-d2eba9586f46,EUR,-4.388998,-3.135641,-3.135641
54da2c0e-213f-4b52-99c1-1fcce7754757,GBP,-5.408331,-5.408331,-5.408331
b95c48be-64c0-4268-9f0c-edec0895ef89,CNY,-0.144147,-0.144147,-0.144147
6da1c2a0-57d8-4f17-a26b-3e1d90642758,USD,-2.121747,-16.479983,-16.479983
194e99fc-e864-4f42-8e57-cabf16e1117e,MYR,-0.499039,-0.807657,-0.807657
cb61614d-9d98-41b2-bafe-f1219f442f1c,MYR,-0.096622,-2.616411,-2.616411
31ab1bff-9d6b-4d3e-9da0-362921e428e5,CNY,-0.215730,-0.215730,-0.215730
855de6b4-a2c3-4278-a9f4-760c6981cc1d,USD,-0.432422,-0.432422,-0.432422
cc92ae4e-a78a-41ac-912c-3750989d134e,USD,-0.890038,-13.132227,-13.132227
c82ff082-971e-4877-bab8-614b94b773ba,CNY,-0.041441,-0.041441,-0.041441
de964b91-2185-4167-a8d6-b9895cdc8cc2,EUR,-6.701016,-4.368384,-4.368384
a32950c7-3ac7-47e8-82b6-b117cc919606,USD,-1.282125,-1.282125,-1.282125
3a9b4126-ef25-41f7-afac-20d9f1612ef1,USD,-0.082966,-0.165200,-0.165200
e71b375d-fca8-4a0d-9a1d-d3a0ba0dc3df,GBP,-2.818599,-2.818599,-2.818599
29db8e81-2dd7-4948-96b9-58652f6eb0d3,INR,-0.015512,-0.015512,-0.015512
b3f86de3-f517-4b34-b476-bf6e5806b197,USD,-3.115782,-3.115782,-3.115782
36a77de3-80d5-4c39-b529-f21f6f4753ad,INR,-0.027396,-0.147447,-0.147447
99b89eb9-98d5-4823-97b3-04080a84d927,SGD,-0.347115,-10.019010,-10.019010
a7ae0a1c-e080-40be-846a-481115d26127,USD,-0.298084,-0.298084,-0.298084
3f0ad900-c2d6-47d8-a234-d1e0abb54ffa,USD,-4.209305,-4.312780,-4.312780
63110e9e-267c-4b93-9599-183cae0720d1,USD,-0.082935,-9.987419,-9.987419
25653659-0aab-47f6-87c1-2d87d7d016f0,USD,-0.082904,-11.096117,-11.096117
4a755570-2ebf-4d34-8067-9c3badbb7e10,MYR,-0.663904,-0.663904,-0.663904
d1812b60-e98a-4e89-836a-2c3c53fe2bfa,USD,-1.993025,-17.220706,-17.220706
2ce07a76-f149-4421-914f-bb627b1ae239,USD,-2.633896,-1.351498,-1.351498
12490540-6ba1-4a4c-805e-0abdcd49706c,USD,-3.635935,-3.749836,-3.749836
b61c0678-9d4a-4f47-a1a2-0fdc1fdde4d2,CHF,-2.143622,-1.823967,-1.823967
7739c6d7-35c2-4da1-995a-96e8448bb6f0,EUR,-0.622248,-0.622248,-0.622248
a9095713-e9b0-497f-a90a-2d8b19c705d6,SGD,-1.864274,-1.864274,-1.864274
526463cb-5b50-4d61-a63c-32778b84e7dc,SEK,-0.004301,-0.021329,-0.021329
e0e19c5b-0907-4043-95e5-e7f3f2036179,INR,-0.016806,-0.127776,-0.127776
157fd500-0662-417b-9caf-2739bafa96d1,CNY,-0.099994,-0.099994,-0.099994
5b5326a0-8fdb-447e-937e-dad7e4701ec1,USD,-0.082796,-0.082796,-0.082796
3e231fbf-252a-4f1b-ab6c-72a680360274,GBP,-2.570130,-2.570130,-2.570130
60c85fc7-523d-4b44-93fb-7ce271bfb1c0,USD,-0.083046,-0.245479,-0.245479
84518bc1-1473-48ff-9479-bf53d13f0a25,USD,-0.426044,-0.426044,-0.426044
972ac984-9db4-4422-851c-e99cd059367c,INR,-0.061774,-0.064915,-0.064915
afefe575-13db-49d5-aff3-849e08f70197,EUR,-0.213566,-0.213566,-0.213566
644dbced-919f-45bc-b215-309c3630b2ca,USD,-0.257639,-1.861569,-1.861569
afafae3a-e9c5-4366-8506-8ba34b4d4648,USD,-0.010508,-0.010508,-0.010508
c9f0f432-6a05-4183-9bf8-b5123f2d788c,USD,-0.321987,7.069692,7.069692
a45b1180-637e-45ae-b331-f1a5bd1658f0,USD,-0.041570,-0.041570,-0.041570
f4e0a147-f158-4ccd-a31e-b60522e0f387,USD,-0.056962,-0.056962,-0.056962
6f76d363-15c5-4e8e-bf54-1eaec4d41c98,USD,-1.304920,-1.446232,-1.446232
d28a7d62-24d3-407d-939f-3c98a02c0dc2,EUR,-2.669798,-2.956888,-2.956888
96ce1513-e4f6-4236-8d6c-ca75a7b4d40b,USD,-2.601902,-2.414419,-2.414419
8b1d4ca8-aad5-4017-9ce8-8163f3fc078e,CNY,-0.057099,-0.057099,-0.057099
5a1398b2-6786-41b8-a790-75d9c6189729,USD,-0.101255,-0.101255,-0.101255
a0cd8f9e-d044-4b70-aeb2-42f247e4f132,USD,-4.683524,-4.683524,-4.683524
781b3412-3724-4b61-8c40-3d3224688081,EUR,-3.302321,-3.069143,-3.069143
7ee7f3a0-9bc4-4119-9add-852331af2522,EUR,-1.088046,-1.088046,-1.088046
91fb30da-5ea9-41da-aa39-d8025f71ccb2,GBP,-1.037392,4.723540,4.723540
fddbe6df-6c65-4100-8508-490dc99b5e46,EUR,-0.172836,8.147222,8.147222
cce8a385-99fd-426f-9500-e5969be39cc1,GBP,-6.783938,-3.236732,-3.236732
4979e208-7222-46ea-af4e-9f8c2fab5c63,CNY,-0.057334,-0.057334,-0.057334
4ca0e2b5-2cfd-40bf-86e8-42f79a4cca61,USD,-4.445648,-4.695732,-4.695732
4670f338-a006-45eb-a5b8-4da34639ac3c,EUR,-3.580348,-1.240768,-1.240768
5ec8d2fc-1bca-4a99-820f-6c0354674bbc,USD,0.000000,-0.164801,-0.164801
1a4fce87-23fe-447e-9035-8fc9f65bd5f4,EUR,-0.708143,-0.708143,-0.708143
e5959953-2cff-4be7-861e-d277cd4b1b1c,USD,-0.467086,-0.467086,-0.467086
2d90e7f7-8411-40a0-8aad-b2375f78cd00,USD,-1.794585,-2.062167,-2.062167
679ad3e5-8fb2-494f-98b0-7bec0853b31c,EUR,-4.908461,-4.821497,-4.821497
b16c92aa-1d1b-41da-921f-86b869ddcf36,USD,-3.485785,-3.485785,-3.485785
fdc93485-0835-4a2c-aae4-ae95d27db162,EUR,5.575642,,5.575642
1967c0e5-6bc7-4282-b440-c55d44d1943b,EUR,-0.551907,4.746934,4.746934
2e87656e-f779-49e6-9a7b-14fb2f625d53,USD,-4.138024,-4.138024,-4.138024
601afe0f-c897-4c53-954a-9f88670ce229,USD,-0.091625,-0.091625,-0.091625
55fb47c3-f9f6-400c-a525-cda46f6d319a,USD,-0.389374,2.060682,2.060682
5f4688a5-2440-4b7f-af0c-9b6865f8e547,USD,-4.557473,-3.919080,-3.919080
aab511ca-9b59-40b9-a897-4becd3ed3796,USD,-1.031542,-15.111845,-15.111845
69c5b5fb-2ebc-4049-bae7-77c201021f8f,USD,-2.584066,-2.584066,-2.584066
c553b8f1-73fe-41b6-8749-7f786eb0e7e0,GBP,-0.544485,-0.544485,-0.544485
c1880342-db05-4183-a925-3bc0d0cfd052,EUR,-2.624136,-0.729341,-0.729341
3f3df85f-b01c-4b95-9fec-cdb2cc72bcf8,USD,-4.282192,-2.737814,-2.737814
5fdfb11b-544e-4960-875a-79b182894e04,EUR,-2.849471,-0.842068,-0.842068
fac0797f-7b8a-494b-bdcd-3a1943047cb0,USD,-2.801257,-2.801257,-2.801257
ba91bda1-fe52-4450-a559-424c85b69382,SGD,-0.318868,-1.705482,-1.705482
207fa689-ec14-4202-a580-d4de4427162a,USD,-2.464275,0.306243,0.306243
fb63c7f3-179f-41ae-87a0-e68c33a2b622,USD,-1.268265,-1.623989,-1.623989
06fc5915-9f0a-4d9d-9bcd-e0c5a08810c2,EUR,-2.737311,-3.495672,-3.495672
40350b76-c5c9-440d-bd4e-418030ceee6c,EUR,-2.142961,-2.142961,-2.142961
c386b5f7-149f-4d0b-ad07-aec8cb6e907b,USD,-0.261010,-0.439482,-0.439482
3a4ccd11-2418-4bec-8a7d-886f83196417,USD,-0.083142,-0.246856,-0.246856
d302e685-c132-4968-bbd9-9dbea5befc25,EUR,-0.386931,-0.011174,-0.011174
5b6b9f80-b8c4-489b-b80a-b4b4b0111fea,INR,-0.048746,-0.048746,-0.048746
fea5c177-4238-401c-a11d-5baf90439c63,EUR,-1.035825,0.624561,0.624561
1ca3aeda-e8c4-42b6-8269-82498e68def6,EUR,-1.014980,6.152948,6.152948
96b1d4a0-5aa4-4740-bcbb-4c3012316c5e,EUR,-0.240290,-0.240290,-0.240290
5d4c1ad1-0648-4cca-a436-6c1f79cc03ea,USD,-0.237150,1.294891,1.294891
3241d6a5-698f-4efc-9c25-ed9e6bf0f5e9,EUR,-1.368816,-0.995309,-0.995309
7468f4be-6d5f-4bdd-b55c-70bd2e2c173f,EUR,-2.746985,0.514376,0.514376
6bc2c462-7ebd-4c4b-acca-86bb741bd3b1,ISK,0.000000,-0.002046,-0.002046
65b0ba26-604c-4725-9e92-0c0e6b40591c,CNY,-0.097259,-0.097259,-0.097259
fac7d7f3-ab9a-4d3c-bfd2-a9a42395605e,EUR,-1.720038,-2.074972,-2.074972
e620396c-1e25-4f8f-bea0-755dff51db66,EUR,-2.755749,-2.980235,-2.980235
0571a40b-51ce-40df-a0b4-ee405486bd5a,EUR,-3.161046,-0.219836,-0.219836
96988f15-1a56-4c9a-b4b5-09e6fabe43dd,USD,-0.303450,-0.303450,-0.303450
088eeca5-bf0f-4aab-87a4-770ed8dc4f35,EUR,-0.142100,-2.371017,-2.371017
e8c163e2-613b-48cd-967d-b9c16f772eb6,EUR,-3.404262,-3.728095,-3.728095
4288f400-5211-4fca-bc31-94c1dca031be,EUR,-4.487747,-4.756428,-4.756428
95224af9-fc49-450b-b447-58014a1cb00c,GBP,-5.574882,-1.986542,-1.986542
6edae7da-98a9-40c8-84f0-4d6800159eae,EUR,-0.193691,1.604690,1.604690
3469a217-4dd0-4ff1-b24f-485e77229198,GBP,-7.398396,-7.508215,-7.508215
299cd1aa-96ee-4310-be95-4e42eeae6536,USD,-1.077940,-1.218719,-1.218719
2db2c844-e4cc-47d2-adb8-2ac7c57e7637,USD,-0.332866,-0.332866,-0.332866
988cd1bb-ed47-4002-ab22-457274be9667,EUR,-0.091020,-0.327539,-0.327539
ea64cccf-9fe2-4210-9363-39423bd311f6,USD,-0.477669,-0.477669,-0.477669
53a8567c-33ee-4e55-854f-2c06b92a56d6,GBP,-4.046478,-4.231787,-4.231787
123b8eb8-ce32-481a-933c-274fe578b544,SGD,-2.098468,-2.241038,-2.241038
03a8767e-04c3-4937-ba7f-1271743dbfdf,EUR,-4.578784,-26.059237,-26.059237
5c67cd23-b179-462c-8e44-0e6093a2c919,CHF,-6.726891,,-6.726891
f00619ea-b0df-4f76-9d0a-cbf1b550bc66,USD,-2.963742,-2.963742,-2.963742
dd90b7a2-1ac1-4d5a-9cf3-701d883e5581,EUR,-4.750813,-4.625842,-4.625842
047c0d95-8cc9-4d6e-8d54-78a425bc4bb3,EUR,-3.274489,-3.587782,-3.587782
e0bc657b-fb38-4d8c-be60-8cb149346385,USD,-0.082619,-22.296669,-22.296669
a5751df3-c52d-406a-b55c-5fadacc1a65a,EUR,-2.825779,-2.968978,-2.968978
9145c1a5-8c0c-4169-9a5d-d09504170e97,USD,-0.210947,-0.210947,-0.210947
8472672f-3235-4e19-8881-cb734398ec8d,EUR,-4.245022,-4.337538,-4.337538
d42789c7-bf39-4840-8fdd-e1bf2c592980,USD,-1.952961,-1.952961,-1.952961
dc407bd3-93b1-4f57-8125-4d7c8f496b06,USD,-3.687433,-4.000280,-4.000280
331a13b0-f074-4092-8da7-358493c18f01,EUR,-1.692673,-1.396664,-1.396664
99705b9a-e636-4024-90bd-ec3e324ed81c,EUR,-1.906931,-2.819209,-2.819209
9e0b3584-3190-4f59-adc1-8cac388fce2e,USD,-3.805148,-3.917525,-3.917525
45755eba-e666-46ba-a130-dc4e6b14271b,USD,-0.082932,1.876895,1.876895
b16c8812-9178-4bf7-a45e-0fe0499f5596,CNY,-0.041476,-0.041476,-0.041476
1721b65d-1a49-4f5b-a515-d3d0c2aad7fe,EUR,-3.843266,-4.097427,-4.097427
d47a4e9a-e8ba-4eaa-b391-1a28f06d9517,USD,-0.163564,-0.163564,-0.163564
c19daa73-bd31-4cae-a2c4-f0668a9df67f,USD,-0.704512,-0.704512,-0.704512
2b31fa5c-96e3-48db-98b4-d5437f98504a,EUR,-2.065932,-2.426964,-2.426964
753fae00-2308-40a8-aa55-2757ce5c9401,EUR,-3.089902,-3.236648,-3.236648
ca9d47f7-63dd-4660-a23e-63073ff57c5c,EUR,-3.514060,-3.655670,-3.655670
789f537e-a4b5-4873-bb02-68e57dbdaf70,USD,-0.226216,-0.234229,-0.234229
be97af48-79bb-4cc5-a07d-dc4a5ca237fb,GBP,-6.413410,-5.628525,-5.628525
6c5d0cd4-f7b7-4c1c-a661-7807b1a170d0,USD,-0.082945,-7.304713,-7.304713
b9f4a6e9-b2aa-4d24-8597-84ed1cba62ba,USD,-0.923607,-0.923607,-0.923607
6a7bd56e-d28a-4b39-b1bb-955b5e9f11d6,USD,-0.942408,0.213830,0.213830
00f9bad0-c82d-4c2b-a947-7d2388b1bf7c,USD,-0.919455,-1.066976,-1.066976
d9320b16-36a6-4766-a1b1-31a45153132e,USD,-2.394436,-2.722989,-2.722989
b43620ff-b686-4aa0-aaf5-da717fab02e0,EUR,-2.886842,-2.939422,-2.939422
39ad3f24-e1dc-40c8-b08b-87ec72e948ce,USD,-1.550517,-1.326396,-1.326396
0f28e4da-d562-49e7-a859-985fae311f02,EUR,-2.907585,-1.424548,-1.424548
d689eb1c-29aa-49e8-aff7-24bc1dc3e853,USD,-4.413254,-2.126710,-2.126710
f7ce2b38-3bfb-48c9-a577-46e1ab2e5d88,SGD,-4.353915,-4.353915,-4.353915
bba711cb-8380-47c6-b0b7-543e9bfaa8e8,USD,-0.890038,-0.890038,-0.890038
85e2e07a-be18-47e2-b477-dad26e1ad470,INR,-0.064361,-0.067071,-0.067071
9bd203ab-37c1-4a25-9fc3-37985b079223,USD,-2.003249,-2.756392,-2.756392
eb955e90-361b-4109-8a27-59fc05d71087,USD,-2.443427,-2.598614,-2.598614
2fe903db-85be-4f73-ac88-eaf455cdd1cc,USD,-3.765321,-3.765321,-3.765321
c5cb6205-bb7e-488f-8a2b-ae00a78d7d40,EUR,-2.719373,-2.943081,-2.943081
47f57887-4ae9-42bc-b6e2-e2409c39230d,EUR,-1.610757,-1.610757,-1.610757
7726c727-6d87-4ef7-940e-02a4e11428f9,USD,-1.959698,-2.284585,-2.284585
2404b5c7-4a83-4ae4-b34e-5e4032d690fd,EUR,-10.437039,-10.599197,-10.599197
cca95493-41ab-48ec-aca1-3e42168e3e44,USD,-3.310376,-2.966556,-2.966556
ac7bf925-01a7-48e7-8152-cff563ddb0b7,USD,-0.082906,-11.582051,-11.582051
8c4568b4-3fe5-4c74-a854-1bbfc88bd7e6,EUR,-5.816087,-5.927295,-5.927295
ddd4bbfd-1b42-4479-a227-28e69c5accc1,EUR,-4.490774,-4.688627,-4.688627
766d3db3-eedf-4d30-8c49-fb4d4bf4ac98,USD,-2.423444,-2.544121,-2.544121
e070e449-6bff-4465-9e60-4c67325e8409,EUR,-2.320808,-0.453723,-0.453723
0dc595f6-0f15-4ce1-b717-9f4396d9905a,USD,-2.246729,-2.246729,-2.246729
87f13dae-40aa-4978-86f5-3d98cc763b92,CNY,-0.089572,-0.089572,-0.089572
3fd2c18d-d577-460e-83b6-75e568cc2cf8,EUR,-1.820431,-1.465363,-1.465363
c25fb412-af44-4ef8-a017-785fed8f4548,EUR,-3.326620,-1.027063,-1.027063
9ac4c716-16cd-4cf4-8317-881724bef9e6,USD,-1.145232,-1.290077,-1.290077
b6b23707-060e-4e3c-ab44-bfa1b3f5809f,USD,-2.818866,-3.079367,-3.079367
d6ad18f4-b8bd-4817-89e1-57a658159e27,CNY,-0.215014,-0.215014,-0.215014
2a22df4c-2950-477f-aab0-a511316e3e85,USD,-2.990589,-2.535065,-2.535065
62ac2174-b0e0-4587-b097-1473617af224,USD,-0.082861,-0.164785,-0.164785
e9f88524-200a-431d-ad04-aa23872ac3ac,EUR,-0.653490,1.158413,1.158413
40737819-3363-4082-beb5-b14a6e8faa06,USD,-1.250521,-1.324108,-1.324108
a1c8b782-e897-4c5f-a79b-748fb426f515,USD,-5.774839,-5.774839,-5.774839
51ecba97-3fd7-4e4b-a8c5-baf29889c7b4,CNY,-0.038731,-0.038731,-0.038731
275e1e3b-887e-4100-9432-e8f280f9a548,USD,-1.250521,-1.324108,-1.324108
37485bc6-9856-4094-8a3a-fee76902b836,USD,-2.249046,-2.249046,-2.249046
a8ccca05-cec9-482c-ae45-7c453af1b19c,EUR,-2.770397,-2.770397,-2.770397
f090c2fe-547c-42b2-b6bb-9941f0e21e28,EUR,-0.765069,-1.014802,-1.014802
53b1a83b-5c70-4ca6-b200-4d6e38f4fa28,EUR,-3.880707,-4.151081,-4.151081
61e47840-c9e3-4382-99f0-058b85eef4b1,USD,-3.983130,-2.823611,-2.823611
fecf4f72-728e-4ad1-86e1-d25ff443a06e,EUR,-0.520602,-0.520602,-0.520602
6b51ef29-ded7-4252-8a0b-14c4a9c409d5,USD,-0.083036,-0.245469,-0.245469
91b6e567-e83f-47f7-b695-3d354b953652,USD,-0.028167,1.557016,1.557016
5bed95f5-fa88-45be-a82c-a94d153dba9d,EUR,-5.756045,-2.291241,-2.291241
933665c5-288c-46ae-b9e2-57e3b6743a26,USD,-2.339659,-1.055255,-1.055255
e92a0a6c-aa0d-4a61-98b9-74d1f4da2a40,USD,-1.154072,-1.301113,-1.301113
77922789-ffd4-4c74-b4fb-63d686e8320b,CNY,-0.088649,-0.088649,-0.088649
e07f6450-a03d-49e6-815a-56cad24f27dc,KRW,-0.003144,-0.002254,-0.002254
b46fd0ae-b06e-4b57-a347-7663ba7c9ab4,EUR,-1.855827,-1.855827,-1.855827
9496990a-4cf2-43e3-82a4-8beb85f60fa0,EUR,-2.675741,-0.545522,-0.545522
05318c47-ef30-4b5d-9de0-b4bafa5072bd,USD,-0.904671,-1.053402,-1.053402
8d38938f-f7c7-4ed8-8f0a-384af6ec9d40,EUR,-5.101428,-5.294212,-5.294212
d242c286-cf07-4f42-9a08-9aeb24fc4bda,USD,-0.317240,-0.317240,-0.317240
2ec164d1-398f-4bc0-879e-76d111977670,SGD,-2.452884,0.326253,0.326253
9554ee36-4146-47ec-9233-fa6904467922,EUR,-6.148307,-4.848312,-4.848312
417530c7-0b53-4830-a8d6-cdc5f8cdd97d,CNY,-0.332809,,-0.332809
4e2a937d-8d7c-46af-ba5a-03e246766b5a,USD,-2.050444,0.053459,0.053459
2b712495-0244-4bfe-952c-b2ede0100ecd,RUB,-0.003999,0.021763,0.021763
e30366b2-009f-451a-9c2f-0f455eec90c7,USD,-0.352207,-0.352207,-0.352207
493ce7ad-7a3e-4f4a-8572-dc6a55c77d66,EUR,-1.467708,-1.700835,-1.700835
702874e9-9994-41ac-b3bf-223f8ef7d815,EUR,-1.950199,1.058413,1.058413
79800376-b030-4f2a-9ca5-e256d4786fd9,USD,-4.513670,-3.124595,-3.124595
9e086612-d314-4b68-a41c-16020f2d158f,CNY,-0.127506,-0.127506,-0.127506
d40e962e-e442-49b2-887c-1f97da135415,USD,-3.310376,-2.966556,-2.966556
611d135b-68b7-49c1-bdaf-d66a1958dd08,EUR,-4.686168,-4.785901,-4.785901
5fa5dd46-1987-438f-9053-380451750f2d,USD,-4.824227,-4.718334,-4.718334
2b1bf1ac-4f90-4f73-b6d5-cff67323d8a4,USD,-2.243937,0.916928,0.916928
bc3bb3df-42fe-4136-a0f8-fca92e86f185,USD,-1.322661,-14.864489,-14.864489
1ea93e81-2479-4690-8c56-0bb2df08a82e,EUR,-1.712603,-1.878808,-1.878808
6abfe35e-4d25-48ec-9e85-0104afcb745d,USD,-3.360022,-0.344860,-0.344860
98e48e70-8b7c-4e3c-bab6-d11e6a95f2f5,EUR,-4.185310,-3.486492,-3.486492
d28c1b50-8235-4265-a454-2a4fb45276e3,EUR,-0.663272,-0.663272,-0.663272
35523f25-7850-4675-9393-d65c529e0a84,CNY,-0.344999,-0.344999,-0.344999
a5c48a04-70c2-4cf1-a7ad-a637a7c743fb,CHF,-1.130737,-1.130737,-1.130737
09a02f23-b77a-4207-bfe3-0bb3901f6f6c,INR,-0.030266,-0.165950,-0.165950
85fcb9e3-f181-488b-98a8-cd5d45b73b5e,USD,-0.041484,1.435537,1.435537
65e4cfe9-e5ed-41ea-ac4e-2d3de1a0fd90,EUR,-1.942847,-1.477546,-1.477546
6fc081b9-55bf-4b69-9aae-c0159001ce36,USD,-0.418734,-0.805518,-0.805518
59a8012a-4f87-4e5e-a673-7ce6dec35912,EUR,-0.090119,-0.324298,-0.324298
4eb60d20-c473-4906-92b9-e46cceaf4615,USD,-1.818926,1.026750,1.026750
ac7ff44c-8b05-47c6-acfd-dd6fc48958f2,EUR,-3.188212,-3.498651,-3.498651
b533e75b-1164-4afb-a5d4-749ac9ee626a,INR,-0.057740,-0.058813,-0.058813
eecc8206-3acf-441d-a7a9-5206edbe7eca,EUR,-2.109829,0.914906,0.914906
bf495230-755d-4477-97ab-cab95a30a280,USD,-2.416542,-0.112669,-0.112669
568461a5-26f1-4894-ba29-775fb9350a49,EUR,-0.209449,-0.209449,-0.209449
c83a916c-981e-4608-9374-616045d0582d,EUR,-1.254872,-1.254872,-1.254872
bbd8d8d8-e00d-47f4-b47a-7644b7816301,CHF,-2.330777,-2.571140,-2.571140
d379c1c4-42c0-40c9-91fe-38f1d0921abb,EUR,-0.405240,-0.405240,-0.405240
69e7983a-7678-4efe-9ef1-a1abf1f13b2c,EUR,-4.239957,-4.339299,-4.339299
91a720f9-f761-4a54-a693-55fdd8a497f1,EUR,-2.968789,-2.380090,-2.380090
c0e3e636-ba62-4e7c-a69d-eb9397d3e72f,CHF,-1.703338,-0.121807,-0.121807
944fa1bf-821c-4a11-b7e9-45bf53ed6621,USD,-0.135963,-0.135963,-0.135963
1ba3dcb6-d951-4afa-99cc-9c028536df8f,EUR,-2.390810,-2.527747,-2.527747
7d08eccb-bb5e-47f3-bc7d-2f6b14bb50da,EUR,-5.447047,-5.447047,-5.447047
4992a482-7a0d-4d09-9a53-3b16c008ac00,USD,-4.540086,-4.605800,-4.605800
aba51036-d97c-48d8-b0c0-8c59f6a986e8,EUR,-2.060572,-2.548546,-2.548546
9de5a56d-edb8-4ebd-9c87-4824a1bd393c,USD,-0.011598,6.115731,6.115731
e8a8627a-7e16-426b-b6ed-02ceb91e8f64,USD,-3.715020,1.062310,1.062310
7067a6c0-67a9-43f9-9197-2d8e22f10fbd,USD,-1.163268,-1.163268,-1.163268
2a8f5f90-89f0-43c8-8a80-66172f90621f,USD,-0.978208,-0.978208,-0.978208
ca56dc48-bbfb-4357-b9aa-ea6590f6740e,USD,-0.083094,-10.221750,-10.221750
3296d0f7-c50a-4405-9f1b-5e6bb8d66fdf,EUR,-0.153960,10.483505,10.483505
eaf3f5ac-d93c-41c7-9c37-36595efaa0af,USD,-0.441297,-0.636264,-0.636264
58eb7a6e-5871-4244-8151-92372d8cd92a,EUR,-1.041500,0.783845,0.783845
6890eafb-29cf-405b-b888-163012685ecc,CNY,-0.095374,-0.095374,-0.095374
051f12bc-5741-4153-bb88-227f6d967bbe,EUR,-0.211203,9.471237,9.471237
4f0f80f6-304e-4dc5-8b36-925fe7eb1b10,CNY,-0.119782,-0.119782,-0.119782
27bd771d-0926-4954-b05d-40ce7729297d,USD,-0.265713,0.171943,0.171943
1060121e-1a1c-4e1f-a05d-873f41e579cc,EUR,-4.463764,-4.688914,-4.688914
9911d01a-abb5-497a-98a1-ea96ccf9c56c,EUR,-4.715731,-4.843643,-4.843643
52c6feb9-bfc5-4321-b44e-af7ec05966fd,EUR,-1.996531,-2.156151,-2.156151
e287c70a-3b01-4053-8122-097b2f50948b,USD,-0.188296,2.269705,2.269705
e580da20-6696-4cfa-b56f-c0e558082670,USD,-1.914304,-1.798645,-1.798645
02286438-afb5-4c38-8a90-6632432e2051,EUR,-4.261672,-4.543670,-4.543670
c572994e-dd18-441e-bd16-932b12dff677,CNY,-0.056864,-0.056864,-0.056864
90c47b1b-b2ec-464e-85ef-40e55650edac,EUR,-3.063677,-2.710249,-2.710249
f5163888-f7e4-4d30-a1ce-b60d427485d6,EUR,-5.420948,-5.420948,-5.420948
fff130cb-765a-43c8-b3c4-2fa348930859,SGD,-1.601477,-1.601477,-1.601477
712e934e-5207-4fa4-9b0e-09f26b718b44,NOK,-0.003948,-0.003948,-0.003948
a2c7d8c0-06dc-400e-891d-64a4764012b9,USD,-0.251027,1.324755,1.324755
654da2c7-d83a-4d61-af27-7c5d34827ac7,EUR,-1.211198,-0.869230,-0.869230
1f28bf84-76cd-4892-9c6c-c7dfb5116215,EUR,-0.177390,-0.177390,-0.177390
c0c6c5b7-30e7-4bc8-861e-00c76e5df359,SEK,-0.014944,-0.014944,-0.014944
649c5267-6fb3-448f-bad5-05d2619ee9d6,EUR,-0.227480,-0.227480,-0.227480
a8a20ab5-f65e-494b-8f90-743e019a6796,SGD,-2.692152,-2.692152,-2.692152
758c8e28-c408-4b29-a75b-7bab53272389,SGD,-0.733705,-0.733705,-0.733705
e48fdaa3-8e49-4daf-9ceb-c96bd03e8aeb,SGD,-2.268994,-2.268994,-2.268994
b4e825ca-77d4-46b1-a7e0-8d7b5b6efc3e,SGD,-1.481087,-1.481087,-1.481087
a50d73f0-1814-4b5f-852e-9c85a16f40fa,EUR,-0.103415,-0.155933,-0.155933
a827f3f8-78a5-43b9-a4c2-15b5bd085080,USD,-1.544288,-1.544288,-1.544288
7585857c-7b09-490a-a214-c31cb60d5203,USD,-0.815079,0.391614,0.391614
4436f82f-040d-49d0-beb8-d769d719f3f9,USD,-1.114489,-1.114489,-1.114489
8a80f33d-597e-4d4e-b9bd-832b898df9a1,USD,-1.842855,-2.039395,-2.039395
da5c6a0e-7286-4b56-98eb-9c349530ed07,USD,-0.179548,2.276976,2.276976
1d532e87-3847-46de-a6c3-a118de31ed30,USD,-0.082947,-0.165123,-0.165123
9d5d2ce0-8023-4637-98c9-a6adaf05456c,USD,-0.084543,-0.168176,-0.168176
f10cb8dd-b990-4350-bbff-58ab5f1d91e1,USD,-2.797818,-2.797818,-2.797818
b750db85-813a-40ba-b155-23f9b7c12647,EUR,-0.892971,0.242017,0.242017
be812673-7a0d-47f1-ae59-7efeecff6956,USD,-3.671300,-3.671300,-3.671300
72da6240-de63-4ef4-9d4f-02e4b7a5be80,USD,-0.564659,-0.913898,-0.913898
c95f7caa-d19d-4018-9f6a-5c384dfcb616,EUR,-1.865858,-2.701006,-2.701006
e44ca3a8-c9f6-4004-98da-20dbfe7ec8db,USD,-2.471087,-2.471087,-2.471087
5ccbb5bd-bec8-4512-a116-eebdaa6e9b75,USD,-1.408713,-1.408713,-1.408713
ea56266e-960a-4f44-8292-d7dbcad17748,GBP,-8.005618,-8.005618,-8.005618
ffbcc76a-96d4-4ae1-b2a7-5c65d49752c4,USD,-2.536138,-2.536138,-2.536138
87ad0bbf-5ab8-47e0-8832-4eca10f0ed5a,USD,-4.581473,-4.581473,-4.581473
6441ee1f-c14a-4909-bc26-9f86e7ac9743,USD,-1.920881,-2.217231,-2.217231
b77140c9-2bb9-4a50-8ec6-ff2eb511e160,USD,-5.002988,-5.002988,-5.002988
c4b157c7-2297-4336-91ba-4ecddd73cc0d,USD,-0.851237,-0.851237,-0.851237
db8cc65a-cc18-4b74-8fa6-a14b39e6e0ce,USD,-0.435640,-0.435640,-0.435640
97026b91-c6e7-41d3-b188-2f66139e7d7f,USD,-0.042286,-0.042286,-0.042286
2913327f-8d85-49ff-88b7-89f9025c8054,SGD,-0.381802,-0.381802,-0.381802
be5f6db3-3324-46a4-ad7f-42182b2a882d,EUR,-1.202926,-1.369378,-1.369378
5bc672f7-75e7-4734-983c-319d967758dd,USD,-2.236432,-2.331109,-2.331109
59f36b19-f979-47de-a851-25d6d47d6d99,EUR,-7.368383,-7.471908,-7.471908
30153696-ecb5-49cb-a4dc-4b52e5db9aed,NOK,-0.018462,-0.018462,-0.018462
a4da4076-3f16-4599-83fc-9947aed990a0,USD,-0.263967,-0.263967,-0.263967
b0ab3cc3-0817-400d-b582-21daf27f7c88,USD,-1.366166,-1.366166,-1.366166
9a3b29e3-4f33-4c52-b266-8322c7fdaa01,USD,-2.928868,-2.620460,-2.620460
98975a16-2211-45fb-afd8-e0ca2220c6e1,USD,-5.245937,-5.245937,-5.245937
a7902279-f1d8-411d-b006-bce997d06a41,USD,-0.590395,-0.812614,-0.812614
f8fcbd63-26c9-4ac7-ac9e-fb030e79d936,USD,-4.902690,-4.383484,-4.383484
2fc320e2-e993-4809-8f8c-fdd7c88d0295,USD,-1.635595,-1.635595,-1.635595
86592d76-2429-4f4c-8ca6-cbb6b1edbf0f,USD,-1.876766,-1.829566,-1.829566
64583410-3600-4a8d-9154-5a525f55cbb3,USD,-0.196862,-1.843426,-1.843426
037c10ca-f1e4-4100-9655-09e57d8fcadf,SGD,-1.460184,-0.271311,-0.271311
e0df3cfe-62f7-418c-bed8-40c8f88aef88,SGD,-0.698851,0.163283,0.163283
0a27902c-58c8-4b99-8240-778b746dcc4a,USD,-2.002356,-2.300491,-2.300491
379e6535-f1b8-4314-9aeb-e44a664aa207,USD,-0.059297,-0.059297,-0.059297
c37bba84-7c86-4e3a-9aa3-6ccaf84cfb01,USD,-0.780141,-0.996673,-0.996673
e2762ebd-0bb1-4533-9c1b-b525c397f45a,SEK,-0.007971,-0.046976,-0.046976
61262116-bc95-4b38-80bd-d877a6bfedf4,USD,-0.557077,1.442863,1.442863
a7dd2832-4c1d-49ad-a05c-9f3aaa15f362,SGD,-0.210452,-0.577204,-0.577204
52ca6a56-6297-43d4-8350-550e75148eba,USD,-0.134960,-0.134960,-0.134960
8f38d4ce-996d-4861-a7bf-214cd75243c3,USD,-0.779925,-0.929626,-0.929626
14c2709f-fc51-4d9e-8799-1878934fed91,SGD,-1.719523,-1.719523,-1.719523
1c92d149-6947-4433-8a97-0754afedff9e,SEK,-0.082655,-0.082655,-0.082655
e648c835-b73f-4ec1-b6c9-6199a23afa76,USD,-2.402431,-2.402431,-2.402431
08132dce-fdea-496f-b4f9-b8e8a4361698,SGD,-0.088642,0.613489,0.613489
b851a827-fd73-4fcc-8947-36a65c8c2637,NOK,-0.005232,-0.024548,-0.024548
5cabb301-261c-4771-a357-977a546ab9bb,SGD,-0.182828,-0.182828,-0.182828
a867537b-13c6-433a-ab54-bebf7976c1e8,USD,-0.870610,-0.870610,-0.870610
144bae8b-8f1e-45fb-b0ad-24ed2ef36782,USD,-2.113414,-2.113414,-2.113414
810bd2d1-46ee-4680-a8b1-e27ce2981122,USD,-0.212673,-0.212673,-0.212673
5a3b2209-3382-47fd-8352-a263296a515d,EUR,-0.240328,-0.240328,-0.240328
1a47e3b9-e26c-48a7-bfc9-597603c47cad,USD,-0.071955,-1.870053,-1.870053
5a7044b8-f558-45dc-ba41-afc05d304eea,CHF,-3.004522,1.344296,1.344296
08897557-159c-48d3-803e-847aabfc191c,CHF,-0.056083,-0.056083,-0.056083
c23132c4-535f-4b2d-8767-25da0adec562,USD,-1.354981,-1.354981,-1.354981
7ceb3e91-a189-4322-9ada-986b072685ac,USD,-2.015266,0.156348,0.156348
6ab5ac43-ffb2-4cb5-9cf8-2d75221cb8b2,USD,-2.044926,-2.353715,-2.353715
4144d56f-e314-4bd5-8262-44660bf2d19e,USD,-0.839858,-0.627198,-0.627198
dead3627-9f42-4d29-ac8c-635bb09b8c26,USD,-3.248383,-3.248383,-3.248383
99a055a0-3128-4c9e-97bb-ebbca0c70d57,USD,-1.719127,-1.854839,-1.854839
d21d12b1-99e8-474b-a27b-5ae676ef3ce5,USD,-5.011159,-4.096966,-4.096966
bb47b03d-043d-49e0-8f54-10a2591022ef,USD,-0.739173,-0.961333,-0.961333
5fb602ca-faa0-4620-b484-8b0f345ee311,GBP,-2.695457,-2.695457,-2.695457
03080c13-05d3-47e5-b14d-53af276ea4eb,USD,-5.450469,-5.450469,-5.450469
af5c6fea-e6d2-463c-84e1-05adcd9efad0,EUR,-0.079408,-0.079408,-0.079408
f70762e6-2fae-4f91-9eb7-42abb9c9d37e,USD,-1.468017,-1.468017,-1.468017
e3a68b93-2845-4c46-918d-f2b77a3a5b68,NOK,-0.013984,-0.033359,-0.033359
638c6a9a-677c-4b06-b228-45f5412ed5b8,USD,-2.275686,-2.697682,-2.697682
e9959d44-37b5-414b-9b77-c31e82a1c826,USD,-2.998175,-2.861897,-2.861897
ad1b419a-43c9-41e1-99c3-52eb81eb2c0f,SGD,-0.863796,0.690972,0.690972
b1fdf8cf-5d4b-49eb-893a-ecf7a3a8f20e,EUR,-5.122457,-5.241150,-5.241150
a8839a1a-df91-47f7-b3cc-ce66f2046e24,USD,-0.543695,-0.543695,-0.543695
46876032-9d00-4402-b668-bc6cbaef1b3d,EUR,-3.426303,-0.946663,-0.946663
9e4e34d9-2b1a-4e2b-aaf2-f29cb8f5bd19,USD,-0.082903,-6.305883,-6.305883
6958bcb8-1895-4661-bc7d-849582df5174,USD,-0.082903,-6.254765,-6.254765
fc2803c7-c7ed-448c-97ae-c47a30f90bda,EUR,-4.043661,-4.043661,-4.043661
fde36ebb-55a3-4106-918c-db8da6588822,EUR,-4.172091,1.103706,1.103706
43a75f02-43bd-433d-86b6-97a2363c8610,EUR,-0.211600,-0.211600,-0.211600
661dd135-29bb-4a99-875a-17d3bee0ade8,EUR,-3.830425,-4.118420,-4.118420
b59d5ac8-9629-485f-b988-18a52ada25cc,EUR,-4.414489,-4.521904,-4.521904
c1ff1be4-7d7a-4cfb-80d2-18dc819c3740,USD,-1.370605,-1.370605,-1.370605
5991a301-f12f-4628-aba0-cbc7ac857280,USD,-1.515983,-1.515983,-1.515983
7ed1e4d0-9056-440b-8d25-aaf293d4cb41,INR,-0.020562,-0.020562,-0.020562
4302367a-1c70-4321-b732-6a457cc4c1bb,INR,-0.019769,-0.019769,-0.019769
adbd27a6-3ec4-4373-a080-38e585f158b8,INR,-0.020579,-0.098015,-0.098015
5babd100-4ded-42ef-8664-54ab48aac12c,USD,-1.990972,-2.289831,-2.289831
6a0b6806-5c87-4633-8ef5-5464f4ca197f,EUR,-0.600394,2.864855,2.864855
46f32a8d-e56b-470b-a408-c268f0a397de,EUR,-1.212533,0.531817,0.531817
c977fb71-529a-430b-92d3-f1fade02ae58,EUR,-2.518695,-0.308505,-0.308505
13117c25-335a-4b65-bf56-435acf1835f9,EUR,-2.031990,-2.012982,-2.012982
56552973-41bb-4967-ae96-d23b906be616,USD,-1.155051,-12.598823,-12.598823
2005aba7-bf22-4344-9b79-faad28156d4a,USD,-0.082901,1.334871,1.334871
196b29c8-61a5-40ac-98c2-7370cd3cd59d,USD,-0.096019,-0.096019,-0.096019
78b06c8e-f154-483b-bdf3-e788dbe155a9,USD,-0.419021,-0.419021,-0.419021
bc7d6d13-0ce7-47e9-b005-d42cbd72ea74,USD,-1.868950,-2.407567,-2.407567
645e35c7-6fbb-4798-b81f-54e9622b6f9a,USD,-1.355032,-1.355032,-1.355032
02ad1a1c-4877-4a47-be88-8acc1d6fdfd7,SGD,-3.489617,-3.489617,-3.489617
a3dedf16-e60f-463f-bf7a-15034a6b596a,USD,-0.432217,-0.432217,-0.432217
1334fcaf-793a-4361-8a39-44143c09b242,USD,-1.314179,-1.314179,-1.314179
1f0711a4-8ac1-4e73-bfee-5c2aa47668c2,EUR,-0.459473,-0.459473,-0.459473
a5bf9fff-1576-4068-b22e-d9db1e02ae3c,USD,-0.423007,-0.423007,-0.423007
b2959e9e-36ae-4ac2-b344-f3835fcb188d,USD,-1.570581,-10.020509,-10.020509
b8894b07-ba9d-44ab-b58d-836f483c97f1,USD,-9.929362,-9.929362,-9.929362
a8f968e7-ee23-43de-a8cc-fe5adf45f2be,EUR,-1.479225,-1.479225,-1.479225
abc6f455-de76-4de3-9b9c-d48c3426ac2f,USD,-0.628059,0.086427,0.086427
a198d08e-c912-4f70-8661-e62e4719cbed,USD,-1.405089,-1.543186,-1.543186
5faa569d-fdcc-4f2e-817a-3c9333d7497c,USD,-0.670678,-0.670678,-0.670678
752f81c4-3220-4505-a614-5589ca01e793,USD,-2.104720,-2.416339,-2.416339
afefb8c7-0328-494a-9565-294cd4ed5aaf,EUR,-0.069841,-0.069841,-0.069841
27b76898-b7bb-40c6-af0f-4c972f8b338f,SGD,-4.129369,-4.129369,-4.129369
56b8d824-1825-44bd-9d72-b6575be001ae,USD,-1.795469,-1.795469,-1.795469
9bc54564-8f5e-48d8-a6d7-722242e0dc34,EUR,-5.113763,-5.365680,-5.365680
ea2a32c9-99bf-42e5-aa1a-54d4a2cf6d78,USD,-1.064466,-1.426884,-1.426884
ab15b3c2-2048-48f9-bfbe-0eca8c3b3ae2,USD,-0.601404,-0.601404,-0.601404
0cafe1d3-08df-4e66-8bf5-5c186387dd99,USD,-0.789971,1.073833,1.073833
5788de67-997b-45f7-9eab-97518346f631,CHF,-0.048510,-0.048510,-0.048510
ef8c2bfa-be39-4e13-8efc-1bf0c78658b2,USD,-0.418593,-0.898374,-0.898374
283700ca-d135-4bee-87c8-a079c649fe29,USD,-0.304639,-0.304639,-0.304639
b9c780d5-673d-4663-a61c-166e9a37a4ef,USD,-0.524787,-0.524787,-0.524787
5b8dec1e-ed35-423e-b87c-e7ed86c29fbb,USD,-0.739173,-0.961333,-0.961333
edce08c8-f81c-4661-bb1f-447c9c97121e,USD,-1.889925,-1.889925,-1.889925
0c8cd8d9-45fb-427e-928c-15faddaafe6f,USD,-1.403870,-1.403870,-1.403870
aae508e1-2154-4318-8a1f-9b7839a4aedb,USD,-1.173143,-1.173143,-1.173143
49c8002d-4d6a-4bb9-8855-d0da02fe7d4c,USD,-1.334136,-1.334136,-1.334136
b2dfaa65-8239-4086-a1c8-dcc5e651d1c2,USD,-0.839822,-0.617828,-0.617828
cc1ecfcc-9127-463d-a1af-dfa9eca9dcab,EUR,-4.222474,-4.364012,-4.364012
042d753a-fc41-4d2a-aecd-bd94485dc1e2,USD,-2.203857,0.540326,0.540326
06126cec-77d8-494c-b6c6-11b3a3aab10c,SEK,-0.028690,-0.028690,-0.028690
901871ef-9a28-4fee-a65b-8ea2bd469157,SGD,-0.097534,-0.097534,-0.097534
4786be49-0405-49e1-ae5a-7847440b7da3,USD,-0.635910,-0.635910,-0.635910
4d8d9f55-e347-4549-8781-e6bf2b3d2cdf,SEK,-0.004202,0.068525,0.068525
28a06e6d-18ed-4d2d-a40a-0f982448cdd9,EUR,-0.891172,-0.891172,-0.891172
7f506a8d-90e9-4377-9b57-731571b8a5b8,GBP,-2.398742,-0.805715,-0.805715
d619d8ab-6f76-4bf4-b79f-d49e2290b438,NOK,-0.007594,-0.001097,-0.001097
439abcbb-3a2f-43d3-a417-3303df126354,USD,-1.576139,-0.837819,-0.837819
93d629e4-52d4-420e-8ca6-1dae3a16eab5,USD,-1.741835,-0.698954,-0.698954
75fd3e82-aca2-4a12-9b6c-16c219dc3378,USD,-5.314571,-2.637662,-2.637662
fc43b57e-d494-4663-a2c5-805cff403c29,SGD,-1.206081,-1.206081,-1.206081
df5cc46b-ea61-41d5-b9d5-5f1ffab77289,USD,-1.211606,-1.721375,-1.721375
f62840a6-6bb7-4f11-ad22-8daebd05a3aa,USD,-1.443704,-1.769365,-1.769365
4ce18ebb-2c76-4549-a5c2-3acda277e0b7,USD,-0.226145,-0.233994,-0.233994
7723212a-913d-4828-8b36-0da9485d985a,SGD,-4.400731,-1.411826,-1.411826
eb98292d-0c59-44ae-b8df-7a71d02cfe77,SGD,-1.098910,-1.098910,-1.098910
d91edc28-f449-4ef1-99ae-af2dc29b68ad,USD,-0.455281,-0.455281,-0.455281
c23caf20-2187-46de-8f8e-5b1a13e98be7,USD,-3.833350,-3.757811,-3.757811
30c19a31-3d66-4f19-b7eb-401fdc212b60,USD,-2.583827,-2.700761,-2.700761
52f3f60d-34eb-432c-9e2c-e600ea6f7604,USD,-2.044096,-2.357330,-2.357330
160126bb-a18f-46a4-b47f-8a0c2f08cd1f,INR,-0.007634,-0.075521,-0.075521
7a03f641-89b7-43d5-93a9-513fb0d3c6d1,EUR,-2.002266,-1.054210,-1.054210
6b6b4c78-25f7-430d-bd56-32776b3199a0,USD,-2.818520,-2.818520,-2.818520
bb4c2087-df50-4e83-b713-44b9ecbc8745,USD,-0.368182,-11.712656,-11.712656
37adf219-945c-43b0-8883-c61211e56166,USD,-0.307905,-0.697890,-0.697890
549108fa-d264-4c91-8231-dc7d84e845ea,USD,-0.082898,-13.428728,-13.428728
f999828f-0131-4111-b4eb-ddefddb6b56f,USD,-1.564566,-1.901193,-1.901193
c1ec04a6-b1cf-4be4-8e89-10bcaf2ef597,USD,-3.643885,-3.737449,-3.737449
b1c44616-cf3b-41d6-b6e1-86974450e234,USD,-4.404111,-4.404111,-4.404111
9b28cb6b-e8ab-40b4-9b19-87f7fb1f84a3,EUR,-3.648033,-1.160395,-1.160395
53165bac-3c6f-45e0-b19b-9e29368f126c,EUR,-0.709611,-0.956062,-0.956062
98368607-0cf2-470a-b4f6-a6f9be51dede,EUR,-2.020973,-2.020973,-2.020973
5761399d-6ec8-4f1a-bd0e-0f60f6fb6413,EUR,-0.230182,-0.230182,-0.230182
2425baa9-804f-4db4-bf1b-7a5993ade708,USD,-3.234215,-1.817393,-1.817393
4b3f2790-238c-4662-9877-df57f8083c28,USD,-0.183764,-0.183764,-0.183764
3725f40e-3410-4f7b-a677-688ccca8f404,USD,-5.360074,-3.130467,-3.130467
0785e143-7f1f-4352-a814-2a988a32937f,USD,-2.274221,-1.268823,-1.268823
995ba145-9306-4785-ab3e-b626f3ccad4d,INR,-0.018919,-0.024562,-0.024562
2b527389-89c2-4720-8034-f486f6a722c5,USD,-0.913898,-9.352442,-9.352442
0cfc9376-e608-4337-98b9-c65669d50d17,EUR,-3.818102,-4.024127,-4.024127
b6de0b28-76b2-416f-af95-00d3d9e96e4d,SEK,-0.030113,-0.029709,-0.029709
1daa7a59-0239-4d8b-a1cc-b3e1b65b99d8,EUR,-0.229301,0.184781,0.184781
7e05cea2-ff1c-439a-b893-84139fb2cf33,SGD,-0.346768,-9.247292,-9.247292
5010bce2-b953-4c7d-8f94-94c7f47ff343,EUR,-5.099481,-5.367808,-5.367808
7e86f6a8-ca05-4fd2-b607-f653320badf3,CAD,-0.060313,-5.522352,-5.522352
e50a92d4-d6cc-4f20-a019-7286101c3da4,EUR,-4.798443,-4.798443,-4.798443
058bbc50-bb5d-48ac-af83-fa347696c738,MYR,-0.911621,-0.911621,-0.911621
45906731-aa0e-4bcc-ad38-2dcd37266742,USD,-1.631691,-10.292276,-10.292276
42c2b04a-d471-4da5-a8cf-f4331ca206c8,USD,-5.143758,-5.143758,-5.143758
866a4841-215f-4a68-9190-d4144d76e20a,MYR,-0.045784,-1.779251,-1.779251
b8df5f7c-e871-4cf2-86fc-0a6188d7b19f,EUR,-3.022493,-0.861619,-0.861619
b9ac3d73-91f7-4c74-8722-97b65dc11e92,CNY,-0.171450,-0.171450,-0.171450
191dff63-a442-462b-a2e9-c091011422ca,EUR,-0.909768,-0.909768,-0.909768
51022fbb-fa63-49bd-9c9a-61461aa3ba27,USD,-1.235631,-1.235631,-1.235631
febb89c1-a271-4453-8170-b562445206e2,USD,-2.066129,-2.066129,-2.066129
852ecb23-11d7-4632-b1d3-bbb811e6ccd2,EUR,-2.620519,-2.289082,-2.289082
8ec181fb-dcbe-4b8f-a59f-7e8dc8e452d0,EUR,-2.461166,-1.915134,-1.915134
806e58a2-3f0a-4ba2-b09f-aa016ab3ff49,USD,-4.796828,-4.835828,-4.835828
799129ad-9cdc-4467-8b42-b5ef4c12213a,USD,-3.195709,-2.319006,-2.319006
3ec9bbc1-611e-4dfa-904c-24c2230a82ae,CHF,-4.012442,-2.522109,-2.522109
054b63ef-0ff1-4383-8ee0-6fff8fc68a33,USD,-0.448069,-0.448069,-0.448069
b9bae49e-fdd7-4780-9c3b-020711cc324d,USD,-5.182359,-5.182359,-5.182359
6dd94bff-3057-4b89-a169-f1d825589d4d,EUR,-4.065399,-2.141756,-2.141756
124a7ac8-e396-4473-845f-15d821f643bf,SGD,-1.524832,-1.524832,-1.524832
a0c07d76-d019-4946-a9c5-17f9e90780fc,EUR,-0.802663,-1.050234,-1.050234
c9264ed6-a2c1-472b-9dd2-756b52417831,EUR,-3.833338,-1.193462,-1.193462
46010ecf-7f3c-4fc9-8335-a3a24e4f3f12,USD,-3.408257,-3.408257,-3.408257
18510d09-8183-4f44-acdc-d31ccc52a0f9,EUR,-3.336518,-3.336518,-3.336518
8759d8e4-f3b4-4f8a-86ac-6030607e9024,GBP,-2.240736,7.041179,7.041179
0f95dca1-a465-4a4e-b201-f2d5c4c2be78,USD,-0.070735,-1.188902,-1.188902
b68772a0-9a54-4e27-9737-d71a63f6ddad,CNY,-0.096119,-0.096119,-0.096119
510ba023-05ed-48a2-86e1-2084801b1540,USD,-2.138601,-17.268029,-17.268029
6e4bc552-e27c-451f-81b5-5a3a160e46e0,USD,-2.137464,-18.949451,-18.949451
72ba77a5-87e0-4f2d-8191-928f954a6b2a,USD,-4.860200,-4.177393,-4.177393
40ad4b0d-0583-4cfb-ab55-dc3228e2c63c,EUR,-0.846460,-0.846460,-0.846460
62cbaa17-f516-4eeb-addc-b5862c77cf57,SGD,-1.726061,-1.726061,-1.726061
e735efea-ab74-4a3c-ab9e-f697d181d235,USD,-2.050444,0.053459,0.053459
8bda539b-0c41-40be-a435-dc00a2b5f07b,USD,-3.094227,-2.054092,-2.054092
d8fb0e2f-1177-4709-878a-75dde7aef6f5,USD,-0.884515,-13.530781,-13.530781
68e85937-7ab6-426f-bab2-d4d6fd85feb9,USD,-2.190858,-2.930003,-2.930003
a91e3b2c-dac1-461d-b150-b35a08b38fe2,USD,-1.804421,-1.804421,-1.804421
96e05689-0002-4ebf-b802-e87f50d5d1b5,EUR,-3.909033,-2.921241,-2.921241
1acdce40-be20-498a-9660-7b8c672899be,USD,-4.000602,-4.092612,-4.092612
eefde568-bbcb-43a8-806a-01ed40fc1af9,EUR,-0.197461,-0.158612,-0.158612
e3351582-e632-4ae1-aa77-4b43f9c23b90,EUR,-2.466115,-3.386495,-3.386495
5741ae2d-f0bd-4d9b-ac22-3f0bf278e913,USD,-0.422191,-2.325091,-2.325091
5a5cfb5c-b97b-465f-a55b-baa75bad4310,EUR,-1.154836,-1.154836,-1.154836
3e082ee5-8e21-435d-b0ec-9174dc4425de,USD,-0.083043,-0.245449,-0.245449
d77e9189-9b2c-4ee5-8139-17a7215a738d,USD,-0.070735,-1.188902,-1.188902
dd2d0f22-08a6-4cc2-a9f3-6d366ed52359,CNY,-0.165966,-0.165966,-0.165966
1aff4dda-e351-486f-83c9-c0cbe6a38582,EUR,-1.005351,0.139600,0.139600
7832ed75-c176-43e3-8b61-3529ca647433,EUR,-5.195326,-4.215678,-4.215678
2ec33b31-b645-491b-aba5-1ae2f54e7789,EUR,-0.523353,-0.523353,-0.523353
87fcb7bc-6544-42b9-83c5-f21c15d7c90f,EUR,-5.840558,-4.521127,-4.521127
ae02bd05-2471-41df-baeb-25ab63285b73,INR,-0.007832,-0.087495,-0.087495
50bda133-4967-4921-8bf3-929cb8c3777a,USD,-4.521456,-4.621766,-4.621766
c2a12954-a899-4465-a908-42a671f6c618,USD,-7.962763,-7.993647,-7.993647
06fde5d7-9884-4854-aba3-7447600f64c5,EUR,-0.154861,8.622346,8.622346
8f7876f2-6fa2-40d5-9a1d-94ce05dc1313,USD,-0.148506,-0.148506,-0.148506
78ab0c77-f700-4770-be7b-20b3ebb69345,EUR,-3.292675,-3.059785,-3.059785
30f5aeb5-e21c-4724-9115-35dc423f486c,USD,-1.090401,-1.090401,-1.090401
57a7a59b-ab7b-4820-b502-b179dc29d762,CHF,-1.027597,-1.027597,-1.027597
74b6fcbf-7697-4c36-81bb-1656b0697d76,USD,-1.116566,-1.116566,-1.116566
ce91fefe-6785-4e24-ba8d-eb29a0c6593b,USD,-1.170052,-1.170052,-1.170052
0efe40e2-9dac-435f-bfe9-c6ce573e340b,USD,-2.240906,-2.710969,-2.710969
8a011408-9a1f-4e24-acc8-3bad95ba579b,EUR,-3.570888,-1.912646,-1.912646
0e25c8b1-3695-42da-b515-f81796206098,EUR,-2.691254,-2.691254,-2.691254
c5e0a08d-6ce3-4b49-8413-be9eaa6ae2e8,EUR,-0.824664,-1.073609,-1.073609
88ececf0-f59c-4c51-9d4e-4b57d15c5bc9,NOK,-0.016280,-0.016280,-0.016280
9add442c-9715-40b3-9097-afdb4dc86122,EUR,-4.991309,-4.743576,-4.743576
3c7bcc40-34a1-479a-bcb0-66b596f463b1,USD,-0.083737,-0.723204,-0.723204
5cb097da-229b-4380-84f4-bb3dc88cd228,SEK,-0.000988,0.128615,0.128615
e06709a4-51a5-4f2a-9505-797bf647a120,EUR,-2.808263,-2.956270,-2.956270
cb77c3f2-51a0-40de-96a9-9981047e9e3b,GBP,-4.212848,-4.041645,-4.041645
1ac67dae-dcb0-46af-b96d-e30a1911eb04,EUR,-0.088620,-0.179449,-0.179449
6960db65-f3f5-4536-813f-c81d7f905b08,EUR,-1.840110,-1.693468,-1.693468
467a407e-573d-4eeb-bead-1ebd41001513,EUR,-1.839341,-1.643438,-1.643438
e26b2898-bd8a-45e0-a271-1e9d9b90eeb7,USD,-1.036570,-1.036570,-1.036570
b5be088a-80d3-4d1e-8755-aa38cd0372da,EUR,-0.242551,-0.242551,-0.242551
55c48966-0eaa-4c67-a87c-1c67c92f088e,USD,-0.533991,-0.533991,-0.533991
11a9e024-c8b1-4da0-bc64-da0655401e7f,USD,-0.214382,-1.893258,-1.893258
452c609a-7d36-47b7-9b41-e187f708d969,NOK,-0.005005,-0.009366,-0.009366
54d65708-1f4b-4d5a-a1ff-81aba9479ab0,SGD,-3.457664,-3.457664,-3.457664
6e9b8bde-5aea-4947-8df0-9074e6c4fb01,EUR,-2.256395,-2.483880,-2.483880
281c4a7e-206b-4ad2-9dbd-5ab51a9fa14e,EUR,-1.330172,-1.259761,-1.259761
ebb3d424-c8ae-4bac-aa7e-eae6a6c44cd4,CHF,-0.590371,-0.590371,-0.590371
fee30e0b-03fc-4f69-b416-08bc3487bb42,USD,-1.211606,-1.721375,-1.721375
adcb909a-bb07-481d-848a-c8b910d14e8a,USD,-0.059724,-0.059724,-0.059724
c16b1357-291e-40f9-b065-a5f394f48640,EUR,-3.663947,-3.663947,-3.663947
0c04c37f-2554-4ffe-8521-5509e4ad070d,GBP,-8.098093,-2.895950,-2.895950
9e2e09b2-bef3-48a2-9163-9ad1d159d35a,EUR,-0.820746,-0.820746,-0.820746
8456da7e-9e74-4081-9d17-86d5ea470c78,EUR,-0.599084,0.978225,0.978225
88f0daef-aa5e-4e69-a0d8-94a34f956cf4,USD,-4.805574,-4.640002,-4.640002
87f95fe7-fd88-4e2d-83c0-001f7265fb87,CAD,-0.060258,-4.906143,-4.906143
07ece0d6-2ed8-400a-a79d-1138bd3e8653,SGD,-0.165290,-0.165290,-0.165290
8d1ccffb-603e-4d39-b67b-a5aec8d0bb1f,GBP,-8.369649,-8.369649,-8.369649
816e00b2-e69e-455a-9135-f00e70a69186,CNY,-0.055472,-0.055472,-0.055472
d3700802-9cbf-43e7-8193-4fda878374dc,USD,-0.407924,-0.407924,-0.407924
a79062ac-478d-4ae1-bdcf-00e8df7ad1e3,EUR,-0.085497,-0.085497,-0.085497
0c87680b-86d7-447c-907e-07e6fc9d1562,USD,-0.257061,1.299920,1.299920
66f5c252-fd5f-4f87-a218-10dd17dbc654,USD,-0.549068,-2.829591,-2.829591
29d00e34-efee-48e7-b18e-3fa34c6b9a46,USD,-3.087390,-3.404211,-3.404211
7508e361-8148-4672-9dbc-e4453c2cfb3b,USD,-4.496956,-4.735763,-4.735763
a47d84d3-7482-41a1-a963-21ef1050841e,USD,-7.998784,-7.998784,-7.998784
ec5e6398-2e3a-4c2b-98ec-a61cc253037e,EUR,-1.038141,-0.728576,-0.728576
0b5f1f57-ada3-4b3c-a930-03a542f5ca48,EUR,-1.326484,-2.326979,-2.326979
64987d72-e652-414e-9165-ffa2e47a8687,INR,-0.086095,-0.150071,-0.150071
8dfe5c5d-b755-4ad9-8711-ac0e605544fc,EUR,-0.934078,-1.276250,-1.276250
c1033ba5-9af5-433d-81e4-435cb7c7ffc5,EUR,-1.415902,0.153918,0.153918
289de496-fadc-454d-96cc-ac8894387d3c,USD,-0.286184,-0.286184,-0.286184
99e5b919-a5b2-4a4b-94d6-c3645a2f0150,SGD,-0.135091,-2.178508,-2.178508
1800bb07-0973-4c8e-9d6e-308ad14baa17,EUR,-4.614672,-4.813693,-4.813693
e11c296a-4b9f-4983-bab2-d1f16f6261cf,EUR,-0.156979,6.335757,6.335757
dc093cc6-bfc1-4a1d-a211-3cf660182337,USD,-0.221873,-0.221873,-0.221873
051c5dc2-e562-49a3-b075-444a61dcadea,USD,-9.943025,-8.311787,-8.311787
af3e9974-2765-4e6d-9cd7-57bf9449db5c,USD,-2.378888,-2.295157,-2.295157
3d9430d2-7103-4bb2-9595-0842b64622aa,USD,-3.625476,-3.872661,-3.872661
f63c14cd-8e9e-4190-b4a5-1213a3412930,GBP,-5.943240,-6.226308,-6.226308
3f4f28c3-fe7d-40ae-9e9d-75b4c7f25a4d,USD,-3.813889,-3.813889,-3.813889
09c1cd11-e768-46fa-a35f-cc642e80ab33,USD,-2.022425,-2.151116,-2.151116
6dbe7eab-0eb8-4889-99ff-493b54441948,USD,-3.666959,-3.666959,-3.666959
3c986f33-2a17-46fd-bc2f-f8257ec5804f,USD,-3.465824,-3.465824,-3.465824
a3ca4ecc-3e25-4953-884f-27dc2922ded3,EUR,-0.862472,-0.862472,-0.862472
089b60fd-7c77-4cb5-9667-19d17d1c75fc,CNY,-0.178564,-0.656041,-0.656041
2fc87cf1-b69e-4cfc-ad9d-9c4200c2ce87,USD,-3.075824,-3.197858,-3.197858
51fae061-d34f-4484-bdae-d3e62b8fd340,USD,-1.503563,-1.503563,-1.503563
b796e2c5-6ef3-457d-8e48-c4e83d7b724d,USD,-0.402400,-0.402400,-0.402400
b447f088-a864-4bb8-9dfc-b5bb5ad47d5a,USD,-0.082677,-0.867359,-0.867359
0daf7155-64cf-4bfc-a682-e8f9cfeee417,USD,-0.646422,-0.646422,-0.646422
d8680933-0d28-48e5-b3e5-b26bb43528ea,USD,-1.948616,-0.420607,-0.420607
23f5046e-65f8-4207-a64a-36535d4cc578,USD,-1.719097,-1.719097,-1.719097
a34c7305-370e-455b-8f58-5e941e816acd,USD,-3.969890,-4.171325,-4.171325
35236a71-8faa-429f-a217-cb142b4a6afb,EUR,-3.871944,-3.585511,-3.585511
efd4c8b3-8a95-4d74-bed0-1c03c924a9c9,EUR,-2.426626,4.946106,4.946106
d29782ba-8fa0-41f4-8c73-15136984c9fb,USD,-2.929043,-2.624601,-2.624601
a57e9813-aefd-49a6-a95b-2e120b516fe4,USD,-3.455875,-3.292350,-3.292350
94427391-256d-4ff5-867d-cdece6f9de50,USD,-1.886400,-1.886400,-1.886400
