id,M12,Y7,Y20,Y50
2022-01-03,0.010998,0.009605,0.007734,0.006005
2022-01-04,0.011234,0.009758,0.007775,0.005943
2022-01-05,0.010952,0.009598,0.007780,0.006100
2022-01-06,0.012631,0.010119,0.006746,0.003629
2022-01-07,0.012965,0.010607,0.007441,0.004515
2022-01-10,0.013281,0.010864,0.007618,0.004619
2022-01-11,0.013558,0.011190,0.008011,0.005073
2022-01-12,0.013582,0.011344,0.008338,0.005560
2022-01-13,0.013388,0.010885,0.007524,0.004419
2022-01-14,0.012537,0.010260,0.007204,0.004380
2022-01-17,0.012314,0.010742,0.008632,0.006681
2022-01-18,0.013607,0.011687,0.009109,0.006728
2022-01-19,0.013654,0.011762,0.009221,0.006873
2022-01-20,0.013416,0.011703,0.009403,0.007278
2022-01-21,0.011430,0.010757,0.009853,0.009017
2022-01-24,0.011648,0.010668,0.009351,0.008135
2022-01-25,0.012559,0.010969,0.008833,0.006859
2022-01-26,0.012628,0.011069,0.008976,0.007041
2022-01-27,0.013019,0.011273,0.008929,0.006763
2022-01-28,0.013404,0.011663,0.009325,0.007164
2022-01-31,0.014696,0.012566,0.009708,0.007066
2022-02-01,0.015450,0.013374,0.010586,0.008010
2022-02-02,0.016172,0.013717,0.010420,0.007374
2022-02-03,0.015906,0.013900,0.011207,0.008718
2022-02-04,0.018238,0.015681,0.012248,0.009076
2022-02-07,0.019955,0.017323,0.013788,0.010522
2022-02-08,0.022049,0.018684,0.014165,0.009990
2022-02-09,0.022349,0.019527,0.015738,0.012237
2022-02-10,0.021845,0.018850,0.014829,0.011114
2022-02-11,0.023041,0.019968,0.015841,0.012029
2022-02-14,0.023432,0.021087,0.017938,0.015028
2022-02-15,0.023296,0.021540,0.019181,0.017002
2022-02-16,0.022568,0.021727,0.020599,0.019557
2022-02-17,0.021729,0.020685,0.019282,0.017985
2022-02-18,0.021302,0.020234,0.018800,0.017476
2022-02-21,0.021104,0.020543,0.019791,0.019095
2022-02-22,0.030398,0.024463,0.016494,0.009130
2022-02-23,0.029915,0.024993,0.018384,0.012278
2022-02-24,0.029749,0.025017,0.018664,0.012794
2022-02-25,0.028540,0.023755,0.017329,0.011391
2022-02-28,0.029757,0.025802,0.020492,0.015585
2022-03-01,0.027313,0.024914,0.021692,0.018715
2022-03-02,0.017630,0.018928,0.020671,0.022282
2022-03-03,0.018645,0.019651,0.021001,0.022248
2022-03-04,0.019792,0.020687,0.021889,0.023000
2022-03-07,0.016095,0.018296,0.021252,0.023983
2022-03-08,0.016829,0.018960,0.021821,0.024465
2022-03-09,0.018307,0.020616,0.023716,0.026581
2022-03-10,0.018865,0.021771,0.025672,0.029277
2022-03-11,0.021683,0.023603,0.026180,0.028562
2022-03-14,0.024153,0.025496,0.027299,0.028965
2022-03-15,0.023950,0.026234,0.029300,0.032133
2022-03-16,0.023076,0.025924,0.029748,0.033281
2022-03-17,0.014563,0.022651,0.033510,0.043545
2022-03-18,0.014989,0.022623,0.032872,0.042344
2022-03-21,0.015365,0.022298,0.031608,0.040211
2022-03-22,0.015950,0.023318,0.033211,0.042353
2022-03-23,0.015418,0.025446,0.038910,0.051351
2022-03-24,0.015753,0.025065,0.037569,0.049122
2022-03-25,0.020946,0.027420,0.036113,0.044146
2022-03-28,0.020950,0.027043,0.035224,0.042784
2022-03-29,0.023224,0.028055,0.034542,0.040536
2022-03-30,0.024113,0.029006,0.035576,0.041647
2022-03-31,0.025392,0.030269,0.036818,0.042869
2022-04-01,0.023908,0.028948,0.035715,0.041968
2022-04-04,0.022005,0.027406,0.034658,0.041360
2022-04-05,0.021512,0.026415,0.033000,0.039084
2022-04-06,0.021786,0.027731,0.035715,0.043092
2022-04-07,0.022041,0.028356,0.036836,0.044671
2022-04-08,0.021999,0.028702,0.037701,0.046017
2022-04-11,0.021557,0.029278,0.039646,0.049227
2022-04-12,0.023433,0.031078,0.041342,0.050828
2022-04-13,0.021863,0.031075,0.043445,0.054875
2022-04-14,0.021492,0.030473,0.042532,0.053675
2022-04-19,0.019035,0.030412,0.045689,0.059806
2022-04-20,0.018798,0.031865,0.049411,0.065623
2022-04-21,0.017788,0.030564,0.047718,0.063569
2022-04-22,0.018922,0.031252,0.047809,0.063108
2022-04-25,0.019008,0.032685,0.051049,0.068018
2022-04-26,0.018493,0.032011,0.050162,0.066935
2022-04-27,0.019040,0.031717,0.048738,0.064466
2022-04-28,0.017907,0.031692,0.050200,0.067303
2022-04-29,0.017993,0.033127,0.053447,0.072224
2022-05-02,0.020679,0.034719,0.053570,0.070989
2022-05-03,0.020595,0.036048,0.056797,0.075970
2022-05-04,0.020399,0.035671,0.056176,0.075124
2022-05-05,0.021207,0.036480,0.056987,0.075937
2022-05-06,0.020741,0.036775,0.058305,0.078200
2022-05-09,0.022129,0.040164,0.064381,0.086758
2022-05-10,0.022070,0.040766,0.065870,0.089067
2022-05-11,0.021332,0.039097,0.062949,0.084990
2022-05-12,0.021099,0.039322,0.063792,0.086402
2022-05-13,0.017956,0.035216,0.058391,0.079805
2022-05-16,0.017413,0.036694,0.062583,0.086506
2022-05-17,0.017271,0.036465,0.062238,0.086054
2022-05-18,0.018014,0.037415,0.063466,0.087537
2022-05-19,0.019321,0.037660,0.062285,0.085040
2022-05-20,0.020265,0.037143,0.059806,0.080747
2022-05-23,0.020607,0.037167,0.059403,0.079950
2022-05-24,0.022270,0.037567,0.058106,0.077086
2022-05-25,0.022585,0.037429,0.057359,0.075776
2022-05-26,0.021702,0.037651,0.059068,0.078857
2022-05-27,0.012434,0.034321,0.063710,0.090866
2022-05-30,0.012276,0.034122,0.063456,0.090562
2022-05-31,0.021025,0.038365,0.061648,0.083163
2022-06-01,0.021696,0.039794,0.064093,0.086546
2022-06-02,0.022298,0.040352,0.064595,0.086996
2022-06-03,0.022290,0.041520,0.067342,0.091202
2022-06-06,0.022995,0.041733,0.066892,0.090140
2022-06-07,0.023637,0.042030,0.066727,0.089549
2022-06-08,0.023205,0.041886,0.066968,0.090145
2022-06-09,0.023470,0.043414,0.070193,0.094939
2022-06-10,0.023821,0.044635,0.072581,0.098404
2022-06-13,0.025164,0.045761,0.073419,0.098975
2022-06-14,0.040998,0.052963,0.069028,0.083872
2022-06-15,0.029190,0.051186,0.080722,0.108014
2022-06-16,0.026784,0.050209,0.081663,0.110728
2022-06-17,0.043726,0.056482,0.073609,0.089435
2022-06-20,0.044169,0.058968,0.078838,0.097200
2022-06-21,0.027685,0.054158,0.089705,0.122551
2022-06-22,0.043750,0.059122,0.079763,0.098836
2022-06-23,0.029966,0.053183,0.084358,0.113165
2022-06-24,0.027775,0.049677,0.079085,0.106259
2022-06-27,0.007237,0.043269,0.091651,0.136357
2022-06-28,0.007484,0.044749,0.094785,0.141021
2022-06-29,0.007785,0.046546,0.098592,0.146684
2022-06-30,0.028779,0.051817,0.082750,0.111333
2022-07-01,0.025849,0.048740,0.079476,0.107878
2022-07-04,0.026391,0.026875,0.027526,0.028127
2022-07-05,0.025408,0.025809,0.026347,0.026844
2022-07-06,0.056666,0.099405,0.156791,0.209817
2022-07-07,0.054391,0.104461,0.171691,0.233814
2022-07-11,0.029525,0.047775,0.072280,0.094923
2022-07-12,0.037910,0.049547,0.065172,0.079611
2022-07-13,0.026488,0.044450,0.068567,0.090853
2022-07-14,0.035515,0.047812,0.064324,0.079581
2022-07-15,0.030931,0.047010,0.068598,0.088547
2022-07-18,0.028519,0.045452,0.068188,0.089198
2022-07-19,0.027388,0.046022,0.071042,0.094161
2022-07-20,0.028588,0.047571,0.073061,0.096614
2022-07-21,0.026721,0.045898,0.071649,0.095443
2022-07-22,0.028644,0.045621,0.068417,0.089481
2022-07-25,0.026759,0.042559,0.063774,0.083378
2022-07-26,0.026545,0.041791,0.062263,0.081179
2022-07-28,0.026305,0.040281,0.059048,0.076388
2022-07-29,0.026249,0.039170,0.056519,0.072550
2022-08-01,0.025702,0.038082,0.054704,0.070064
2022-08-02,0.019866,0.035522,0.056542,0.075966
2022-08-03,0.020531,0.035888,0.056509,0.075564
2022-08-04,0.021889,0.036976,0.057233,0.075952
2022-08-05,0.022134,0.036258,0.055223,0.072748
2022-08-08,0.021899,0.036944,0.057146,0.075814
2022-08-09,0.022137,0.036529,0.055852,0.073708
2022-08-10,0.022557,0.037408,0.057348,0.075774
2022-08-11,0.025519,0.037318,0.053160,0.067798
2022-08-12,0.025076,0.038408,0.056309,0.072849
2022-08-15,0.025019,0.037539,0.054349,0.069882
2022-08-16,0.024633,0.036156,0.051627,0.065924
2022-08-17,0.026274,0.037592,0.052787,0.066829
2022-08-18,0.026823,0.038670,0.054578,0.069277
2022-08-19,0.017813,0.036073,0.060592,0.083248
2022-08-22,0.029237,0.043125,0.061773,0.079004
2022-08-23,0.030888,0.044384,0.062505,0.079250
2022-08-24,0.030397,0.045515,0.065814,0.084571
2022-08-25,0.030888,0.046652,0.067818,0.087376
2022-08-26,0.028550,0.045478,0.068208,0.089212
2022-08-29,0.032149,0.048509,0.070477,0.090776
2022-08-30,0.033385,0.050216,0.072815,0.093697
2022-08-31,0.035099,0.050917,0.072156,0.091781
2022-09-01,0.035562,0.050777,0.071207,0.090085
2022-09-02,0.034598,0.051222,0.073544,0.094170
2022-09-05,0.036481,0.052658,0.074379,0.094450
2022-09-06,0.031952,0.053528,0.082499,0.109269
2022-09-07,0.033560,0.053598,0.080502,0.105363
2022-09-08,0.033986,0.052412,0.077153,0.100015
2022-09-09,0.034621,0.053330,0.078449,0.101661
2022-09-12,0.035675,0.054030,0.078676,0.101449
2022-09-13,0.034990,0.053396,0.078109,0.100946
2022-09-14,0.037263,0.055074,0.078989,0.101088
2022-09-15,0.041082,0.056674,0.077609,0.096955
2022-09-16,0.033662,0.053957,0.081207,0.106387
2022-09-19,0.035071,0.054678,0.081005,0.105333
2022-09-20,0.035291,0.055484,0.082598,0.107652
2022-09-21,0.041940,0.059519,0.083124,0.104935
2022-09-22,0.042711,0.059398,0.081804,0.102508
2022-09-23,0.044436,0.061173,0.083645,0.104410
2022-09-26,0.048477,0.062718,0.081840,0.099509
2022-09-27,0.052875,0.066253,0.084217,0.100816
2022-09-28,0.052047,0.067854,0.089078,0.108690
2022-09-29,0.049404,0.068287,0.093642,0.117070
2022-09-30,0.051347,0.069696,0.094333,0.117100
2022-10-03,0.051346,0.069258,0.093309,0.115533
2022-10-04,0.048827,0.065244,0.087288,0.107657
2022-10-05,0.045737,0.063013,0.086211,0.107646
2022-10-06,0.060823,0.069715,0.081654,0.092686
2022-10-07,0.061417,0.071222,0.084388,0.096554
2022-10-10,0.060622,0.072057,0.087411,0.101599
2022-10-11,0.059042,0.071972,0.089333,0.105375
2022-10-12,0.058445,0.073336,0.093330,0.111805
2022-10-13,0.055378,0.073354,0.097490,0.119793
2022-10-14,0.054961,0.071790,0.094387,0.115267
2022-10-17,0.046426,0.070945,0.103868,0.134289
2022-10-18,0.047212,0.070513,0.101799,0.130709
2022-10-19,0.047245,0.069321,0.098963,0.126354
2022-10-20,0.048081,0.070017,0.099471,0.126687
2022-10-21,0.048318,0.071009,0.101477,0.129630
2022-10-24,0.048967,0.072988,0.105242,0.135045
2022-10-25,0.048172,0.071218,0.102163,0.130756
2022-10-26,0.047021,0.067604,0.095240,0.120778
2022-10-27,0.047318,0.067158,0.093796,0.118411
2022-10-28,0.043260,0.064903,0.093964,0.120817
2022-10-31,0.045849,0.065563,0.092033,0.116493
2022-11-01,0.046044,0.066336,0.093583,0.118760
2022-11-02,0.045415,0.066540,0.094906,0.121117
2022-11-03,0.046307,0.066305,0.093158,0.117970
2022-11-04,0.049052,0.068894,0.095537,0.120155
2022-11-07,0.048266,0.068537,0.095756,0.120906
2022-11-08,0.047982,0.068524,0.096107,0.121594
2022-11-09,0.048446,0.066783,0.091406,0.114158
2022-11-10,0.048208,0.065387,0.088453,0.109768
2022-11-11,0.047444,0.062029,0.081612,0.099708
2022-11-14,0.047427,0.064772,0.088061,0.109581
2022-11-15,0.040661,0.062036,0.090736,0.117257
2022-11-16,0.042525,0.060580,0.084824,0.107226
2022-11-17,0.041432,0.059871,0.084628,0.107505
2022-11-18,0.042039,0.060597,0.085516,0.108542
2022-11-21,0.042755,0.060754,0.084921,0.107253
2022-11-22,0.043320,0.059665,0.081611,0.101891
2022-11-23,0.043206,0.059876,0.082258,0.102941
2022-11-24,0.044752,0.059228,0.078665,0.096626
2022-11-25,0.043747,0.057987,0.077107,0.094775
2022-11-28,0.045287,0.059643,0.078918,0.096729
2022-11-29,0.044903,0.059512,0.079128,0.097254
2022-11-30,0.043552,0.058875,0.079450,0.098461
2022-12-01,0.044730,0.059524,0.079389,0.097745
2022-12-02,0.042494,0.057455,0.077544,0.096107
2022-12-05,0.043025,0.056821,0.075345,0.092463
2022-12-06,0.044224,0.057487,0.075295,0.091750
2022-12-07,0.044364,0.056059,0.071764,0.086275
2022-12-08,0.043611,0.055802,0.072172,0.087298
2022-12-09,0.043987,0.056273,0.072770,0.088015
2022-12-12,0.043700,0.057017,0.074899,0.091421
2022-12-13,0.044871,0.056813,0.072849,0.087666
2022-12-14,0.043960,0.057065,0.074661,0.090921
2022-12-15,0.043383,0.056600,0.074347,0.090746
2022-12-16,0.046254,0.059277,0.076764,0.092922
2022-12-19,0.046292,0.062554,0.084390,0.104567
2022-12-20,0.044955,0.062210,0.085380,0.106789
2022-12-21,0.045601,0.063811,0.088262,0.110855
2022-12-22,0.045131,0.064513,0.090538,0.114585
2022-12-23,0.045274,0.065792,0.093341,0.118798
2022-12-27,0.045239,0.065833,0.093485,0.119037
2022-12-28,0.046729,0.067975,0.096502,0.122862
2022-12-29,0.046726,0.067899,0.096329,0.122599
2022-12-30,0.047158,0.067210,0.094133,0.119012
2023-01-02,0.047901,0.068193,0.095439,0.120616
2023-01-03,0.047734,0.066342,0.091327,0.114415
2023-01-04,0.048622,0.064975,0.086934,0.107224
2023-01-05,0.046594,0.063081,0.085218,0.105673
2023-01-06,0.046739,0.064369,0.088041,0.109915
2023-01-09,0.044798,0.063447,0.088487,0.111624
2023-01-10,0.044832,0.063955,0.089633,0.113360
2023-01-11,0.047809,0.065272,0.088719,0.110386
2023-01-12,0.048555,0.063419,0.083378,0.101821
2023-01-13,0.047382,0.062182,0.082055,0.100418
2023-01-16,0.046933,0.060968,0.079813,0.097226
2023-01-17,0.047374,0.061337,0.080084,0.097408
2023-01-18,0.047816,0.060126,0.076654,0.091928
2023-01-19,0.048513,0.058681,0.072333,0.084949
2023-01-20,0.048060,0.060366,0.076890,0.092158
2023-01-23,0.047418,0.061650,0.080760,0.098418
2023-01-24,0.041857,0.061381,0.087596,0.111820
2023-01-25,0.042203,0.061523,0.087464,0.111435
2023-01-26,0.042248,0.060971,0.086112,0.109342
2023-01-27,0.040980,0.061059,0.088019,0.112931
2023-01-30,0.041750,0.062293,0.089877,0.115365
2023-01-31,0.043359,0.062858,0.089040,0.113232
2023-02-01,0.050344,0.064974,0.084619,0.102771
2023-02-02,0.053227,0.065106,0.081057,0.095797
2023-02-03,0.058571,0.063238,0.069504,0.075295
2023-02-06,0.055430,0.064253,0.076101,0.087049
2023-02-07,0.055167,0.065285,0.078871,0.091425
2023-02-08,0.054792,0.065642,0.080211,0.093673
2023-02-09,0.054309,0.065849,0.081345,0.095663
2023-02-10,0.050797,0.063974,0.081669,0.098019
2023-02-13,0.050405,0.064287,0.082926,0.100149
2023-02-14,0.043956,0.062707,0.087885,0.111150
2023-02-15,0.044840,0.064110,0.089984,0.113893
2023-02-16,0.044929,0.064900,0.091716,0.116495
2023-02-17,0.044474,0.065258,0.093165,0.118953
2023-02-20,0.046878,0.065179,0.089752,0.112459
2023-02-21,0.046597,0.065037,0.089798,0.112677
2023-02-22,0.046742,0.066729,0.093567,0.118366
2023-02-23,0.046736,0.066787,0.093710,0.118588
2023-02-24,0.045828,0.066305,0.093802,0.119209
2023-02-27,0.047785,0.067824,0.094732,0.119596
2023-02-28,0.047627,0.068654,0.096889,0.122979
2023-03-01,0.047342,0.070190,0.100867,0.129215
2023-03-02,0.048520,0.070929,0.101019,0.128823
2023-03-03,0.047948,0.071168,0.102346,0.131156
2023-03-06,0.048696,0.070517,0.099815,0.126888
2023-03-07,0.049407,0.069758,0.097085,0.122335
2023-03-08,0.049097,0.070194,0.098520,0.124695
2023-03-09,0.050453,0.068904,0.093678,0.116570
2023-03-10,0.051104,0.069213,0.093530,0.115999
2023-03-13,0.028098,0.062843,0.109497,0.152607
2023-03-14,0.028490,0.060505,0.103492,0.143213
2023-03-15,0.032284,0.063684,0.105845,0.144804
2023-03-16,0.030282,0.060341,0.100701,0.137996
2023-03-17,0.032710,0.061530,0.100226,0.135983
2023-03-20,0.030287,0.064204,0.109746,0.151828
2023-03-21,0.028397,0.064642,0.113309,0.158279
2023-03-22,0.037485,0.068002,0.108977,0.146841
2023-03-23,0.026684,0.070629,0.129636,0.184160
2023-03-24,0.026997,0.069096,0.125624,0.177857
2023-03-27,0.028610,0.061148,0.104839,0.145210
2023-03-28,0.029378,0.063256,0.108746,0.150780
2023-03-29,0.034545,0.064441,0.104583,0.141676
2023-03-30,0.034788,0.065753,0.107330,0.145750
2023-03-31,0.037894,0.066732,0.105454,0.141234
2023-04-03,0.044948,0.069482,0.102424,0.132864
2023-04-04,0.045365,0.067598,0.097452,0.125037
2023-04-05,0.044362,0.067535,0.098651,0.127403
2023-04-06,0.042415,0.066020,0.097714,0.127001
2023-04-11,0.041094,0.063787,0.094258,0.122414
2023-04-12,0.042175,0.065753,0.097412,0.126666
2023-04-13,0.042724,0.067188,0.100037,0.130390
2023-04-14,0.042318,0.066669,0.099367,0.129581
2023-04-17,0.055372,0.071700,0.093624,0.113882
2023-04-18,0.054490,0.072836,0.097470,0.120232
2023-04-19,0.053300,0.072351,0.097931,0.121568
2023-04-20,0.054551,0.072550,0.096718,0.119049
2023-04-21,0.052618,0.072134,0.098339,0.122553
2023-04-24,0.049810,0.071960,0.101701,0.129183
2023-04-25,0.049283,0.072260,0.103112,0.131620
2023-04-26,0.040173,0.068208,0.105850,0.140632
2023-04-27,0.038441,0.067467,0.106441,0.142454
2023-04-28,0.039941,0.068994,0.108005,0.144052
2023-05-02,0.040822,0.068149,0.104842,0.138747
2023-05-03,0.040800,0.067010,0.102202,0.134721
2023-05-04,0.041164,0.066670,0.100919,0.132566
2023-05-05,0.037933,0.065444,0.102385,0.136519
2023-05-08,0.039927,0.067318,0.104097,0.138083
2023-05-09,0.040822,0.068058,0.104629,0.138422
2023-05-10,0.040174,0.068135,0.105677,0.140368
2023-05-11,0.039539,0.067288,0.104547,0.138976
2023-05-12,0.017899,0.061282,0.119534,0.173361
2023-05-15,0.018980,0.062009,0.119784,0.173171
2023-05-16,0.012418,0.061777,0.128054,0.189296
2023-05-17,0.010916,0.062013,0.130623,0.194020
2023-05-18,0.012516,0.062431,0.129454,0.191386
2023-05-19,0.013860,0.064938,0.133523,0.196898
2023-05-22,0.015450,0.065056,0.131662,0.193209
2023-05-23,0.023995,0.066297,0.123098,0.175583
2023-05-24,0.015284,0.064239,0.129972,0.190713
2023-05-25,0.019408,0.064356,0.124710,0.180478
2023-05-26,0.021034,0.065157,0.124401,0.179145
2023-05-29,0.020323,0.064928,0.124819,0.180161
2023-05-30,0.024368,0.063806,0.116761,0.165692
2023-05-31,0.024463,0.063020,0.114792,0.162631
2023-06-01,0.024860,0.061757,0.111301,0.157080
2023-06-02,0.023305,0.060933,0.111456,0.158142
2023-06-05,0.023510,0.061767,0.113135,0.160602
2023-06-06,0.023102,0.061929,0.114062,0.162236
2023-06-07,0.021191,0.062225,0.117322,0.168234
2023-06-08,0.020222,0.062506,0.119282,0.171745
2023-06-09,0.020593,0.062894,0.119694,0.172179
2023-06-12,0.021461,0.062546,0.117711,0.168687
2023-06-13,0.020574,0.062407,0.118578,0.170481
2023-06-14,0.016786,0.062240,0.123271,0.179667
2023-06-15,0.015750,0.063050,0.126561,0.185247
2023-06-16,0.017083,0.062926,0.124481,0.181361
2023-06-19,0.018016,0.063500,0.124573,0.181007
2023-06-20,0.016802,0.064019,0.127419,0.186003
2023-06-21,0.018770,0.062561,0.121361,0.175694
2023-06-22,0.019045,0.063392,0.122938,0.177961
2023-06-23,0.020875,0.064083,0.122098,0.175707
2023-06-26,0.025089,0.063423,0.114894,0.162455
2023-06-27,0.023169,0.062838,0.116102,0.165320
2023-06-28,0.023012,0.062961,0.116603,0.166169
2023-06-29,0.023781,0.063494,0.116819,0.166093
2023-06-30,0.018726,0.063597,0.123846,0.179519
2023-07-03,0.025221,0.063563,0.115047,0.162620
2023-07-04,0.024522,0.063308,0.115387,0.163509
2023-07-05,0.023389,0.063712,0.117855,0.167885
2023-07-06,0.022725,0.064359,0.120263,0.171920
2023-07-07,0.019199,0.066780,0.130668,0.189703
2023-07-10,0.018754,0.066319,0.130186,0.189201
2023-07-11,0.016787,0.066380,0.132970,0.194501
2023-07-12,0.010944,0.065432,0.138595,0.206200
2023-07-13,0.011130,0.064005,0.135002,0.200606
2023-07-14,0.010328,0.061753,0.130802,0.194606
2023-07-17,0.010429,0.061721,0.130593,0.194232
2023-07-18,0.011372,0.060917,0.127443,0.188916
2023-07-19,0.014938,0.059662,0.119713,0.175204
2023-07-20,0.011513,0.060079,0.125290,0.185547
2023-07-21,0.010890,0.061091,0.128499,0.190785
2023-07-24,0.011871,0.060570,0.125958,0.186380
2023-07-25,0.013778,0.059830,0.121665,0.178803
2023-07-26,0.012775,0.060328,0.124178,0.183178
2023-07-27,0.012559,0.060165,0.124086,0.183152
2023-07-28,0.009936,0.059408,0.125836,0.187217
2023-07-31,0.010062,0.060159,0.127427,0.189584
2023-08-01,0.010066,0.060182,0.127475,0.189656
2023-08-02,0.010171,0.060814,0.128813,0.191647
2023-08-03,0.010148,0.060675,0.128518,0.191208
2023-08-04,0.010305,0.061616,0.130511,0.194174
2023-08-07,0.010982,0.061629,0.129634,0.192473
2023-08-08,0.011687,0.061764,0.129005,0.191137
2023-08-09,0.011669,0.060507,0.126081,0.186675
2023-08-10,0.010371,0.060752,0.128399,0.190908
2023-08-11,0.010199,0.060978,0.129161,0.192164
2023-08-14,0.010360,0.061945,0.131209,0.195212
2023-08-15,0.010443,0.062441,0.132260,0.196776
2023-08-16,0.010435,0.062393,0.132158,0.196623
2023-08-17,0.010441,0.062426,0.132228,0.196728
2023-08-18,0.010490,0.062718,0.132846,0.197647
2023-08-21,0.010475,0.062632,0.132664,0.197376
2023-08-22,0.010640,0.063616,0.134749,0.200478
2023-08-23,0.010501,0.062785,0.132989,0.197860
2023-08-24,0.010157,0.060726,0.128627,0.191370
2023-08-25,0.010152,0.060698,0.128567,0.191280
2023-08-28,0.009547,0.057080,0.120903,0.179879
2023-08-29,0.010571,0.063204,0.133876,0.199179
2023-08-30,0.010549,0.063070,0.133592,0.198758
2023-08-31,0.010444,0.062446,0.132269,0.196789
2023-09-01,0.010282,0.061476,0.130215,0.193733
2023-09-04,0.010147,0.060666,0.128500,0.191182
2023-09-05,0.010393,0.062137,0.131615,0.195816
2023-09-06,0.010522,0.062909,0.133251,0.198249
2023-09-07,0.010600,0.063374,0.134236,0.199716
2023-09-08,0.010505,0.062809,0.133039,0.197934
2023-09-11,0.010312,0.061656,0.130597,0.194301
2023-09-12,0.010356,0.061920,0.131155,0.195132
2023-09-13,0.010446,0.062457,0.132294,0.196825
2023-09-14,0.010381,0.062070,0.131474,0.195605
2023-09-15,0.010253,0.061305,0.129854,0.193195
2023-09-18,0.010311,0.061649,0.130583,0.194280
2023-09-19,0.010360,0.061941,0.131201,0.195199
2023-09-20,0.010381,0.062070,0.131475,0.195607
2023-09-21,0.010372,0.062014,0.131355,0.195429
2023-09-22,0.010494,0.062744,0.132901,0.197729
2023-09-25,0.010298,0.061569,0.130413,0.194027
2023-09-26,0.010444,0.062443,0.132264,0.196781
2023-09-27,0.010378,0.062053,0.131437,0.195551
2023-09-28,0.011099,0.066358,0.140556,0.209118
2023-09-29,0.009778,0.058460,0.123828,0.184230
2023-10-02,0.011310,0.067621,0.143232,0.213099
2023-10-03,0.011460,0.068521,0.145138,0.215935
2023-10-04,0.011727,0.070114,0.148512,0.220955
2023-10-05,0.011826,0.070709,0.149773,0.222831
2023-10-06,0.011519,0.068874,0.145885,0.217046
2023-10-09,0.011664,0.069737,0.147714,0.219767
2023-10-10,0.011447,0.068444,0.144974,0.215691
2023-10-11,0.011479,0.068634,0.145376,0.216290
2023-10-12,0.011229,0.067137,0.142205,0.211572
2023-10-13,0.011377,0.068020,0.144077,0.214356
2023-10-16,0.011297,0.067542,0.143065,0.212850
2023-10-17,0.013187,0.069887,0.146020,0.216370
2023-10-18,0.012678,0.071932,0.151493,0.225011
2023-10-19,0.013923,0.072044,0.150086,0.222199
2023-10-20,0.013375,0.072536,0.151975,0.225378
2023-10-23,0.012350,0.073839,0.156403,0.232695
2023-10-24,0.012623,0.073129,0.154371,0.229442
2023-10-25,0.014292,0.072058,0.149621,0.221293
2023-10-26,0.012950,0.072866,0.153317,0.227657
2023-10-27,0.013361,0.071977,0.150683,0.223410
2023-10-30,0.014250,0.070824,0.146788,0.216982
2023-10-31,0.013675,0.070444,0.146669,0.217104
2023-11-01,0.015643,0.069484,0.141777,0.208579
2023-11-02,0.015425,0.068934,0.140781,0.207171
2023-11-03,0.017905,0.067992,0.135245,0.197389
2023-11-06,0.036708,0.068465,0.111106,0.150509
2023-11-07,0.034812,0.069196,0.115365,0.158026
2023-11-08,0.026371,0.067185,0.121986,0.172625
2023-11-09,0.025579,0.066420,0.121259,0.171932
2023-11-10,0.025487,0.066851,0.122392,0.173714
2023-11-13,0.015328,0.066402,0.134980,0.198350
2023-11-14,0.023715,0.066937,0.124973,0.178600
2023-11-15,0.022171,0.064903,0.122280,0.175298
2023-11-16,0.021026,0.065661,0.125593,0.180972
2023-11-17,0.022503,0.064812,0.121622,0.174116
2023-11-20,0.022064,0.064792,0.122164,0.175177
2023-11-21,0.023777,0.066531,0.123938,0.176984
2023-11-22,0.022450,0.063678,0.119035,0.170188
2023-11-23,0.018758,0.063696,0.124037,0.179793
2023-11-24,0.018577,0.064955,0.127227,0.184769
2023-11-27,0.023546,0.065748,0.122414,0.174776
2023-11-28,0.024470,0.064131,0.117384,0.166593
2023-11-29,0.025096,0.063728,0.115599,0.163531
2023-11-30,0.027856,0.062648,0.109363,0.152529
2023-12-01,0.027689,0.063484,0.111547,0.155958
2023-12-04,0.024549,0.062271,0.112922,0.159725
2023-12-05,0.030034,0.059856,0.099899,0.136900
2023-12-06,0.030777,0.058452,0.095612,0.129949
2023-12-07,0.031149,0.057873,0.093757,0.126915
2023-12-08,0.031149,0.057873,0.093757,0.126915
2023-12-11,0.029582,0.057985,0.096122,0.131362
2023-12-12,0.027659,0.057894,0.098492,0.136006
2023-12-13,0.031149,0.057873,0.093757,0.126915
2023-12-14,0.034272,0.057745,0.089263,0.118386
2023-12-15,0.035442,0.057452,0.087004,0.114312
2023-12-18,0.035529,0.057518,0.087043,0.114326
2023-12-19,0.034009,0.056448,0.086577,0.114418
2023-12-20,0.035557,0.055757,0.082880,0.107942
2023-12-21,0.035839,0.055293,0.081415,0.105552
2023-12-22,0.036306,0.055108,0.080354,0.103682
2023-12-25,0.034734,0.054687,0.081480,0.106237
2023-12-26,0.035067,0.054771,0.081228,0.105675
2023-12-27,0.035558,0.054851,0.080757,0.104694
2023-12-28,0.033336,0.053500,0.080574,0.105592
2023-12-29,0.033674,0.053966,0.081211,0.106387
2024-01-01,0.033237,0.053850,0.081529,0.107105
2024-01-02,0.032432,0.054802,0.084839,0.112594
2024-01-03,0.033550,0.055136,0.084119,0.110901
2024-01-04,0.032374,0.054612,0.084472,0.112064
2024-01-05,0.030093,0.055505,0.089628,0.121158
2024-01-08,0.030699,0.057121,0.092600,0.125383
2024-01-09,0.030763,0.057920,0.094384,0.128078
2024-01-10,0.029669,0.057970,0.095971,0.131086
2024-01-11,0.031502,0.058885,0.095652,0.129627
2024-01-12,0.030898,0.058231,0.094931,0.128844
2024-01-15,0.030234,0.057605,0.094356,0.128316
2024-01-16,0.030551,0.057513,0.093715,0.127168
2024-01-17,0.032814,0.058150,0.092170,0.123605
2024-01-18,0.032782,0.059390,0.095117,0.128130
2024-01-19,0.032210,0.059606,0.096392,0.130383
2024-01-22,0.032663,0.059400,0.095300,0.128474
2024-01-23,0.033544,0.058566,0.092164,0.123209
2024-01-24,0.032936,0.058637,0.093146,0.125034
2024-01-25,0.039591,0.061771,0.091552,0.119071
2024-01-26,0.038966,0.061094,0.090805,0.118259
2024-01-29,0.035687,0.060442,0.093680,0.124393
2024-01-30,0.036748,0.058872,0.088578,0.116027
2024-01-31,0.035891,0.059106,0.090277,0.119081
2024-02-01,0.035735,0.057675,0.087135,0.114358
2024-02-02,0.036065,0.057606,0.086530,0.113256
2024-02-05,0.029228,0.058111,0.096894,0.132730
2024-02-06,0.029758,0.059551,0.099556,0.136522
2024-02-07,0.031254,0.059295,0.096946,0.131737
2024-02-08,0.033747,0.059949,0.095130,0.127639
2024-02-09,0.033938,0.060942,0.097201,0.130706
2024-02-12,0.034011,0.061360,0.098081,0.132012
2024-02-13,0.026928,0.059307,0.102783,0.142957
2024-02-14,0.029644,0.059461,0.099497,0.136492
2024-02-15,0.029012,0.059076,0.099445,0.136746
2024-02-16,0.030214,0.058665,0.096867,0.132167
2024-02-19,0.008860,0.052972,0.112204,0.166936
2024-02-20,0.008829,0.052790,0.111818,0.166361
2024-02-21,0.028711,0.059031,0.099742,0.137361
2024-02-22,0.027686,0.059716,0.102724,0.142464
2024-02-23,0.027869,0.059568,0.102131,0.141460
2024-02-26,0.027907,0.058097,0.098634,0.136091
2024-02-27,0.033239,0.060203,0.096409,0.129864
2024-02-28,0.034267,0.060472,0.095659,0.128173
2024-02-29,0.033287,0.060447,0.096916,0.130615
2024-03-01,0.035085,0.059951,0.093340,0.124192
2024-03-04,0.036015,0.060075,0.092381,0.122233
2024-03-05,0.035605,0.059973,0.092693,0.122927
2024-03-06,0.036760,0.058239,0.087079,0.113729
2024-03-07,0.037304,0.058764,0.087579,0.114206
2024-03-08,0.037140,0.058291,0.086691,0.112933
2024-03-11,0.037158,0.056638,0.082795,0.106964
2024-03-12,0.036665,0.056808,0.083853,0.108844
2024-03-13,0.036198,0.057358,0.085770,0.112024
2024-03-14,0.035233,0.057448,0.087277,0.114841
2024-03-15,0.035090,0.058329,0.089531,0.118363
2024-03-18,0.035140,0.057819,0.088270,0.116407
2024-03-19,0.035336,0.058302,0.089138,0.117633
2024-03-20,0.035035,0.058101,0.089071,0.117690
2024-03-21,0.031486,0.060339,0.099080,0.134878
2024-03-22,0.031073,0.060286,0.099510,0.135754
2024-03-25,0.028089,0.057553,0.097115,0.133671
2024-03-26,0.027458,0.058049,0.099125,0.137081
2024-03-27,0.026769,0.057543,0.098863,0.137045
2024-03-28,0.027606,0.056752,0.095888,0.132051
2024-03-29,0.026665,0.056542,0.096659,0.133729
2024-04-01,0.026456,0.056508,0.096860,0.134147
2024-04-02,0.025406,0.056741,0.098815,0.137694
2024-04-03,0.025320,0.058357,0.102716,0.143706
2024-04-04,0.025067,0.058432,0.103232,0.144628
2024-04-05,0.025308,0.057276,0.100200,0.139864
2024-04-08,0.025810,0.057682,0.100478,0.140023
2024-04-09,0.023605,0.058748,0.105935,0.149539
2024-04-10,0.026042,0.057865,0.100595,0.140079
2024-04-11,0.022495,0.058738,0.107403,0.152371
2024-04-12,0.019840,0.059060,0.111721,0.160383
2024-04-15,0.023183,0.057123,0.102695,0.144805
2024-04-16,0.020406,0.058546,0.109759,0.157081
2024-04-17,0.027527,0.061253,0.106538,0.148383
2024-04-18,0.026359,0.061021,0.107562,0.150568
2024-04-19,0.024438,0.060610,0.109179,0.154059
2024-04-22,0.023404,0.060420,0.110123,0.156050
2024-04-23,0.022080,0.060138,0.111239,0.158459
2024-04-24,0.107513,0.084899,0.054534,0.026476
2024-04-25,0.107511,0.084897,0.054533,0.026476
2024-04-29,0.088736,0.075915,0.058700,0.042792
2024-04-30,0.086836,0.074693,0.058389,0.043324
2024-05-01,0.086836,0.074693,0.058389,0.043324
2024-05-02,0.027166,0.062047,0.108884,0.152163
2024-05-03,0.027266,0.061978,0.108586,0.151653
2024-05-06,0.027395,0.061623,0.107583,0.150051
2024-05-07,0.029777,0.059318,0.098983,0.135636
2024-05-08,0.030366,0.058684,0.096706,0.131841
2024-05-09,0.102771,0.081154,0.052129,0.025309
2024-05-10,0.086840,0.073340,0.055214,0.038464
2024-05-14,0.022902,0.057779,0.104608,0.147880
2024-05-15,0.022725,0.058369,0.106229,0.150454
2024-05-16,0.024315,0.056923,0.100708,0.141166
2024-05-17,0.024190,0.057005,0.101066,0.141781
2024-05-20,0.024014,0.058252,0.104224,0.146703
2024-05-21,0.023118,0.058483,0.105969,0.149848
2024-05-22,0.023827,0.057784,0.103379,0.145511
2024-05-23,0.023965,0.058322,0.104453,0.147081
2024-05-24,0.022386,0.058920,0.107974,0.153302
2024-05-27,0.029432,0.060038,0.101133,0.139107
2024-05-28,0.028809,0.059190,0.099983,0.137678
2024-05-29,0.029503,0.060304,0.101662,0.139879
2024-05-30,0.029652,0.060497,0.101914,0.140185
2024-05-31,0.028213,0.061177,0.105440,0.146341
2024-06-03,0.028577,0.061088,0.104741,0.145078
2024-06-04,0.029517,0.059813,0.100493,0.138082
2024-06-05,0.030729,0.058932,0.096801,0.131793
2024-06-06,0.030485,0.059061,0.097431,0.132886
2024-06-07,0.030819,0.060201,0.099654,0.136110
2024-06-10,0.030156,0.060526,0.101305,0.138986
2024-06-11,0.029357,0.061700,0.105128,0.145256
2024-06-12,0.027517,0.061143,0.106294,0.148014
2024-06-13,0.031583,0.060070,0.098320,0.133664
2024-06-14,0.031123,0.059716,0.098108,0.133583
2024-06-17,0.032498,0.059012,0.094614,0.127511
2024-06-18,0.031912,0.059469,0.096471,0.130662
2024-06-19,0.031695,0.059133,0.095975,0.130018
2024-06-20,0.031917,0.059656,0.096902,0.131319
2024-06-21,0.031603,0.060247,0.098707,0.134247
2024-06-24,0.025923,0.059061,0.103556,0.144672
2024-06-25,0.026915,0.059452,0.103141,0.143512
2024-06-26,0.027235,0.058870,0.101348,0.140600
2024-06-28,0.026054,0.060069,0.105743,0.147947
2024-07-01,0.026829,0.060364,0.105394,0.147003
2024-07-02,0.024658,0.061249,0.110380,0.155779
2024-07-03,0.025317,0.061165,0.109299,0.153777
2024-07-04,0.026460,0.060386,0.105940,0.148033
2024-07-05,0.026730,0.060936,0.106867,0.149308
2024-07-08,0.028093,0.060976,0.105130,0.145930
2024-07-09,0.028427,0.060462,0.103476,0.143223
2024-07-10,0.027427,0.060815,0.105647,0.147073
2024-07-11,0.027812,0.059874,0.102925,0.142706
2024-07-12,0.029800,0.060286,0.101220,0.139045
2024-07-15,0.031218,0.059639,0.097802,0.133066
2024-07-16,0.032180,0.059713,0.096682,0.130843
2024-07-17,0.036515,0.059848,0.091178,0.120128
2024-07-18,0.035914,0.059606,0.091419,0.120815
2024-07-19,0.036340,0.059457,0.090498,0.119180
2024-07-22,0.035865,0.060691,0.094024,0.124826
2024-07-23,0.036031,0.060606,0.093603,0.124094
2024-07-24,0.035560,0.060148,0.093163,0.123670
2024-07-25,0.036194,0.060644,0.093475,0.123812
2024-07-26,0.036508,0.060185,0.091978,0.121355
2024-07-29,0.035973,0.060109,0.092516,0.122462
2024-07-30,0.036986,0.059169,0.088954,0.116476
2024-07-31,0.037777,0.058569,0.086488,0.112286
2024-08-01,0.037289,0.057961,0.085717,0.111365
2024-08-02,0.037527,0.056882,0.082871,0.106885
2024-08-05,0.037205,0.055548,0.080176,0.102934
2024-08-06,0.036999,0.055819,0.081088,0.104438
2024-08-07,0.037681,0.056141,0.080928,0.103832
2024-08-08,0.037261,0.057011,0.083530,0.108034
2024-08-09,0.037017,0.057096,0.084056,0.108968
2024-08-12,0.038172,0.057520,0.083499,0.107505
2024-08-13,0.034487,0.056994,0.087216,0.115142
2024-08-14,0.033069,0.056630,0.088266,0.117498
2024-08-15,0.032996,0.056709,0.088549,0.117971
2024-08-16,0.034280,0.057275,0.088151,0.116682
2024-08-19,0.034267,0.057547,0.088804,0.117688
2024-08-20,0.034467,0.057702,0.088900,0.117728
2024-08-21,0.034191,0.056981,0.087583,0.115860
2024-08-22,0.034454,0.056348,0.085745,0.112909
2024-08-23,0.034514,0.057123,0.087481,0.115532
2024-08-26,0.034335,0.056754,0.086857,0.114673
2024-08-27,0.038200,0.058042,0.084684,0.109302
2024-08-28,0.037611,0.058691,0.086994,0.113148
2024-08-29,0.038328,0.058198,0.084878,0.109531
2024-08-30,0.037691,0.058116,0.085541,0.110883
2024-09-02,0.037769,0.058808,0.087058,0.113161
2024-09-03,0.037688,0.059707,0.089274,0.116594
2024-09-04,0.038313,0.058501,0.085609,0.110657
2024-09-05,0.037850,0.057768,0.084513,0.109226
2024-09-06,0.037370,0.057451,0.084413,0.109328
2024-09-09,0.037711,0.056968,0.082826,0.106719
2024-09-10,0.037551,0.056680,0.082365,0.106099
2024-09-11,0.036111,0.056162,0.083085,0.107963
2024-09-12,0.036395,0.055585,0.081352,0.105162
2024-09-13,0.036458,0.056485,0.083376,0.108224
2024-09-16,0.036363,0.056438,0.083393,0.108301
2024-09-17,0.036424,0.055968,0.082209,0.106456
2024-09-18,0.036770,0.056206,0.082304,0.106420
2024-09-19,0.036864,0.057128,0.084338,0.109481
