id,ytm,ytw,ytc,ytp
943dcf06-0086-43cf-a05e-967b7c90ec96,0.056736,0.056736,,
df797bc5-d1e7-4687-afbe-d105051c6a0c,-0.995987,-0.995987,,
44af4303-27f9-4afe-83b4-7b7e23191d62,0.062700,0.062700,,
ec243d98-e4fd-4dce-8f9a-fbb257190e54,-1.605654,-1.605654,,
9a9404a8-4c81-4af3-9c71-2b4e40a11943,0.052652,0.052652,,
3fcbd00c-3d1b-480d-b7e6-31090879da56,0.055139,0.055139,,
d86ebe7b-c361-407f-a542-80b393035c43,0.056915,0.056915,,
017de1be-a917-4c84-9dc4-c36b7a811b5f,-0.347566,-0.347566,,
bc0e5da6-268c-49fb-b1b9-6eb9749cb089,0.085795,0.085795,,
f0ee13f0-684f-4e95-8d09-ae830cd3674a,0.055232,0.055232,,
41bbeb83-0d49-4623-a2f5-1a075b0156ed,0.053027,0.053027,,
5609e783-bbca-4da0-94c3-e6e3ab6e95df,0.053134,0.053134,,
36efc5ac-ae4c-4863-bd06-26bb54ae5817,0.053066,0.053066,,
d8c99008-5fe7-4d0e-9f9b-01ec046ead00,0.051731,0.051731,,
31b6ae39-2ffc-4b7b-bf33-20c3ef0a132e,0.056866,0.056866,,
32e784b6-0afc-4031-9b30-c41fe84a1bb1,0.057741,0.057741,,
6794ad22-8ad3-4bc7-b88a-12754839a9a7,0.057010,0.057010,,
757a23b8-a8d1-4409-aeee-5582848a0632,-0.200676,-0.200676,,
6401ba7a-355e-49a8-b47e-ecb0b4c0110a,1.126162,1.126162,,
ddf8306e-63b9-40a2-b260-153737ab1f90,-0.577777,-0.577777,,
fb396921-1a1b-44c6-89f1-51157799dcb4,-0.405537,-0.405537,,
015c33b5-ce51-40a0-bd0c-51913c31e12c,0.057248,0.057248,,
52b77021-0fc0-460c-a568-2dceb857fc71,0.053091,0.053091,,
f42146e9-1607-46e4-9e3d-532e0b28a696,0.094345,0.094345,,
05a40cae-41c2-432b-b298-d493281646f7,-0.690149,-0.690149,,
3fd79045-090d-480e-894d-5638b24df41e,0.053106,0.053106,,
03af8deb-786c-4a60-8bf7-326542c1bbe0,0.066568,0.066568,,
4cbacb8a-20e2-4335-8f87-5a218cd08090,-0.010575,-0.010575,,
10143ea2-16af-4ce1-9967-93649c48b736,0.044811,0.044811,,
e67e3304-44c2-46ee-b1bc-2cc8df8fea4b,0.052128,0.052128,,
1d1fde7a-9cce-4164-a985-71a7cc8782c2,0.139121,0.139121,,
507868cf-11cf-4d3f-b525-3acc870ef30b,0.076065,0.076065,,
38091360-8c67-4857-bd05-e860d070f3fc,0.081978,0.081978,,
3d218dc8-01af-489f-bceb-5942970e69da,0.058437,0.058437,,
974e441d-14c9-4de6-9e0e-41ac4365a141,-0.912056,-0.912056,,
63012878-394d-4c31-9785-c565fb4093ed,0.053072,0.053072,,
51579444-69d7-4975-aed7-c0a8e7d14442,0.129955,0.129955,,
4d7ca155-03ef-48c8-ae78-c0a04c0d4a25,0.067854,0.067854,,
61d991a1-6b2c-482e-a241-71bbd58c3396,0.059755,0.059755,,
f0389d73-b733-4557-b521-91213243ff6d,0.052958,0.052958,,
3d54f968-be71-4776-8b61-c233ff3f09b0,0.053355,0.053355,,
44598013-db15-48b3-8566-01d5c0d8f120,0.060701,0.060701,,
326bd980-3d8d-4ba4-827d-b71a87cc5b30,0.060404,0.060404,,
79defead-6385-46b9-9684-3c3e057a1227,0.057394,0.057394,,
43d56973-ed5e-4f84-8e85-658223c9d1e1,0.064337,0.064337,,
7db0b140-247b-480e-b0bf-1438ae064279,-0.194183,-0.194183,,
fe3b2998-7abd-451f-a658-c99b17d34ddd,0.047152,0.047152,,
90903915-d0c8-4be2-8493-f06c55ff3fce,0.248939,0.248939,,
e336e2a6-53b7-4fc5-ad19-2defd2050d90,0.051244,0.051244,,
fb14e4c9-ff77-4828-bc35-089a76c25f6c,0.052903,0.052903,,
82638c5f-78f2-4f27-b961-eb9d37fbbb63,-0.335516,-0.335516,,
06ff62f8-ac46-4a49-b30e-0f33f0c79ade,0.065875,0.065875,,
daef4a3e-ee29-42fa-8ec1-ccd584396783,-1.216173,-1.216173,,
26c1f0a1-3d8b-46f8-8ed8-905b2be9ade3,-0.295594,-0.295594,,
c780da57-4452-4e18-a7b5-3e41ccf65273,-0.177218,-0.177218,,
b30b446c-c88a-4016-8986-fd7358096a52,0.052518,0.052518,,
3251338a-2128-46d4-99c4-bd4d261dbb65,-1.162092,-1.162092,,
c4b90c94-7d04-4ea1-887f-434b2dc4e5b4,0.047041,0.047041,,
96efa6a9-1e3b-4c8d-902c-f55e4bb1a03b,0.116835,0.116835,,
6e9a2cc6-72e4-4fe5-ba99-197fc098fb62,0.059081,0.059081,,
f9fa837b-91ee-4e21-8130-31e51f79003f,0.103352,0.103352,,
55761c89-40b4-4e0f-875d-b03dad8a23fb,0.061587,0.061587,,
b92aa3a1-be4a-4f38-ad87-19bb30ef095e,0.059234,0.059234,,
d423d62e-dfac-4d1f-a167-942f263d74cb,0.000035,0.000035,,
799e71c4-22c1-42df-9179-1f472ac7d764,0.053860,0.053860,,
7dfcbd3f-4069-452a-b14f-4ff92b02c4d7,0.057698,0.057698,,
208c3f0c-dd23-420d-a13d-3acdee679825,1.126423,1.126423,,
ab39e90a-35ba-4dd9-a069-6d3e69ca34d5,0.053190,0.053190,,
c88cb906-6d5c-4b1e-8a95-c23cfe025ff5,0.050513,0.050513,,
145b7fb0-531e-432d-b331-703436bbd339,-0.040575,-0.040575,,
382c0e97-df00-4853-b8c1-9c44104babf3,-0.136702,-0.136702,,
d07cba45-31e7-4d8f-9840-f6a530f0008c,0.053309,0.053309,,
b2afa682-2e8d-4775-b5c4-ec9ab8976c53,0.062960,0.062960,,
c4982d0f-d42f-4c77-8732-3e8632f3df00,0.052830,0.052830,,
2a9753bd-11e5-4059-9aaf-68bc5a6ea1b1,0.051109,0.051109,,
712c7033-57cf-45ec-be72-dd42154ec5b9,1.206455,1.206455,,
e95027ff-2180-4520-8f98-b5e6879a0456,1.164921,1.164921,,
61cdee78-6cd4-4326-9591-e49384cb0d30,-0.663349,-0.663349,,
96d24e4c-085a-4959-8b3e-47d9c64d1705,-0.248209,-0.248209,,
8420a429-7622-47e6-b386-e4c3fe1a57c6,0.069196,0.069196,,
8888c83e-391f-41da-8614-fc8db2166076,0.058029,0.058029,,
15bdafe6-c93a-4398-b62c-12e8559270a5,-0.992439,-0.992439,,
b768538d-cf10-49de-8af1-7d31cc855fd6,-0.638560,-0.638560,,
c63aa8f6-a4f1-47ad-8aba-b13a49867fe2,0.125443,0.125443,,
20b1858f-0b84-4373-a605-231d3f74a6de,-0.663349,-0.663349,,
69a513b5-ab72-4ba5-a464-fdbc9f58266a,0.029305,0.029305,,
99d12571-f905-48ef-9363-537e81433398,0.053371,0.053371,,
262113bd-7d61-48ad-95d7-649c2ccfeea7,0.151526,0.151526,,
1f1ff689-722f-4629-b9bd-e8d9cf362d95,0.024713,0.024713,,
6fa17758-e10f-45d1-b805-a701161253e7,0.049984,0.049984,,
8026a60b-41f2-484d-a528-d19cc77d0a46,0.042985,0.042985,,
6607b290-5931-4475-94d4-5324c9b475be,0.048212,0.048212,,
9cde1060-65fe-4860-abd4-5cd13566f286,0.308626,0.308626,,
cbcca33a-c486-4902-b4da-2b3f9d11914d,0.059151,0.059151,,
cdb1a1da-004c-4005-8ede-0460d6f650b8,0.053970,0.053970,,
3aee2455-98bb-41aa-9bdc-fa1787f7abdd,0.057401,0.057401,,
354263aa-5af8-4836-b8db-7e59610ef4c9,0.060434,0.060434,,
7a509fe4-9b4c-409a-8dc9-e77e1369615c,-0.396222,-0.396222,,
ee97a87e-0761-45af-be8d-edaa1ddd6b23,0.062769,0.062769,,
0860b564-5917-41b4-823b-960e6a1d82d2,0.054662,0.054662,,
eb39f466-a87e-44f3-8ab0-12a3c2849808,0.055026,0.055026,,
81f90c2a-7be4-4636-9c74-1692f3036105,0.387033,0.387033,,
0be658ec-dbbc-4d62-9fd5-0dc8a10cbc61,-0.472999,-0.472999,,
0121c632-5612-4117-8b0f-c19b7ca9a4a7,-0.600297,-0.600297,,
ec0f0ba4-c1a0-4533-bc13-2934ec872c8f,-0.154955,-0.154955,,
4fafd5a1-00af-4883-bb71-e82e03925736,0.058033,0.058033,,
7888636d-8139-41ef-b99f-0a1d378595b7,0.090885,0.090885,,
8986c321-5cf5-474b-855e-987d3b9d99de,0.091698,0.091698,,
712c7ecf-4c68-40d6-8b41-c6160994b0f3,0.482265,0.482265,,
6514da90-1194-49e4-8dbb-e3d190ee84c0,0.059024,0.059024,,
17230503-b568-4e4b-b657-8be3c1dc0b87,-0.299995,-0.299995,,
896beda1-2a46-46c7-ac57-749d648500e4,0.481558,0.481558,,
1bd24303-ab41-4d8e-85ac-331d0166d3be,0.021224,0.021224,,
c27d976d-b5b5-4d7d-98fa-b4541530a114,0.003067,0.003067,,
9f8c20b4-bd53-4078-b0b3-85c2ba8f5db5,0.060600,0.060600,,
3a813dad-bdfd-4e6f-a814-1ea553d785fd,0.044483,0.044483,,
c49862d1-a54a-49e4-b1f9-300057e8f183,-0.182074,-0.182074,,
79ea9963-01ae-46e4-8bcd-79561215ae91,0.075625,0.075625,,
82458008-252f-4938-84cf-b374d23bab91,0.357943,0.357943,,
c2449362-1ea5-4e54-a37d-75f12a5196f7,0.058200,0.058200,,
51e0a15d-92be-4102-9c8e-d3c0e18d28e5,0.059458,0.059458,,
4e38cbcb-0e96-4057-bf0e-65ca52affcb3,0.052710,0.052710,,
9fb4cdac-ec60-4850-ab3e-0d57a2cf3f4e,0.571831,0.571831,,
8d3b573d-7337-4ea7-ba4c-44881416267c,0.504654,0.504654,,
e181d50e-80f8-496c-9e78-fe137e7b18c0,0.061203,0.061203,,
d46bff30-0672-4da0-a882-39fcf2954631,-1.799095,-1.799095,,
8614d650-f363-4c74-b0d6-b6c506ad889a,0.309423,0.309423,,
5d88e888-7980-4e8e-b72d-a4fd45f81852,0.059257,0.059257,,
e3cf311a-42be-4e4d-9279-46705064c9d8,0.054455,0.054455,,
f6d0fcbf-355e-4917-a3b4-ce15c7ec7e62,0.089398,0.089398,,
925a6198-93b0-48a0-8de9-a03387b910aa,0.054120,0.054120,,
dab43841-bee8-4be6-bd76-72d848091c8c,0.059833,0.059833,,
5cbdd342-8b3f-424f-b554-71cc37d05012,-0.558681,-0.558681,,
14d21c54-bfef-49c3-8f33-f5855500a95a,1.572558,1.572558,,
27ace518-71e3-4bd9-8728-ba34abe960ec,-0.967249,-0.967249,,
9acd79b2-e05d-457f-a110-e1fe0f44b050,0.262366,0.262366,,
31c601b3-cca6-4eac-b95f-66ad744091d8,0.053101,0.053101,,
ff32acbd-1fe0-4eac-b78a-ebe9f5c32add,-0.701336,-0.701336,,
586991d9-6d5f-4c64-a14a-7db17c7613e9,-0.814661,-0.814661,,
8ac2bc97-9223-40e8-a845-917b021b7878,0.686931,0.686931,,
6c657e0a-933e-4311-9c35-c96df89dfb7f,0.059254,0.059254,,
68bc87ad-adcf-4ce6-b58a-49e91a0f44ce,-0.273136,-0.273136,,
3a622a85-e4aa-4318-b31d-e72a12f93bf4,0.064230,0.064230,,
5a810544-8c00-4324-9e52-6120423c28a0,0.055369,0.055369,,
2a9f563d-a641-44ad-acbb-ee62c72d9ad2,0.618182,0.618182,,
19e30b26-dd5c-4987-ab34-c9241728d181,0.032991,0.032991,,
902fc868-c648-4aba-bd1e-1c5c75c22c70,0.062944,0.062944,,
724154f2-f538-49c1-b547-1aa0bfb84bf8,0.058989,0.058989,,
570a9f42-b9ed-4681-ba32-d85e88c7810a,-0.390999,-0.390999,,
f35aa846-881d-4782-aea7-54a649cd65e4,0.114124,0.114124,,
a25ede3c-1f75-44c1-a78e-9eec961f40f7,-0.569991,-0.569991,,
156a0af2-e662-4f00-9393-ac2371262483,-0.002727,-0.002727,,
dfa6dbe6-927b-4b3d-86f7-8f512346b93e,0.159631,0.159631,,
7ccd4f1c-8b25-4612-9ab3-743f4b88eeef,-1.476231,-1.476231,,
70b0d535-7de5-4237-bf37-bbccdb4b77bb,-0.014283,-0.014283,,
91a4dc51-c8b8-4fb7-aae5-7acaf6fcd622,0.025937,0.025937,,
340be208-bda4-4f1f-91cb-9b1b2ec34ae2,0.058448,0.058448,,
50f0f11b-76ec-405c-ab00-1af29b31d41e,0.057864,0.057864,,
699a5f5b-0aa3-4ac6-a7d8-856f8d01a705,0.062800,0.062800,,
ac9626d4-c2b0-46e9-b076-a0696fecf1e8,0.503630,0.503630,,
6a8c158c-4593-4eaa-9209-eb0fc61644fd,0.068347,0.068347,,
269b3afc-c0cb-4658-bed2-41320daa2e06,0.087905,0.087905,,
881e2fa8-d4e3-4395-b2c3-0d0a1e8ae017,-0.895153,-0.895153,,
05846a14-b880-4ecc-9119-ee75a099bf87,0.053092,0.053092,,
427e0fa8-df92-4a80-aa12-1b7a1883b290,0.360770,0.360770,,
082997b9-a06a-4054-8572-334d8073f1be,-0.461287,-0.461287,,
6bb07eed-d528-4aff-aeb6-9adc1f537c7c,0.087148,0.087148,,
1276542c-64e5-4953-9098-8c4c50e95781,0.062834,0.062834,,
4bd0b32b-1be8-4279-bc8e-5a1e8463af82,0.059552,0.059552,,
24cebae3-4f16-407d-b654-45a24201a14b,0.053512,0.053512,,
01007361-0271-48f6-87d9-12d2954b7f3f,-0.002879,-0.002879,,
24ca726b-a767-4ce0-b9ca-9c6253128fae,0.051683,0.051683,,
1083e331-8675-4608-bb47-051004e368c3,0.065064,0.065064,,
45f61995-ca2a-4e95-b710-9bc114eab5e0,0.059059,0.059059,,
81f6812a-7889-42df-ba16-3c5642f56187,0.066434,0.066434,,
2009b2db-5f5b-43c9-acf9-6068eaf6766d,0.063984,0.063984,,
0976c20b-da81-4abc-b0ba-173d05227592,-0.144448,-0.144448,,
993be943-cd74-44ba-99fa-2bf0747d18a5,0.047907,0.047907,,
8092ca23-cc09-4d00-96e9-d64333e9961e,0.204841,0.204841,,
8a4d88a7-310e-403b-a2de-e4485d1c4f8a,0.422223,0.422223,,
a16183fe-85c0-44ef-8a3f-416008a8e31b,0.053051,0.053051,,
34c08c96-4c72-4f26-83d3-0e63f1c3cc1d,0.053104,0.053104,,
3fbf87ca-6db5-4710-b22f-eb76baadb06e,0.061754,0.061754,,
6f6ca1b2-0836-44c4-85c9-be59098434e2,0.052875,0.052875,,
c658fbcb-7454-41ac-9f9b-12d5a9d03a2b,-1.699081,-1.699081,,
24a97ee4-8719-496b-95d5-8b846ba0cad1,-0.585769,-0.585769,,
aa4053c1-e2e7-4b1c-89b7-e79ce0b301af,0.059469,0.059469,,
0a694e5e-2a3c-4ba0-8fc1-f8ac36005761,0.062956,0.062956,,
ffb2d95c-36b1-4cea-ae38-fd3e5bfdb851,0.120320,0.120320,,
114c827b-2a52-4b94-b8ea-8dbb33e219a6,0.069595,0.069595,,
c9116479-6caa-4ae4-8231-839a7add5faf,0.148443,0.148443,,
5ca4ec61-da83-49a6-9130-b70c38826e1f,0.062817,0.062817,,
354554c2-505c-4388-8483-2278eb83ada4,0.665286,0.665286,,
5b7f8280-7c38-4a7f-8cbd-065fa259ca30,-2.604138,-2.604138,,
e4574e78-d27f-4f32-b0dc-d690eb81ad52,0.062682,0.062682,,
929174f9-4cf3-4fd7-a080-49e213b99efb,0.085075,0.085075,,
bc653bca-56c8-4123-a315-31d9282a9b37,0.054822,0.054822,,
bbf03adc-1912-4eb5-b3f5-95d423352ba4,0.062957,0.062957,,
f2806925-905a-4eec-b75a-c9c5cad2c396,-1.541067,-1.541067,,
00fef8cd-b2a9-46a5-aa17-789de58e5de2,0.050416,0.050416,,
03eb0e27-def8-42e0-9002-e8ae3639d706,0.063529,0.063529,,
c1998b5e-b33b-4187-9d5e-f655bac898e9,0.050490,0.050490,,
a430b7b5-5930-422a-851f-4b76efe7ff3a,-1.430856,-1.430856,,
e0282d4a-c8aa-4c72-955f-0f8718874dff,0.062956,0.062956,,
1f112ae4-3e02-49e9-bc6b-19a1d35b61e5,0.002452,0.002452,,
1084e347-613d-4aec-bd09-c0b9228e67e0,1.126296,1.126296,,
fde6ba80-f82a-42cb-b3a7-9b8e86973cb5,0.060478,0.060478,,
d5a73b16-757a-4d98-87de-7c4920745dd6,0.039555,0.039555,,
0a07e913-52cc-49e2-baa2-5779e35b42ba,0.206328,0.206328,,
07bf141d-f3b7-45e0-825c-efcd88c77d3e,0.044704,0.044704,,
8f2e781c-00ed-47ce-b3b3-624a33817a59,0.026534,0.026534,,
92e9a9a7-6ebf-400e-8f72-24023af58145,0.093113,0.093113,,
53288d49-bf75-45ee-86ce-6737dbd61838,0.096456,0.096456,,
3f086339-20f7-469d-b167-2b75f1a415ce,-0.738867,-0.738867,,
6c10353b-04f9-46d5-bb37-eb31aeb3ad10,-0.569991,-0.569991,,
231b6949-2593-4bd4-b51c-02202da5da04,-0.236248,-0.236248,,
6b181b28-c54f-4363-826f-d92dd34c4033,-0.068831,-0.068831,,
75ad5659-2a6e-4751-b26b-73874ef67c6e,0.048305,0.048305,,
59223e3e-9ecb-43e5-ad34-3019dad4a978,0.053051,0.053051,,
08504e8c-c2e9-49e2-9024-fef070536059,0.055560,0.055560,,
1bd2b77f-7f88-42a3-aa7f-4b5c1d57d524,-0.514265,-0.514265,,
738d1e5a-9092-4ea4-910d-ea04b5e8b2ea,-0.767576,-0.767576,,
4e7b9e2e-0c2a-4418-9af9-f92038f78dcc,-0.155356,-0.155356,,
4f1d3c8e-7aed-4b3c-ab92-402e5bca2c8f,-0.991492,-0.991492,,
2b406920-bf85-40f4-96af-952abf0fce87,1.126162,1.126162,,
ed6f42ce-3d8d-48cc-bc8d-3c6c813dd2bb,0.010415,0.010415,,
c67496fb-1ec1-48ca-8d83-4abc3c413550,0.056278,0.056278,,
51b28252-3b0e-463f-b641-03eb53ed4081,1.058297,1.058297,,
0889f1bb-705b-480d-b20d-fad6432b4329,-0.527194,-0.527194,,
d3247559-c8c7-4844-b2bc-109b95afeb5f,-0.406497,-0.406497,,
1997469b-dd86-45c1-88f5-d14186a6ef21,0.054313,0.054313,,
69617568-1c56-4b10-837b-57f8e6295d9c,1.999692,1.999692,,
b7a6e2df-3bf2-4441-9756-84ba282ed48b,-0.987424,-0.987424,,
c024d3cd-7b22-418d-a59c-d2434012cf32,0.050854,0.050854,,
26f53542-f8b5-4fac-b408-e5067a75a4f1,0.230274,0.230274,,
73f6afc8-1808-473e-80a6-a5c7c1d04ffe,-0.225375,-0.225375,,
f0d91f6d-2e06-4a41-928b-58c3e883abaa,0.094305,0.094305,,
9c177193-930e-423b-86d9-b1b4cb2a6c1a,0.052961,0.052961,,
679997dc-9b41-49cd-b063-f0cbd1e27274,0.053072,0.053072,,
6f8b1b75-988c-48a4-9625-caf00fd6fc32,0.058990,0.058990,,
2497fa41-313b-4d4e-810e-624bd175c49b,0.124290,0.124290,,
2fb62c6f-6d21-4b18-9972-e92c18cea0e8,0.067411,0.067411,,
dbb73f75-30cd-4d00-bd16-de23784f5ae5,0.059124,0.059124,,
27c88c2b-241f-423e-9abf-ecca8e31cf9a,0.051095,0.051095,,
b4df47c2-1181-4065-a8b4-88b6e55b2098,1.126423,1.126423,,
bd5d2b1f-b163-4f22-994f-3ba4d062e0bf,0.097308,0.097308,,
d55b3c8c-f8ca-4b27-867c-85af11dbc7b8,0.053450,0.053450,,
9542e3b9-52ff-4761-929a-c18adbaac323,0.042278,0.042278,,
c74b9194-162c-4e10-89ee-1778b12875fe,0.065167,0.065167,,
97ce115e-9a06-49e0-b4b5-963e5ff471e5,0.072973,0.072973,,
739986aa-d256-4679-a729-510de7aa356e,0.045805,0.045805,,
942a7cfa-c222-41ca-82c9-e6a4784a0263,0.054304,0.054304,,
c4091607-8013-484b-9056-69f97b1b7c94,0.058110,0.058110,,
74fdb531-52e9-4733-8ab6-616a27bc110b,0.026944,0.026944,,
c5ae3ff2-7bac-468d-b46e-66204f0e62cd,0.192552,0.192552,,
b63ae2ad-d869-4cfe-a91e-32fc3ed33af3,0.062853,0.062853,,
0614bf13-505f-4eab-85a6-0be8ec9b5684,0.047791,0.047791,,
5d110b7b-8400-4a91-8cbf-4e43371d1ca3,1.999692,1.999692,,
8c8f8a5c-93fe-421a-9abd-86fcd0fa1ec9,-0.743759,-0.743759,,
5c549a38-075a-4a95-9c06-c5e357fc8e0c,0.057278,0.057278,,
664a6516-0a37-427c-978c-de1164d1cd2c,0.062820,0.062820,,
20e67570-7d21-4e6e-a827-fc85a349b23e,-0.238933,-0.238933,,
22a89610-29b1-43f9-9547-c6dc6cf8535b,0.055732,0.055732,,
03da1b4e-5224-48ac-9287-e27415218d3d,0.053589,0.053589,,
f41c5e42-6129-4840-8da1-7d444549b4e1,0.100927,0.100927,,
505fccc6-85d4-4db1-9e0e-3d862a215fb2,0.054378,0.054378,,
da03f911-068a-4220-a757-c7874272eb15,0.192849,0.192849,,
86006495-7f01-49a3-9069-3d2627f648fe,0.059315,0.059315,,
d1db68a2-56f1-451f-8b76-103f53d99553,0.022276,0.022276,,
272e87a2-3fe2-4678-be1d-59d0c1409f92,0.058655,0.058655,,
915eb0c9-da96-4adc-842d-8a33d15fab24,0.080620,0.080620,,
46db7743-f475-4196-b530-1e5f39c6f60e,0.065968,0.065968,,
92c6bb59-8370-401a-a42d-a22a81479799,0.055986,0.055986,,
4cec9c58-7872-4e8f-afc7-c395c4913316,0.054332,0.054332,,
202ad409-56ca-4c96-a4a8-a37d7509c37c,-0.652194,-0.652194,,
bca95d95-0dc5-45b0-b5ae-74035f25588c,-0.708239,-0.708239,,
edaaad78-b382-4642-aac8-573aba2d6309,0.052937,0.052937,,
0503464a-f8c7-4c41-afcd-0a2620ce394a,0.063224,0.063224,,
1624c3f8-84a0-4367-b94a-b0bdca8875d3,0.326429,0.326429,,
abf58aa9-c0a5-44a1-b497-7f143809d25c,-1.643388,-1.643388,,
5efec81c-448b-495d-956e-07d188129098,0.056864,0.056864,,
a838b197-3873-4447-9e47-9426d87a1abb,0.175371,0.175371,,
8e710c45-954a-4867-8c8f-eca13c9a0abc,0.071204,0.071204,,
1121af46-743c-4e1b-9286-a00334b8c081,-0.037070,-0.037070,,
3d8c9908-1e57-4968-a2a0-c613f533c364,0.068443,0.068443,,
2d964f0a-07cc-4461-ab77-5283a4459318,0.052988,0.052988,,
e3aa236f-2bd4-4fc2-b215-85884aabceea,0.434512,0.434512,,
2211de78-e5d1-4bca-b1d5-ee256b44dcc1,-0.231634,-0.231634,,
7bc1d60a-ccc7-4c76-b2c8-cafbd5207b9a,0.056127,0.056127,,
08090dee-731a-4f59-ab29-9726af0d893d,0.056713,0.053389,0.053389,
31bc9a05-e131-40e9-9508-16ae83cc4e5e,0.079851,0.079851,0.395130,
b2a5e6a0-2fd6-4c64-addb-60cf9128f90a,0.090236,0.090236,0.132373,
a39d3cbc-8604-4b02-b388-b508307d23b4,0.075006,0.062390,0.062390,
14c91e56-f3da-4dd8-8a4d-1d32b0c46f4b,0.056312,0.056312,0.059028,
d8cce176-5872-43b0-9aa1-54816170d0f9,0.436646,0.436646,0.690938,
5d72f0b7-cc39-4388-bb2e-1d3422d17a0a,0.075201,0.075201,0.077570,
c7225c58-f38c-4419-82af-a8c6e25e7788,0.056435,0.056435,0.056658,
20fe1329-46f8-4025-a1e8-e247becc851b,0.051342,0.051342,0.249924,
8d25fb46-18dc-4489-81a3-7f525076653e,0.069518,0.069518,0.622722,
648ecc40-73f8-4c02-98b0-3e922b1617c5,0.140425,0.140425,0.231145,
5f599894-ca64-4e8a-b294-2a7cc622c608,0.057530,0.057530,,
e30f33ce-075e-4fd7-a4de-bbf6ced3059e,0.106917,0.106917,,
722695df-cfc0-4bc5-aeea-2a8b307e617a,0.083350,0.083350,0.641265,
4cddaef7-a805-4f31-b0eb-35c04d1bd7b6,-0.070287,-0.070287,,
16de9ffc-20c5-48aa-adb5-1d4a5e2c8e1c,0.091720,0.091720,0.577535,
94dcd6c8-be21-4d79-822b-61b359f5b341,0.052583,0.052583,0.069632,
5b5bcfd4-08ff-4498-be55-5161736c4602,0.054875,0.054875,0.056545,
b7823216-d01e-465c-8cf1-9ca47733266c,0.067595,0.056540,0.056540,
74666ec3-1fea-4353-85af-47fecfa84cae,0.060073,0.060073,0.060326,
c15f7c89-b94b-472c-92b5-e958aa7fbfd2,0.059960,0.059960,0.060136,
f3b09b20-8354-4fbd-a6c0-8b158f4bb6f4,0.053848,0.053848,,
e48eecda-6918-437d-a8a1-e037b41bd3ba,0.032678,0.032622,0.032622,
57773d56-35fc-449c-a8b8-2987c4987ea1,0.061643,0.061643,0.062771,
a3a8faf7-61fe-48e3-9de3-db2c0a5c8894,0.050581,0.050581,0.051770,
070f28ce-e13b-44a4-a515-d7a341a88e59,0.069719,0.069719,1.940689,
5249b2f9-313e-43c6-962b-539a0b497e7a,0.059015,0.059015,0.194186,
39a4cd02-d796-4fba-8c60-c42561556376,0.052625,0.052625,0.354277,
c0b10a22-c47f-4215-ba7b-c550299474c9,0.058030,0.058030,0.058207,
b45bc184-de92-42d5-b3f4-c688ee07fecb,0.053214,0.053214,0.133455,
fd712424-5029-4077-9eb9-3854d02a19e9,0.058406,0.058406,0.058690,
81e97215-b711-441c-a2ba-b88f0c3033e3,0.037864,0.037864,0.635358,
41576508-cb05-4152-9f23-d9ba7605bb8e,0.050492,0.050492,0.477124,
70d17bfa-62b8-42d3-8b04-05b36b4defeb,0.064316,0.064316,0.180277,
27de5cd1-cfdd-4b92-b1bc-50bfeca7a338,0.057000,0.057000,0.057530,
2a6598c6-6641-4c87-8c88-a3c38a92bf1e,0.029151,0.029024,0.029024,
a0834ecc-2653-45f4-84b6-85f62aa1fcc4,-0.779768,-0.779768,,
7e6f1f07-1a76-4002-96f6-913812f09e88,0.074009,0.074009,0.076783,
f3d260d4-4b87-47b7-893c-2c598f32c485,0.059858,0.059858,0.059875,
e759151e-e608-4b26-89c4-aaab71aa91ae,0.050926,0.050926,0.224564,
dd54bcbe-7e6d-454f-b6eb-8fd77dd97aa4,0.062731,0.062731,0.156827,
053de0f5-17bb-43c1-aabe-27007f372a10,0.055504,0.055504,0.984420,
64d21649-a563-48a1-8e5b-f6687babf5ee,0.060905,0.060905,0.529627,
64e7ff81-dcb6-480b-8c3b-44e4b2f18ba1,0.049781,0.049781,0.050548,
d3242761-340e-4823-b34b-84d1e150ae15,0.064981,0.064981,0.830534,
b917dce6-7eda-4063-9e76-69037c45b322,0.050656,0.050656,0.051527,
0136c7e5-cac8-472c-9ea9-df30465511d8,0.062697,0.058610,0.058610,
a8eb90e3-b066-4e18-aede-1c6d013b7c09,0.058383,0.058383,1.347091,
79cf4b36-74a5-453f-934a-f455c0e0eb2f,0.059276,0.059276,0.059537,
55f4ca65-97fd-469d-a72d-2421abc73d16,0.068332,0.068332,0.069051,
2ea46109-7c18-4f68-be48-de1de07ee624,0.082126,0.082126,0.084810,
5f1237a2-1d04-4d65-9b73-391f4a69a6aa,0.073104,0.073104,0.083246,
892d9f44-4514-4db9-b4dd-66a33fbad305,0.055986,0.054440,0.054440,
d2a65026-8a86-4ab0-a3ab-c04ec1ab34ff,0.067003,0.067003,0.074792,
846c8a50-6627-4617-bb49-854caf8e5836,-0.056741,-0.059403,-0.059403,
fa45a894-a23e-4de1-a908-edc0c9c44f42,0.034840,0.034840,0.036647,
5eb095de-6fb3-4c26-b017-7b7595acd77a,0.071512,0.071512,0.084313,
f1dfb7cb-7c7e-4e41-b34e-bf399c0c0489,0.052115,0.052115,0.052171,
fba47f75-b459-41f4-ba3b-de95255b816c,0.109919,0.109919,0.213508,
2ff58364-82c7-4933-9f4d-d95fa587c7da,0.056890,0.056890,0.056921,
26f6a30f-1f0b-4a68-b762-cdef86d3b09c,0.054323,0.054323,0.057335,
8d38695b-e365-4f9f-b6ec-d170b9526036,0.052073,0.052073,0.053243,
3de146fd-0e81-4df7-8ec5-180bdf04814a,0.046729,0.046729,,
b02dcbd7-1b2d-46f0-b5d7-bf71eb680a81,0.055290,0.055290,1.547123,
d28511f4-a11d-48d4-839e-bff471ace290,0.056460,0.056460,0.056669,
695953c8-3f98-41b9-8a43-a88db4cd6018,0.071863,0.071863,0.078532,
5010bce2-b953-4c7d-8f94-94c7f47ff343,0.102441,0.069597,0.069597,
b054c227-6d05-4d69-8d8b-b1cb35effa59,0.149652,0.149652,0.161869,
56999b8f-e6a8-4610-91ee-881783738645,0.054901,0.054901,0.055955,
e25a85ff-a7b8-477e-9dff-bd9f85ae37a3,0.083923,0.083923,0.148686,
8cb34ec7-b3ff-4137-8048-2d939ab31f0f,0.205114,0.205114,1.461105,
e4bc2437-bf7f-49f4-b9b5-4bea19221126,0.030568,0.030568,,
e62fd3c9-4683-4437-b19f-79aa72108156,0.066993,0.066993,,
279d53b7-2d3c-4b16-9b26-dd0a654b61c2,0.047260,0.047260,0.983642,
f7168944-6fd8-49ed-ae9b-147fd8a657ca,0.078517,0.078517,0.696313,
6cdabed6-b5af-4dec-8736-49bfb5208443,0.152167,0.152167,0.208457,
ab9a3d30-da52-4ede-a549-8b171a40e896,0.053156,0.053156,0.053325,
46cfc030-bfae-46a7-9220-76603c221218,0.054315,0.054315,0.056405,
cf5558a3-114c-480f-9212-5aca266a4b36,0.055398,0.055398,0.055591,
fe33ab1e-ce78-49c0-8b7d-9d09099261ce,0.071678,0.063381,0.063381,
bf600c29-6265-4353-bcef-bbde80c7b0dd,0.064172,0.064172,0.614502,
a3026242-237b-4aa3-a710-2cf13dc38e5d,0.077957,0.077957,0.763236,
15e1346c-7ffd-4c69-b080-32bceba626d4,0.073770,0.073770,0.084236,
6a54caf8-3bac-4be5-92b7-48c11f17c529,0.052290,0.052290,0.052550,
93cfb545-129d-4f57-be3e-d1021994115b,0.009391,0.008975,0.008975,
827203d3-166b-4e04-b321-c86bac2813c4,0.101102,0.101102,0.179912,
89fb650d-96a8-4a64-bf6c-21bb71f36a98,0.028581,0.028505,0.028505,
e6580875-fff2-4d68-b2f9-06aa23ebd870,0.084592,0.065796,0.065796,
b345dcec-3d48-4786-aa81-047e50fe5721,0.081294,0.081294,0.106231,
8a1321e1-fa0b-4513-a85c-25b8358bc26d,0.044358,0.044358,0.044451,
d3f7cd4a-448f-44a2-b10e-1ee8f939f93c,-0.045899,-0.049047,-0.049047,
ee4265a5-f071-4fd2-bbf1-8a0a8e505c50,0.065739,0.065739,0.662496,
abdbf70a-1a88-487a-901a-912315766c8a,0.057241,0.057241,0.057375,
7e86f6a8-ca05-4fd2-b607-f653320badf3,0.038676,0.038676,,
95b48b7f-d3c2-4205-a7cc-8bdc4539d5c7,0.086025,0.086025,0.592264,
72c2aecf-d482-404a-a415-203cd4348452,0.068083,0.068083,0.068135,
02fc3bd9-5970-4c95-8aeb-dabf604540aa,0.060460,0.060460,0.064462,
eaafefac-5be3-40a5-aaed-0681d04d405e,0.057144,0.053996,0.053996,
fa690766-179e-459c-8136-cc30130beb4a,0.076106,0.076106,0.097658,
780f9344-4ff4-47cd-973a-4d1b36744a48,0.044785,0.044785,0.046405,
42a7d907-1bfd-4115-af41-158f98946e02,0.103777,0.103777,0.399249,
8b94f290-5664-408c-934c-3fdb2bddb1ca,0.052423,0.052423,0.052471,
e8e829b5-aa37-4984-ba06-51501a22dd9a,0.116730,0.116730,0.142834,
26b49565-bae9-479c-ac1f-878e4eed846b,0.068850,0.064877,0.064877,
ef0e60f3-0e55-4b14-b627-69d9b93f91e6,0.078492,0.058457,0.058457,
326738a0-2848-4ff8-8f2d-f068035e3206,0.048444,0.048444,0.049598,
5f468aec-b994-4fb9-8b41-9c90e005f946,0.058636,0.058636,0.058824,
c619acbe-187e-4221-a90e-149f6c214ef2,0.080164,0.080164,0.084057,
19597824-98f2-498c-bb13-78dac8249857,0.064392,0.064392,0.065438,
2fb8c4bb-9f2c-4928-9580-f4cf69c2b877,-0.304584,-0.479364,-0.479364,
646d832e-09e9-4a03-b347-e2f3aff4211b,0.050366,0.050366,0.050461,
e6dbe023-bf41-4cda-bb2c-1b23d17f2c09,0.051214,0.051214,0.052023,
8cd46642-073a-42e7-bccd-c7917cbf8cde,0.050359,0.050359,0.051260,
ab8d6600-5de8-4c91-8bf5-d8b281fbb8eb,0.053924,0.053924,0.055569,
96fd808e-93de-4721-b23a-9618d81bd293,0.039783,0.039783,0.568104,
049ebd7e-9a66-4388-876b-40085d3ae359,0.100135,0.085414,0.085414,
a39e253d-c81b-45e3-8485-6783a7a30567,0.051616,0.051616,0.052086,
ebaf56d9-2060-4001-b050-4d8df970268d,0.102226,0.102226,0.103255,
6decaf3e-d83b-4692-a7f5-09f46b0c63c9,0.084015,0.084015,,
3fffd2b6-bc0e-4886-8958-eadde9e8a448,0.080876,0.080724,0.080724,
b7bb5c10-e6cc-4cd6-8c0a-312c06c627a7,0.054215,0.054215,0.054342,
c1904666-fade-4a3f-9f1a-5b98d76cb888,0.053542,0.053542,0.054787,
8054315f-3173-4154-b0ec-e43a090c223f,0.070241,0.070241,0.079987,
bbd5b58e-4f03-4d4b-a3b6-ddffc6b8e547,-0.069812,-0.069812,,
0262933d-f17b-4f22-8159-1e30c13a5ce6,0.062382,0.062382,0.065138,
6f6b94ae-20c2-4dfb-b64c-4f48099ef9f7,0.065380,0.065380,1.399204,
270af724-f331-4cc3-b8e7-254399a88b22,0.054111,0.054111,0.056203,
2cf3acd6-e7ff-484b-8a0e-8cb37f04a7bb,0.056291,0.056291,0.056707,
01a75fb9-5bd5-4699-8680-c2b7708106be,0.050753,0.050753,0.050946,
00968241-dea0-4631-8909-53bed289aa48,0.060559,0.060559,0.060913,
4382da26-96d8-4b61-98fc-a72e6c2b0956,0.065430,0.056427,0.056427,
1d742f78-8b29-42bb-a0eb-cb4e6014cc48,0.051717,0.051717,,
65a02745-eb92-484e-8930-4c88a00450c6,0.075942,0.075942,0.079579,
848dfe84-8405-4868-873b-1d1f57f03136,0.057241,0.057241,0.057489,
d81d097c-8db4-488e-9112-ab53dd6b1697,0.065266,0.065266,0.069565,
1419388b-fd7f-4677-8776-36036e9dbb02,0.059344,0.059344,0.080932,
f5a8307d-b9b5-404e-af2d-8fdec59ac0a8,0.070786,0.066304,0.066304,
e8f9af6b-550f-40f3-b1ea-af0180bd24ae,0.051837,0.051837,0.053197,
89dc9f58-894f-487b-ac5f-00d8e1e0e3b6,0.098610,0.098610,0.164854,
27077cf1-ddb4-4ee3-93d5-6d8ab5c45fbf,0.063372,0.063372,0.665294,
1340ebfc-752f-4efe-a49b-85f69921be9e,0.056474,0.056474,0.059732,
f84ba961-a6e2-40e6-98ab-9e795ce30da8,0.059228,0.059228,0.059412,
88fb13fb-a3b2-4583-b5e9-fce93b5bb090,-0.117118,-0.117118,,
d39372a9-b0ff-4490-b19a-ee7d917835a6,0.056618,0.056618,0.060241,
5af05d49-b3aa-44aa-bf9b-b1c81cfc99bc,0.085498,0.085498,0.087905,
cff2de6e-3d47-479d-b647-6e75b8c8bced,0.038123,0.038123,0.038168,
3d51c31f-0a31-4241-8bf4-0608b8092765,0.392700,0.392700,0.722856,
a89e4fad-9762-44e0-9051-1e2f0eb100a1,0.078027,0.075106,0.075106,
0e28ad25-a2f1-4bb2-808f-a2375d3d83d9,0.044097,0.044097,0.045270,
44f98db3-4818-4309-b237-e4944f3796ad,0.086282,0.086282,0.096367,
86d9627d-6a15-4f78-b3d7-d8f3149412cb,0.131152,0.131152,,
7a74c840-46c6-4096-bdcf-d3ff647fa794,0.066226,0.066226,0.069581,
bb3471c3-3fe2-4f46-b3af-9c37a4907b15,0.051128,0.051128,0.051503,
166d260b-214b-4fc3-8300-2ddbcdb33bce,-0.038789,-0.041483,-0.041483,
c41ece0a-3a66-43d1-b988-f93f084d5aa2,0.059401,0.059401,,
b1e2e1ab-8aa0-400b-bf42-0ecd8d001551,0.075156,0.075156,,
12a5e1fd-0f81-4746-ba11-e9ab0a39a1b3,0.082817,0.082817,0.815460,
de144d39-d42f-4d3f-aeac-f5aef4737bb1,-0.020469,-0.023333,-0.023333,
608e5403-1011-4273-bf06-95735a8d3a0b,0.049706,0.049706,0.051168,
9c585161-57a5-4455-897a-43c8edc50115,0.039453,0.039453,,
91aa533a-0c37-438c-915e-4df09b6b2afb,0.008237,-0.030614,-0.030614,
3cf999bf-d4f1-4213-9084-d1e9877674fe,0.051908,0.051908,1.702724,
f5d923f1-28bd-4064-b0ce-fb4e15afa839,0.047192,0.047192,0.516458,
ef9f2e22-898a-4684-8237-883fe819dd5a,0.049595,0.049595,1.589441,
fcbee1c0-3c31-47c8-8c27-ae7d881897e4,0.091252,0.091252,0.094360,
bb293a94-bce3-4b4b-98cb-ea5674f5a84d,0.060201,0.060201,0.060474,
cc7df72d-af9a-41bd-a5f2-a8e10827fa09,0.049950,0.049950,0.050430,
4f830585-48e6-4962-9ab3-d85c7ce2ecb9,0.073870,0.073870,0.256154,
f5d1c396-8b47-4bd4-9203-9406f6a91ab5,0.065490,0.065490,0.079217,
6f819df6-a20b-48b7-a9c6-e9b90fecec35,-0.037642,-0.042672,-0.042672,
8c91e546-2c79-4188-a49b-4c7d9a3bf449,0.057819,0.057819,0.057960,
8ad2b5a2-64f5-4a61-a3c8-49193892fbd3,0.055508,0.055508,0.055818,
16fa818b-32fc-4220-be9a-eb67f3441cae,0.103620,0.103620,0.546979,
4f773cda-d06a-4bf7-a9fc-9a3700abe214,0.064969,0.064940,0.064940,
079976f0-49be-4ad8-b424-e96577845ac0,0.054343,0.052642,0.052642,
88efc90a-5c69-4fea-91af-dea9fcf3eb29,0.059497,0.059432,0.059432,
50bbb2ef-5ba7-4b6a-9d40-0fb76a133ae5,0.064290,0.064290,0.077632,
eaf2f285-2662-4a6d-981f-33af89eb6221,0.085544,0.085544,0.093622,
3a957acd-a226-4c8d-b5d3-424626ddb803,0.116816,0.116816,0.770584,
0eaad6ce-d604-4226-8add-3f231a97be98,0.052410,0.052371,0.052371,
bf54a4dd-6cfc-4e08-ad7e-df15a10eeb18,0.056637,0.056637,0.058293,
da9b599e-7a06-43f3-aec8-4f9687f035dc,0.045593,0.045593,0.759218,
888c776a-5444-41bb-953d-15f0e2bd52aa,0.062766,0.062766,0.471490,
6501b939-d701-4a1b-9431-538f689f4422,0.099418,0.099418,0.110162,
c455c9ef-4cc2-4a08-aaf7-902935c5057b,0.056516,0.056481,0.056481,
65515de8-36c7-4666-af60-7f705129ab38,0.052826,0.052826,0.154084,
dd8002b7-645e-4da8-903c-be836a3ecaef,0.062275,0.062275,0.332639,
5018b26e-e7ce-43cd-be56-5ce5e9aa6956,0.054865,0.054865,0.055929,
60e9ef04-04cf-4949-ae17-841635e79b96,0.036670,-0.054830,-0.054830,
04fb76aa-84f7-4dee-aa73-7bef9a1601d3,0.074459,0.074459,0.077532,
1917333e-7c4a-43d4-b0a9-c21b7ee4b1d3,0.050316,0.050316,0.373567,
510a4322-ceac-4ed6-8fd0-eb898ae87b0b,0.067834,0.059032,0.059032,
06167a75-0d02-4366-ab8a-7ea558b5be7d,0.073073,0.073073,1.899807,
d2e18946-a33b-4da2-a286-0b253a4dad75,-0.656429,-0.753049,-0.753049,
9b412a23-81b4-45a7-8516-2d1f208cfa1d,0.074424,0.074424,0.102508,
97d561d1-5712-49d1-9c9b-a90aabbe6727,0.058425,0.058425,0.058443,
04e6a871-5047-4cdb-9df1-e727f6292dca,0.047591,0.047591,,
588050e9-1173-409a-8260-1be87edeb48d,-2.337290,-2.337290,,
2a3e8cd7-e493-4023-b90a-5c09a7d930dd,0.053465,0.053465,0.054024,
38efe357-3a24-4714-a51b-bd305ef0a67f,0.149694,0.149694,0.162373,
dd2b5791-1cb7-4239-94a1-a5cd3a1745b0,0.061920,0.058388,0.058388,
71558256-1a5a-4e41-9dcc-006c5aade7eb,0.055912,0.055912,0.056053,
103f9e81-07a1-4d0e-932a-bb726078fa2f,0.053855,0.053855,0.054083,
27379ca8-ab61-42dd-b83b-ed8c26fced2a,0.060379,0.060379,0.063377,
5c1893ff-26f6-47d2-951e-fd9e58617754,0.066588,0.066588,0.066769,
8245013f-5178-47e8-b385-35ab440cd40c,0.137167,0.137167,,
4f5012e8-d003-419f-895f-e5793149a174,0.055266,0.055266,0.056800,
b871bd07-3583-4470-865a-f08d5a454bd6,0.060470,0.060470,0.084073,
fefc30ee-be39-44e4-98e4-18d7f799a7d9,0.084400,0.084400,1.070364,
9260f110-984e-471a-87db-de4d3f464793,0.052264,0.052264,0.052382,
cefd1103-424e-41ca-81f2-070f5ac91fe4,0.119960,0.119960,1.999802,
eee2c369-6afc-4f87-ba13-ab4df39f9ea3,0.041382,0.041382,0.122407,
399c0192-3aa5-4d06-87ce-8461f2e86b55,0.056960,0.056960,0.057733,
5f47d834-503b-47dc-be35-1e5a3862d32e,0.047148,0.047148,,
d7e61325-61b2-4427-99d6-7bc18321a10a,0.046225,0.046225,0.087713,
79de96d1-2f83-4f19-bfa4-2419334d62cc,0.063423,0.060534,0.060534,
bd65eb42-af19-4d8f-a824-11bae5190615,0.056896,0.056896,0.057156,
0af3c7a3-b24e-4564-98e5-886077e7c930,0.054236,0.054236,0.062914,
8ac19f0a-45fa-4b15-bb4f-6fd11364425f,-0.347400,-0.360652,-0.360652,
412cd87a-e802-4382-8708-75a39a43fedc,0.057966,0.057966,0.058160,
3f7eb044-6c3a-4ec1-9070-00cbdecc5511,0.066036,0.066036,0.066362,
f759f334-0c81-4073-9dc8-76b7388776fb,0.076066,0.076066,0.083117,
6e23549e-5563-4b12-a56c-dd98a8d8bf06,0.042619,0.042619,,
ca738af8-df0e-47a7-a1be-3813205a06d9,0.088880,0.088880,,
ee3e64b9-2208-4e9d-8817-b70c5736f1f2,0.052622,0.052622,0.096513,
ec22a0fd-9bdb-454f-b2f5-c5519acc10b2,0.050944,0.050944,0.051330,
10c8d704-08b5-4ac4-8db6-818cc4746e75,0.057951,0.057951,0.060181,
34bd718f-98f7-41c5-8f1b-0f0d4206c88c,0.052051,0.052051,,
f668a0a0-352d-45b2-ad48-08acac3cc404,0.054850,0.054410,0.054410,
38b1b3a0-4fe6-4736-8664-da6a4a74f58a,0.075874,0.075874,0.087087,
4b7fb64d-2dd0-4cf5-97fc-d0490c08df9e,0.050627,0.050627,0.050996,
d4133c38-50b7-4c25-bbd0-8f7a883f9edc,0.039117,0.039117,0.233442,
9386682c-3e1b-4325-967e-f02c48075d48,-0.086357,-2.534361,-2.534361,
42e8f5ac-c8d7-4578-aca1-04f37c9d4807,0.047428,0.047428,0.049122,
1b04efa6-1609-476b-bf7f-f9c5b5ff0b77,0.060460,0.060393,0.060393,
e7a0606c-e17a-4b76-a158-165fd0f4edfe,-0.135964,-0.221790,-0.221790,
cc2a4fce-820b-4c7a-b7a6-4be3d5456ffa,-0.083504,-0.083504,,
957dc717-2000-4b5a-906f-c5979a069f02,0.054123,0.054123,0.055743,
d2f0ec32-e21c-40c7-8838-bec57c1b6ed3,0.062078,0.062078,0.139151,
9339118d-60a2-41bd-b0ad-8df897e3b007,0.063800,0.063800,0.064717,
903986cb-1835-42f3-8b17-a3adb0c65698,0.061450,0.061450,0.062158,
4e4a7e3d-e4f5-4b9d-ab11-e89792f73d07,0.064207,0.064207,0.103881,
ff68edcc-1fcc-4b5e-8332-394c10b3d01b,0.082179,0.082179,0.085527,
2d772900-2883-40d7-9737-22db8749781e,0.049416,0.049416,0.067579,
713d4cf7-2a2e-4f58-bd6b-df668d3f27fd,0.088880,0.088880,0.096056,
c604e4d0-5683-4a72-a13c-5ce8e7b68875,0.051274,0.051274,0.051999,
6e83e954-f015-413e-918c-a92d75da5c71,0.058533,0.056557,0.056557,
7e29f6ab-864b-4574-aa10-b64fa1f820ca,0.084375,0.084375,0.096908,
4ae90375-879d-40e7-8fea-393e71352996,0.061072,0.061072,,
fd81e25b-6678-4ad1-b1a9-02ec0ddd19a3,0.034022,0.033919,0.033919,
2fdd3e3b-fb72-4a36-8ee4-f0ae289d1414,0.092564,0.092564,1.710809,
33c11b57-85f2-46a5-854a-87dc8d63feb5,0.060894,0.060894,0.061438,
2d38fbde-47a2-45db-a77d-1d81bc7f8384,-0.523105,-1.071738,-1.071738,
8ed2f511-1e14-4785-8b03-fee6e940a759,0.062605,0.062605,0.063335,
66fea12a-8ef7-46ec-9356-e7bfbb03bedf,0.043316,0.043316,,
d6c7018b-1e67-4a44-a4e9-155ab3980560,-0.039017,-0.039017,,
8d7a8d6e-212f-4a65-93fc-16d1cc22e5c7,0.106872,0.106872,0.130999,
34155b4f-a37e-4b23-ae00-6c2e593a238f,0.057633,0.057633,0.057831,
8a3090ca-cb39-4897-9976-df9fc0b6f672,0.051629,0.051629,0.053109,
8aa9ef8b-fa00-4aee-a201-1154d7c85645,0.046601,0.046601,,
743a0cb0-346d-45cd-a565-976277d0e61c,0.055846,0.055846,0.056027,
3b568dd8-bf30-46f9-9d6c-1c3517e7e7e8,0.071860,0.071860,0.073385,
95b55c41-6621-414b-b130-e4aa1ca21424,0.075807,0.075807,0.751729,
f976367e-3b84-4ea7-8327-17d5f962949b,0.052529,0.052529,0.054374,
3693a084-de68-4d5f-8eed-80ed09d90f61,0.056742,0.056742,0.057760,
44f0373f-7b44-49bd-a089-0d32e2e35fa5,0.073325,0.073325,0.074474,
ef455425-a117-4757-96b2-e367a4110964,0.057242,0.057242,0.058419,
4334d8bb-af93-4710-b0c4-4a10587b00dd,0.073038,0.073038,0.074080,
5756ff40-07da-48a7-bd0c-5a5e6840322d,0.220466,0.220466,0.302924,
688d40d0-570e-4f33-ad6e-9338e1a7fd19,0.063567,0.063567,0.071416,
c2e031f2-f0ce-45b7-a851-be3d591233bc,-0.145084,-1.590890,-1.590890,
f66cb93c-463a-40c9-9c62-6efaf5321ded,0.121634,0.121634,0.315662,
0374f308-1d1b-4e04-aaf1-aa3cd7285c3b,-1.344298,-1.344298,,
36dc3471-6297-4bf1-96f0-d7aa93e3d3ee,0.060673,0.060673,0.124764,
81efa2af-2e3f-4f5d-a4e9-8cd62a0da324,0.055605,0.055605,,
e108df0b-fda0-4d88-905c-4e8c10a03fdc,0.052217,0.052217,0.052275,
14c7683b-d119-47a1-9554-1b37c6d40bcb,-0.239713,-2.915601,-2.915601,
05060d5a-65af-4839-a0ff-633a2cff43f2,0.095518,0.095518,0.108808,
e150861e-88c6-4b36-bccf-cecda51c8ad7,-0.089924,-1.241277,-1.241277,
42f37464-a0ed-4f3d-bf75-c6fb5d71dfa5,-0.084227,-1.063684,-1.063684,
d34689ec-74f0-44f0-bdb3-915a4f9f2b21,0.082859,0.082859,0.090228,
db106c1a-c2de-4647-9658-c81796fc0aa4,-0.085746,-1.212987,-1.212987,
ce71710c-66fa-4802-b51a-febdf34e398b,0.053108,0.053108,0.053264,
513459e7-82c2-43ae-a3c2-3d39ce98a5da,-0.173572,-1.497618,-1.497618,
3ea9783c-ca8d-44a1-9d47-4361612f888c,-0.268565,-0.268565,,
83cb9b3b-ae07-468a-a896-4180a41dadac,0.072090,0.065665,0.065665,
7834749c-fcc7-44d7-97de-6e9c86bead45,0.046715,0.046715,0.046974,
f51fddc4-36f7-4185-875a-341d8e7c4fa4,-0.046641,-1.325489,-1.325489,
fc077031-1701-4159-b7fb-7915708f225d,-0.041784,-0.773205,-0.773205,
02b4cec2-e892-4316-82f5-0ee12d3fe4fc,0.050379,0.050379,0.051689,
50e37790-be77-43b6-9a67-9fedbc15abcd,-0.085339,-1.921614,-1.921614,
477887a6-af25-4956-9bfc-58be9857f37b,-0.045568,-0.045568,,
93c6ceb9-154b-427d-9d52-fd211f2144ec,0.067789,0.067789,0.071809,
365a49e5-b40d-44c4-be62-e77676d6cfca,-0.041523,-0.658666,-0.658666,
c20a71a4-c990-41f5-8a80-c9a1bdb5e0ea,-0.630948,-0.721428,-0.721428,
c49547e4-f6d8-465b-a1bf-37e59de1beef,-0.043122,-1.094944,-1.094944,
b13ef00b-98dd-4c46-9b58-cc476a01fb73,-0.355955,-0.355955,,
aff912d4-c2a9-4259-bd5e-6850eb2994cc,0.049315,0.049315,0.321287,
00d29447-f499-4aff-8716-3cb835ee339d,-0.083727,-0.697603,-0.697603,
1cf5c695-f69d-4f1a-8a15-6ee83b4ed966,-0.142290,-1.108741,-1.108741,
73a11c1b-f3d9-46aa-8c88-147fba5ddd76,0.062260,0.057901,0.057901,
3b5457f9-da84-498b-906e-91f97b3db61b,-0.083847,-0.654432,-0.654432,
12920b90-a418-4658-b4e7-a72a7227fea1,0.057698,0.057698,,
b4ed4ef6-0d9e-40aa-bb00-324ccc3e9220,-0.146686,-1.317067,-1.317067,
724b287b-5528-4b9d-9065-534ec2877955,-0.147223,-1.456820,-1.456820,
48ada072-c7e0-437e-9f60-48ec32b87a4c,-0.041209,-0.041209,,
01540e94-6601-4165-adef-49b0e41d26b6,-0.046172,-1.614569,-1.614569,
313f3e26-ada8-4ad3-ba59-9262a320a1c6,-0.025335,-0.027153,-0.027153,
3b19e739-8b04-40b6-a6d1-83d83466f998,0.061096,0.061096,0.061103,
3b31620e-adb8-4e56-a7b8-cbe3b0eac7f4,0.047234,0.047234,0.048355,
ab35593d-02b8-477b-9490-5ce1ead0032d,-0.130018,-0.673177,-0.673177,
a46b49ed-bdb5-49a7-b9e8-5cf4b39195ec,-0.041387,-1.033330,-1.033330,
d3753578-d134-4fc4-a3a9-e3290ee65fdf,-0.362396,-0.362396,,
4103a5e0-d02c-44f8-8391-fe0896e425c0,-0.042026,-1.025390,-1.025390,
d328a299-728c-4b72-9c09-bc4f78adc371,-0.131465,-0.834304,-0.834304,
8d7965f4-6999-4fcd-b0b5-9ef7e09525ed,-0.082363,-0.612239,-0.612239,
35476cf5-ec4c-4262-8ac9-9d6d65a74d5d,-0.122981,-0.626823,-0.626823,
e665cecc-c496-45cf-8212-5b97c9f6e8e1,-0.192895,-0.879355,-0.879355,
0a1de781-7a70-4138-b1ac-52ba1cbe7ac6,-0.134311,-1.009365,-1.009365,
058bbc50-bb5d-48ac-af83-fa347696c738,0.006785,-0.312943,-0.312943,
4c450a02-8f33-4151-99df-dadf0cac322e,-0.213608,-1.455167,-1.455167,
542e95f6-6a7b-4604-b360-fd3750d66321,0.055049,0.055049,0.055207,
19c8ca35-5f51-454e-a874-ce18be659e0b,0.064341,0.064341,0.220476,
04642a23-72ca-4e2a-b505-3bc268041fa0,0.050051,0.050051,0.050109,
a9094eda-556b-4eaf-bdc3-5e80f8e396e1,-0.084742,-0.753569,-0.753569,
9a717b3b-fd9c-44aa-b4a0-a18f73ee7b92,-1.261182,-1.261182,,
a8ac59ee-26fe-4c30-85e4-05494b72b757,0.053005,0.053005,0.053131,
cf8c08c2-8008-422e-b4b6-9a5440f0d09d,0.049612,0.049612,0.245578,
f2cc2c38-eb1b-4736-b2ac-c426cbd26eaf,0.080200,0.051629,0.051629,
39cce068-1d70-41a6-8f5b-0a78cbc021b1,0.078786,0.078786,0.085732,
d2e07ca7-7fc8-47d5-98a9-72fb249ef524,0.053593,0.053593,0.054298,
3bb5e6c3-9e3f-4911-ac39-cef91ccf0899,0.060079,0.055580,0.055580,
5859945b-34ea-4d56-b92b-2cffcac728d5,0.125361,0.125361,0.261181,
5b44f7d4-8d2e-4d29-a0bd-0f12a92c51b9,0.063315,0.063315,0.063520,
cc2b647b-9249-48f9-99a5-569fd8ef7c1a,0.060108,0.060108,,
58773d08-1691-4f64-9961-c2481c44b770,0.071903,0.042191,,0.042191
e9f398b4-5f7e-45aa-9138-9f81af13939d,0.050438,0.050438,,
586a4137-4583-4fb4-a830-6b2c31516e89,-0.452950,-0.800648,,-0.800648
c1f13e12-28e4-4666-af9c-d23ca9fdf54a,0.087594,0.087594,,
90329b43-2d05-4876-96b9-7ba74bdcae2a,0.052717,0.052717,,
37d9a4fc-9438-44f9-b2ca-bc84ff68839a,0.073238,0.051778,,0.051778
f20637e2-968a-4b4c-b3cc-1333f2d857d0,0.052469,0.052469,,
5223283a-9d79-467d-995e-b834b31af82d,0.049757,0.049757,,
f0c3ee08-e957-4a4d-8263-c2b11c003250,-0.128002,-0.128002,,
434a4424-039f-4ab7-9c3d-2f81a255eb8f,-0.690724,-0.690724,,
79c9b851-56f4-48ba-b807-6dad385270d9,0.003572,0.003572,,0.425036
8e398336-6fba-4df6-b95e-2ffbc79f2d0d,0.000963,0.000963,,0.058009
5b2ce2b5-65cd-4901-9e44-bd881c4790f8,0.049410,0.049410,,
e474e121-8412-4a52-9725-1dc40e46b228,0.062885,0.062885,,
9c9a4825-6c26-407a-a3eb-71d6c16f74a4,0.050286,0.050286,,
28930446-315f-4ca2-b3aa-6acf96adbc8c,0.075428,0.075428,,
2e1f1580-2526-4094-ba1a-f859fb5fb89e,0.046938,0.046938,,
9ffe2410-ff92-4907-a807-788f93c7f77b,-0.157563,-0.157647,,-0.157647
a0a6dc85-1896-4b33-8295-e7141619499d,0.051307,0.051307,,0.053915
506e2b27-a78b-49b7-b49c-c6dfbb47abe3,0.094107,0.094107,,
05788b18-d216-45ce-b900-bee94f73853f,-0.468134,-0.834365,,-0.834365
536bcc8b-2c6a-4a06-a2f9-d22289b2725d,0.059381,0.059381,,
789bbf70-59f0-406e-95b3-002dd8152249,0.075362,0.075362,,
52184f94-73d0-4c68-ae50-74842e119901,0.058328,0.058328,,
f0b8a323-fd4a-46b4-ae75-be39a2496d0d,-0.243802,-0.651789,,-0.651789
ecef81e4-f5c8-40b7-82b4-1bf7ddc2d85f,0.056972,0.056972,,
a206635c-c5ee-443c-84ee-7d5d399a4789,-0.644543,-0.644543,,
5d5142a3-6c2c-46ee-8ff5-48ae25587f35,0.053671,0.053671,,0.089967
d2ab565e-dee9-4de4-bd3b-2c6f76fc1159,0.067294,0.067294,,
79c9ae24-55a9-4805-a445-573c49dba35b,0.046020,0.046020,,
f2f4d370-39ce-4a91-9147-b06608c5e33b,-0.534532,-0.534532,,
c54e5686-17f0-4740-855a-287946c0b0b4,0.053602,0.053602,,0.054683
854446b5-21f3-47a3-b16a-1d40982ef051,0.059238,0.059238,,
3cbb79f1-cf5b-4885-9bb3-a4f7e32dcf9c,0.052592,0.052592,,
0964443f-2187-4038-a51c-be355da1d268,0.059536,0.059536,,
519813f6-ed49-4c49-affe-fcfbd7aa82fd,-0.279386,-0.864138,,-0.864138
7f39ea04-cecd-4ea1-9b8e-1aca2786273f,-0.600397,-2.096184,,-2.096184
27e923f7-9d7a-496d-93e6-93a97087ad61,-0.883227,-0.883227,,
7b1f4f08-2cc8-441e-8ea1-c7f415374728,0.046924,0.046924,,
e1cd7389-2aea-4886-a159-7d3b2142e718,0.064344,0.064344,,
7be77c01-af8e-4731-a784-927b7629f3a0,-0.201452,-0.786751,,-0.786751
35042ae6-daba-4efa-8bd4-a94cf712649a,-0.456461,-0.456461,,
2deae269-fba5-4750-a052-21884fc1952c,0.069165,-0.038786,,-0.038786
cda7c5ed-12c0-4888-a3bf-00f1bfff3a5a,0.053582,0.053582,,
56228e6c-51b3-4022-9f26-fec3b1c6189d,-0.300463,-0.300463,,
69c748fc-419c-4f63-8f67-d18f086a67af,0.059644,0.059644,,
f91adf0d-0560-4da3-95f8-e5a374de9621,0.064207,0.064207,,
ef300418-6fdd-473e-97a5-76ab2901106f,0.053856,0.053856,,0.055973
5d3a3d22-f52b-44be-9917-552fd63b7109,0.053396,0.053396,,0.054582
2eeed137-1b0b-4503-b579-9fabdbf1bc61,0.041110,0.041110,,0.043921
4792016e-4694-4ec8-b022-7c823e6252c8,0.063134,0.063134,,
6d4fed72-72d8-4bd5-934e-5569fe25cc3c,-0.450977,-0.786794,,-0.786794
4f25ee77-4fb4-45c9-9ab9-9b81ff52e30c,-0.119935,-0.120116,,-0.120116
493ab4b7-d9ea-43d6-afd2-7fa29b39b66c,0.048535,0.048535,,
440aa218-819d-448c-a6ef-dfce6192aac8,-0.145570,-0.955023,,-0.955023
9cfb5e2c-10e9-4c21-9367-193958b9d2d2,0.049140,0.049140,,
62aa4662-95d2-45bc-ab81-7f622b7c135c,-0.280005,-0.939029,,-0.939029
c729767c-eb02-4cb5-af05-b24018ce4ec9,0.060213,0.060213,,
587b0b1d-c0fd-4515-9203-efbd82f8c9f4,0.040520,0.040520,,
cff63cda-23ba-4abd-af4b-f9f0a40052cf,0.001340,0.001340,,
f22edd5f-e6e1-4af6-bbde-f24a07d2dd37,0.048682,0.048682,,
7a13397c-ee77-4dd2-80cb-d144b54cf54d,0.058472,0.058472,,
98cb3c4c-9e2f-4eba-828a-dca65cbb18ad,-0.202448,-0.450030,,-0.450030
cc5685fb-dd33-42e6-8343-b4ef7330f3bf,0.009416,0.009416,,0.055577
c1c0e7ce-8c41-4cfc-92e8-c9795bedbb51,0.050661,0.050661,,
a2cca54d-2669-4ee8-bb7e-7eca03bf0acb,0.005039,0.005039,,0.052655
53339a6b-d3c9-4a37-929c-bb1d098cb1ce,-0.465912,-0.833329,,-0.833329
7c730742-adf8-4db6-a722-312f8fa3e086,0.064818,0.064818,,
20742670-654b-47b0-87fd-f40c8f8820c4,0.044800,0.044800,,
8f821da0-ce3e-40ea-8704-88e731bec411,0.058324,0.058324,,
3249a02a-29df-4f56-b148-79ef603b018d,0.000041,0.000041,,0.063319
ee37f288-9b0e-459b-bd51-84648ef3138f,-0.374888,-0.374888,,
e0da1c31-ac40-463e-8bae-006e31560b13,0.003438,0.003438,,0.057961
7f19841f-1591-4440-b425-3cc0778f167a,0.048886,0.048886,,
16a460d8-ae7a-4ebf-8709-c29b0a8d5bfc,0.078138,0.078138,,
f3684be9-0085-445f-8628-b648e5dbeaad,0.050161,0.050161,,
65399a47-b783-4dde-9ad5-4cf905b3c27b,-0.830280,-0.830280,,
3a42e372-86b9-4bd7-95a1-dbccc9e839c9,0.069713,0.069713,,
e8f520b5-5cb1-4779-abbc-91b63bfdfdcb,-0.381299,-0.381299,,
64e095e8-cbe7-4d84-86b7-389ec5ad9efe,-0.668020,-0.668020,,
20b77ed6-9648-46bf-abc6-ea3fc53c795f,0.022399,0.022399,,
c89975c6-94b8-4129-a328-c6544a3c2ee4,-0.369873,-0.639236,,-0.639236
d0be0600-4bcf-4d06-ac91-8efb7a7863c4,0.041665,0.041665,,
3ec9f0af-4422-43c6-97ea-8ecd8f68b394,0.052606,0.052606,,
71077a32-8eb7-43d9-b299-5a0b3fc5bcfc,-0.191677,-0.384845,,-0.384845
000a7084-3301-4904-9c58-235933ab41ee,0.055175,0.055175,,
64b87cbf-9d63-45fd-a2e5-a8fce8afb5a7,-0.591849,-0.591849,,
bd069848-6dba-43b9-aa89-aae52849a964,0.037997,0.037997,,
c54fb030-17d5-4157-9b75-e9077220c2b4,-0.670606,-0.670606,,
c421a8b1-648e-44bd-99fb-0af11bd463c2,-0.264096,-0.806078,,-0.806078
10950b1e-0003-4bcd-90b7-f4ac273142b5,-0.122976,-0.607744,,-0.607744
477fce58-0ec9-4d4f-858a-0097458012a4,-0.303641,-0.303641,,
1d24aee3-ad31-4afa-9ab1-fb1750492b05,0.245833,0.245833,,1.152973
caf40ec9-09a9-48e2-a6c3-43428b49d018,-0.690858,-0.690858,,
cb409488-62b3-4522-9e25-73ca2f044b53,0.057430,0.057430,,
fa60a02e-a7d1-486a-badf-e64a7741de49,-0.235379,-0.235379,,
5a068f19-3fd6-453b-81d7-4f7a231fadaf,-0.717311,-0.717311,,
5fb050d9-8991-4b48-98dc-1690fb58627b,-0.251316,-0.692297,,-0.692297
0b2e46b9-707f-4629-8438-187b16ee7921,-0.242633,-0.651553,,-0.651553
bce682ed-77ea-4551-9953-84ac47e5f7fb,-0.614004,-0.614004,,
c14be7be-ee4f-4a53-971e-49717378446e,-0.168693,-0.168693,,
e28d79f4-dfa1-48eb-be7d-84690c507727,-0.811160,-0.811160,,
0a30c388-ecaf-4f43-97bd-50dccb064d8d,0.029819,0.029819,,0.038542
afe03d0b-a9c8-4b14-b030-abff04e7b6e4,-0.251759,-0.692419,,-0.692419
0f5ec682-b478-4c01-a58b-0fcce308c705,0.058334,0.058334,,
8f73eb42-fe2c-40da-be96-bd534245d91d,-0.351587,-0.546090,,-0.546090
3ca7c4cd-b610-4dc1-8f64-96b39eb3684c,0.043624,0.043624,,
256a0a6a-0aff-4ae1-9c5e-bc87043be3f0,-0.598899,-0.598899,,
4ac1a4da-def9-4771-86ee-691591bdf2c4,-0.216672,-0.216672,,
61441c68-06a5-48dd-bc21-077043f399eb,-0.197785,-0.410868,,-0.410868
f0ecfbee-030c-4f45-bcc4-1dbe11960c7f,0.055340,0.055340,,
fc0197d5-f328-44ff-a858-c4ce9aae6493,-0.531358,-1.127205,,-1.127205
b0ad0adb-a0e3-43a0-9485-795c12c1db1a,-0.184916,-0.362596,,-0.362596
a9cf2e35-af02-4c48-80cb-2af8054cbc5b,-0.652156,-0.652156,,
9f983d57-b291-48ad-ac27-fe6e874d45b7,-0.118704,-0.118754,,-0.118754
997dbccb-5087-4fa0-8072-b15812ad56e4,-0.606556,-0.606556,,
b0f8a38c-a19e-4325-8e5b-89b5ad92a101,-0.469862,-0.836682,,-0.836682
c7e78c78-dfa6-4c66-8db0-5618173b3fb3,0.045932,0.045932,,
4820eb87-f533-47cf-b814-74f1eac27bcf,-0.847230,-0.847230,,
45a4b2a2-ed43-4421-b7b1-5a61039aaf04,-0.377289,-0.605532,,-0.605532
941e1d73-ceca-4196-848b-c79fad762175,-0.501021,-0.501021,,
e2a44a6b-f8ad-45e8-beab-718d11cc6066,-0.241731,-0.509138,,-0.509138
00823735-49de-4aa6-b52f-daee237c31c0,-0.182807,-0.182807,,
8438b362-e7f6-4c65-bd74-ba2f9d037a72,-0.889996,-0.889996,,
0ebb4030-b271-40f0-84bf-1024e4582994,-0.285378,-0.285378,,
892fbca4-5ac5-4c7e-b037-a9016917e9e1,-0.721732,-0.721732,,
31621e8f-c8e4-4a9b-afc3-98138838369e,-0.480171,-0.859512,,-0.859512
dd6a89f9-9024-46ea-b911-f4c959f17137,0.073307,0.052221,,0.052221
735649d5-c54e-4412-a816-82a3012e82be,0.035468,0.022965,,0.022965
7f8737ca-6c05-4ca8-b887-2793130f160d,0.040185,0.040185,,
2575086e-8b00-4f88-b3ff-c1a28c8a79f5,0.053990,0.053990,,0.056977
56cad8c8-4577-43f5-a053-1d4ef8ceef34,-0.282410,-0.282410,,
c5b97a8c-25e9-43f4-86a2-d41bf741fbfa,-0.235591,-0.638623,,-0.638623
5b827c2c-8ef5-43ae-b1e5-a81f78bb3fbe,0.045403,0.045403,,
cdc6d9a2-75dc-424f-93b4-15bdebe20d9c,0.049328,0.049328,,
59e6ceac-38dd-4fc5-b962-d1cd8e2a4cda,-0.353591,-0.353591,,
3d662f10-a8dc-4ca0-8cac-a7a67b1d33ef,-0.115486,-0.318776,,-0.318776
fe73d6ee-ca67-4652-baa5-ec9826e2d4ee,-0.397825,-0.666081,,-0.666081
5cd3d9f2-e7d7-43f8-8be7-14c360c6d566,-0.775973,-0.775973,,
2df409d3-8184-447a-afe6-f4422e91c0d5,0.054054,0.054054,,
114a1675-524a-43a3-af41-a24d82780149,-0.047424,-0.047424,,
5e605fb2-6405-41d8-9d95-1b0734d9d425,0.045403,0.045403,,
da40cb3c-aa6a-435d-8996-021692738a5e,-0.953836,-0.953836,,
9c9a0a48-7eca-442b-beee-ef3dd063e47d,-0.158536,-0.158536,,
3d11013f-64b9-4a0d-bbf5-ad6be5bb7dc5,0.047109,0.047109,,
6b17f606-bddf-44b9-bab6-7c1aa7b7a603,0.060246,0.060246,,
8480d1bb-18a8-4708-bbc5-0e04f61d1064,0.069322,0.069322,,
ddee30bd-01fa-46d6-88f8-9e4bddf65ad1,-0.357632,-0.565724,,-0.565724
84c9035c-5da1-4b08-a797-960a8170beed,0.044800,0.044800,,
d73c3eac-a44e-4e8f-8dfa-2a3749842c31,0.051736,0.051736,,
4bf76843-f6fa-494d-9d0c-b2e4a8912543,-0.845073,-0.845073,,
08ff0dbf-e322-4db6-ae32-eb104e68fd2c,-0.770140,-0.770140,,
41c605c3-0feb-4baa-b686-fe6b343cf8f1,-0.486822,-0.934217,,-0.934217
ece54a92-c99c-4bb0-9818-71d220076f1b,-0.633907,-0.633907,,
431c5103-9d2d-4f2a-b296-6e8a3240de7d,-0.441450,-0.441450,,
28ba31d2-e501-42ec-86e4-5b2fd4a275e9,0.063134,0.063134,,
e857eae1-630a-4f65-a7e6-5d8b4886d2fc,-0.727637,-0.727637,,
5b4ba3d3-18e9-4350-ae60-89e72d91a128,0.059517,-0.110112,,-0.110112
9c72577b-c5b0-4949-b02d-d75fc9d886e8,0.096590,0.096590,,1.022037
095b198f-e7fc-4d00-9e14-25ebd5befb2c,0.062821,-0.127503,,-0.127503
0b41ae13-4b0d-49f3-9f17-40926a93d7e4,-0.114293,-0.345186,,-0.345186
bbd787b1-bed7-48b6-b1ef-ec1b4193b138,0.000011,0.000011,,0.066342
c6695ed6-b946-40cf-a2a7-2dd413da963e,-0.576463,-0.576463,,
15392017-5a08-4c94-8965-d91e683c8c50,-0.064166,-0.064166,,
d5ee6d82-d80c-4095-b833-340c39849b1c,-0.687461,-0.687461,,
a7b43937-7635-4880-8169-5ca0609ca302,-0.991139,-0.991139,,
3205372a-878a-45c2-954c-33c9b619e611,-0.637542,-0.637542,,
f3940a3c-4333-4439-83d2-66cd6e2663d3,0.003942,0.003942,,
ef28f5b2-9a33-400d-acff-b4bda1ef3fd3,0.053343,0.053343,,0.055902
b8ea27fd-9a97-453a-a1c6-94d6b07c06cc,0.174614,0.174614,,
fa660572-1867-456d-9f6a-0bf869b77656,0.170102,0.170102,,
be5a15cd-295b-4bea-8c74-fdf723ff4a11,0.044226,0.001051,,0.001051
548a9a71-7d0c-41a5-82ed-f022b798a8e7,0.126976,0.126976,,
640315ed-0c3c-41e7-b875-12200786dc9c,0.058625,0.058625,,
561d6310-484d-45a9-b1ff-ec057abf6085,0.058972,0.058972,,
d62507b2-27b4-4dea-8ad5-e7d0b4e2a118,0.174614,0.174614,,
800dbffe-655b-499e-8ab6-074accdc220c,-0.736947,-0.736947,,
7bdd0cac-9116-4856-b6f1-166e5c6829f2,-0.350390,-0.350390,,
a3feeb60-652f-44be-8315-80f9befcd6a8,-0.692783,-0.692783,,
72509c7a-827b-49c0-8e9a-7184579fdb4d,-0.578912,-0.578912,,
e2d22ed9-244e-442a-a07f-8c8454abc443,0.070786,0.023090,,0.023090
f720b216-9a2f-4e9a-83a5-3686763d33cc,-0.278582,-0.884631,,-0.884631
3564c97f-2e80-43e3-aa37-6a6b70f9123a,0.090105,0.090105,,
af153c4e-4297-4fab-9425-7fb30964002f,-0.178035,-0.862583,,-0.862583
24f85d23-839b-4e86-81a7-39452ff855a0,-0.523801,-0.523801,,
c7dc1ad2-ae5f-4c81-be71-db0d7d059867,-0.385415,-0.935691,,-0.935691
3dc16f10-fb2a-4ebb-9352-22b477372005,0.052632,0.052632,,
54582d00-c1ff-400d-a64f-0e525398d882,-0.367302,-0.803660,,-0.803660
7dc4a4c6-87dc-4042-97d6-06ee5095569e,-0.571929,-0.571929,,
f09a3ad1-5ae5-40e1-9fd0-aa4aa17b78eb,-0.666240,-0.666240,,
126dfc2b-b5b7-423e-b73c-ef75f54b07f6,0.053500,0.053500,,0.054655
0011ca38-9938-496c-827b-ae843cc20c79,1.085883,1.085883,,
2b093cab-c26c-446e-83ab-1b82a0387bf7,-0.640116,-0.992008,,-0.992008
53986a64-d531-4c75-8974-9495e5aca1ba,-0.213104,-0.471181,,-0.471181
1f140646-cf4d-40a4-bbd5-ef75babcecd7,0.052830,0.052830,,
82e40343-cd92-4ad6-adb5-3d6a80d8662a,-0.174911,-1.106666,,-1.106666
0487c143-7ecf-43ad-89d1-c2c2fb57f1c5,-0.449740,-0.793195,,-0.793195
4c0b6d06-0040-4a6f-bc26-e2ee2e636355,-0.599015,-0.599015,,
6001ff16-c44a-4e77-99d3-be6b658cd238,0.054885,0.054885,,
2b96b870-ffdf-47ca-a06f-cd8200a5ea7f,0.054855,0.054855,,
0b0c037e-3851-4d4d-ba1c-781e481b181d,0.062118,0.062118,,
c539608c-8308-49f0-8272-a3eeec4f2a23,0.054251,0.054251,,0.056894
479b0803-cf93-4dff-bca9-8f698700b99f,0.060972,0.060972,,
fb16b03c-172e-49c6-b1f5-5dda7cd313ca,-0.392265,-0.392265,,
28cc0603-ad53-4be5-9115-d28510b42c52,0.063417,0.063417,,
5b077fe4-b019-4fcb-83de-f384c81f9e8b,-0.106419,-0.952521,,-0.952521
169f6c0a-d368-43be-b3f1-46d097056bae,-0.970512,-0.970512,,
704d5e45-bbe9-4ab6-940f-13e93bbfdace,-0.790246,-0.790246,,
e9601dd3-4fd3-464f-8445-17685ce74938,-0.225962,-0.374160,,-0.374160
954b44eb-040b-4ed9-9f40-ea2ec5d75268,0.061581,0.061581,,
aa7f0244-5bb8-46b1-a125-5da27223ba8d,-0.210361,-0.470541,,-0.470541
12166cff-f157-493e-9025-1b5323f1b98d,0.054314,0.054314,,
e6722f1a-feb5-46b2-8fb8-bc11cd7da33b,-0.492913,-0.996451,,-0.996451
bb1a7e52-09dd-48d8-a7be-ddee440a88f1,-0.278171,-0.898865,,-0.898865
4c2d3c99-1ff0-442a-bcb1-cf7dfd48219c,-0.409106,-0.409106,,
f6c36fe8-43b6-4961-8447-55d3df459da5,0.058301,0.058301,,
214c0d05-723e-4df7-a86b-c134b3596a10,0.047965,0.047965,,
0ebe1516-b8ce-42ca-850c-459746f18e20,-0.891650,-0.891650,,
8aeedc58-6632-4fb2-92af-f0a177f1dfa6,-0.408295,-0.408295,,
eded0eac-ff74-4522-97a6-5c029171a979,-0.147008,-0.658895,,-0.658895
528760e4-ba99-434b-ab2d-8d0696d237ed,0.050838,0.050838,,
3c26d8c3-0b60-4362-8e93-a0ab2b41b779,0.055035,0.055035,,
7025c709-fb20-486e-b643-7d6963702a22,0.063109,0.063109,,
98bc26b1-cb5f-4898-86b4-d3680f6da4c3,0.060697,0.060697,,
ed33d539-5e1b-4293-8c95-e800447da4cd,0.053144,0.053144,,0.055313
b2b0b92f-22eb-49f7-9fd1-75629c989749,-0.495296,-0.495296,,
ccfac356-b79f-4e93-b8a4-1288a6d5c14c,0.052899,0.052899,,0.054614
5abf4ad7-7782-4710-bd6d-9ad463ae083e,-0.547087,-0.547087,,
6b8ff169-bc12-4314-bff3-a95b6c2d61d3,0.218360,0.218360,,
8ccd2dd7-b587-4c15-94da-015f50d6ff86,0.053089,0.053089,0.065753,0.055487
8be6143a-af37-4cd8-bdc6-224a79d1e4f0,0.053225,0.053225,0.068476,0.068476
27442770-4186-4c83-b6a4-0425a63d2ae9,0.054528,0.054528,1.082409,0.066642
8cc13437-61e4-45ee-ad90-ae64495a7250,0.052915,0.039469,0.053899,0.039469
2f4febb2-e80a-416c-9e78-a5aa1ecdfb16,0.077775,0.050534,,0.050534
a7ef5d5e-2849-49ea-87a3-a6fa308e5b08,0.063579,0.063579,,
6e316461-2a33-4dc5-9b78-6d366fd9210c,-0.033282,-1.734547,-1.734547,-1.734547
26dc7e28-170a-4ce5-9208-e80d442dc3ab,0.051638,0.051638,0.072908,0.065840
e8392673-8589-4831-978e-07ff51106e88,-0.300190,-0.300190,,
29cbf090-b9d0-4630-a1d2-06e9cfe42397,-0.334959,-1.558671,-1.558671,-1.558671
5931ac13-39ef-44b5-9c34-47c33ea88f58,0.031092,0.031092,,
102793bd-ddd0-4ac2-a2c3-e64a74d108ac,0.048797,0.048797,,
7d08eccb-bb5e-47f3-bc7d-2f6b14bb50da,0.049648,0.049648,0.057504,
25eb5aed-bd12-468d-bbaf-94ef10048c28,0.000999,0.000999,0.063329,0.063329
bbd8791a-c292-4f43-a7c9-48e5450afc74,0.082229,0.082229,0.139429,0.139429
88072753-efa7-41a9-a7fa-d404ea21c5d2,-0.559442,-0.559442,,
74dba398-fb72-4139-87fc-4eb8607f475b,-0.001507,-0.001507,,
f76908f8-ba4f-41d8-adaa-81c69e073588,-0.754291,-0.754291,,
4f9f8d22-bf18-4ff4-9832-8e74ed157377,0.119731,0.119731,0.879323,
4105685a-0d29-4494-a756-f90235aa3c56,0.052907,0.052907,0.152525,0.062116
76f6d946-ed7f-4c65-8314-b79a165e2f9a,0.041988,0.041988,,
1ee732d0-33cc-44dc-bcd5-ab34405462b9,0.077002,0.077002,0.098489,0.123695
a3da4b43-7da9-4f8f-b35b-f103ea4d8cf8,0.281413,0.281413,,
ac22a1f0-2ad9-488a-b488-970b2726db0a,-3.237237,-3.237237,,
dc093cc6-bfc1-4a1d-a211-3cf660182337,0.053282,0.053282,0.068944,0.068944
d3babf49-ccd2-4279-a670-72e7299b8053,-0.288377,-0.288377,,
28a06e6d-18ed-4d2d-a40a-0f982448cdd9,0.048728,0.048728,0.163745,0.095293
f7084fa2-c3d8-47c9-a6b4-6536c1ba2edf,0.053482,0.053482,0.059437,0.056262
059a232d-44c0-4e99-8e1c-5f4f3f3bfc96,0.063053,0.063053,0.119282,0.119282
e04e992d-00bb-4504-ab1e-ba7dd7bd4dd8,0.053034,0.053034,0.232358,0.231449
a5970d56-8ace-42b8-9145-503a1507e596,0.065266,0.065266,0.130438,0.130438
c7cc8f02-0475-4304-8289-5866bf77c4f1,0.085568,0.085568,0.086131,
fc305ca9-244f-4e56-aa22-8cb41f49b21e,0.042847,0.042847,0.165322,0.165322
4244c98f-016c-451e-a8c3-03a44a9565ca,0.054565,0.054565,0.054999,0.912593
084bbba6-5129-46e3-95fb-4788e300cbc4,0.054176,0.054176,,
c0175d67-de1f-4e90-b54a-3c082eb5fa99,0.057366,0.057366,,
8d62ecfe-d106-452a-9b15-d01df43f46fe,0.051688,0.051688,0.215842,0.215842
99bec16c-5c8c-4223-a306-c0851b52fcbe,0.072741,0.072741,0.896356,
84d03ce3-d09d-40d5-9a1d-98187513b22f,0.035176,0.035176,0.035233,0.053502
1a50c14a-a0e8-4496-8ca6-baf3b54cb0b9,0.051267,0.051267,0.211986,0.211986
bcc86d84-b78e-4745-964a-b3da0fcb2c46,-0.077141,-1.333915,-1.333915,-1.333915
ecde09c8-c0a1-451b-a4e2-a5167fa3dac7,0.051133,0.051133,0.057641,
03568048-b65b-4320-bcfd-b4d8e4e3b897,0.056856,0.056856,,
48b58ede-d25e-4c82-b11e-7f86b6976b15,0.037895,0.037895,0.144059,0.144059
0b07d045-1bcd-4f64-b3fa-35fd8de65323,0.024748,-0.301945,,-0.301945
b2442be9-bbb6-4e5c-aad3-e39f8990644b,0.053008,0.053008,0.060760,0.055341
791ced2e-42ec-4666-83c4-8714f9564a97,0.041693,0.041693,,
a3b2b6dc-e22c-4c44-a6df-f9ecd8ab42b6,0.058256,0.056014,0.060680,0.056014
4af7f605-1455-4e4b-ac49-e4c0db364715,0.060986,0.060986,,
358f4f8c-9c93-4c45-9055-385e46baf4e2,-0.083450,-0.555988,-0.546198,-0.555988
ad566527-00b8-4cef-a3fd-bfb6aa43c4ef,0.069184,0.069184,0.131553,0.131553
a0c163de-a2ec-4447-8e48-2bee174043c9,-0.014015,-0.016616,-0.016616,
ee05287d-7e2a-4736-bde1-01eb6f50a0b4,0.055235,0.051949,0.057635,0.051949
679be85c-4136-4dff-9fb3-ddc7307bd5d3,0.050266,0.050266,0.051802,0.053947
aff6ea25-acaa-4e2d-a72a-26d9a6441d18,0.063101,0.063101,0.119539,0.119539
1b8cfea6-d08b-4d1f-a11f-54079775932a,0.081802,0.081802,0.085554,
37034bc6-63d3-47aa-9609-022b11c08d9d,0.042804,0.042804,0.282785,0.103438
be0b8912-94bc-4b41-92f0-5c70ed61e498,-0.499585,-0.738666,-0.738666,-0.738666
7099ca0f-1131-4281-a6d1-212b9299d2a2,0.014203,0.014203,0.064562,0.123352
d13db5c1-776e-4532-99bd-0119a709d915,0.026167,-0.359970,-0.359970,-0.359970
7f1a19be-925c-4893-98b5-41975848a9bd,0.059128,0.013995,0.060027,0.013995
c7a09712-f7f9-479c-8f40-aab7f6d77e7b,0.053294,0.053189,0.053189,0.053273
088b9a00-0548-4f7d-894e-281b89184a0c,0.090951,0.090951,0.396986,0.090951
